period,account_no,product_type,balance,rate_pa,total_cost_bagi_hasil,status
2024-01,AC02087,Giro Lembaga - Wadiah,13996.0,0.33,3.85,ACTIVE
2024-01,AC02102,Deposito Perorangan - Mudharabah,3522.62,3.9,11.45,ACTIVE
2024-01,AC02131,Tabungan Lembaga - Wadiah,4443.56,0.6,2.22,ACTIVE
2024-01,AC02143,Giro Lembaga - Wadiah,1908.83,0.43,0.68,ACTIVE
2024-01,AC02158,Giro Lembaga - Mudharabah,16768.51,2.07,28.93,ACTIVE
2024-01,AC02170,Tabungan Perorangan - Wadiah,12360.48,0.4,4.12,ACTIVE
2024-02,AC02025,Giro Lembaga - Wadiah,2550.62,0.3,0.64,ACTIVE
2024-02,AC02031,Deposito Lembaga - Mudharabah,3514.54,4.2,12.3,ACTIVE
2024-02,AC02036,Tabungan Lembaga - Wadiah,8950.56,0.67,5.0,ACTIVE
2024-02,AC02087,Giro Lembaga - Wadiah,8297.49,0.33,2.28,ACTIVE
2024-02,AC02102,Deposito Perorangan - Mudharabah,2088.38,3.9,6.79,ACTIVE
2024-02,AC02121,Deposito Perorangan - Mudharabah,6560.09,4.09,22.36,ACTIVE
2024-02,AC02131,Tabungan Lembaga - Wadiah,2634.35,0.6,1.32,ACTIVE
2024-02,AC02142,Tabungan Lembaga - Wadiah,1003.29,0.7,0.59,ACTIVE
2024-02,AC02143,Giro Lembaga - Wadiah,1131.65,0.43,0.41,ACTIVE
2024-02,AC02158,Giro Lembaga - Mudharabah,9941.16,2.07,17.15,ACTIVE
2024-02,AC02170,Tabungan Perorangan - Wadiah,7327.87,0.4,2.44,ACTIVE
2024-03,AC02025,Giro Lembaga - Wadiah,1734.71,0.3,0.43,ACTIVE
2024-03,AC02031,Deposito Lembaga - Mudharabah,2390.29,4.2,8.37,ACTIVE
2024-03,AC02034,Deposito Lembaga - Mudharabah,4684.42,4.37,17.06,ACTIVE
2024-03,AC02036,Tabungan Lembaga - Wadiah,6087.4,0.67,3.4,ACTIVE
2024-03,AC02039,Giro Lembaga - Wadiah,2939.85,0.44,1.08,ACTIVE
2024-03,AC02087,Giro Lembaga - Wadiah,5642.55,0.33,1.55,ACTIVE
2024-03,AC02102,Deposito Perorangan - Mudharabah,1420.16,3.9,4.62,ACTIVE
2024-03,AC02121,Deposito Perorangan - Mudharabah,4461.61,4.09,15.21,ACTIVE
2024-03,AC02131,Tabungan Lembaga - Wadiah,1791.44,0.6,0.9,ACTIVE
2024-03,AC02133,Tabungan Lembaga - Wadiah,4950.71,0.76,3.14,ACTIVE
2024-03,AC02142,Tabungan Lembaga - Wadiah,682.35,0.7,0.4,ACTIVE
2024-03,AC02143,Giro Lembaga - Wadiah,769.56,0.43,0.28,ACTIVE
2024-03,AC02158,Giro Lembaga - Mudharabah,6760.31,2.07,11.66,ACTIVE
2024-03,AC02159,Giro Lembaga - Mudharabah,4893.63,2.11,8.6,ACTIVE
2024-03,AC02161,Tabungan Lembaga - Mudharabah,807.83,2.58,1.74,ACTIVE
2024-03,AC02170,Tabungan Perorangan - Wadiah,4983.18,0.4,1.66,ACTIVE
2024-04,AC02025,Giro Lembaga - Wadiah,1448.54,0.3,0.36,ACTIVE
2024-04,AC02031,Deposito Lembaga - Mudharabah,1995.96,4.2,6.99,ACTIVE
2024-04,AC02034,Deposito Lembaga - Mudharabah,3912.11,4.37,14.25,ACTIVE
2024-04,AC02036,Tabungan Lembaga - Wadiah,5083.16,0.67,2.84,ACTIVE
2024-04,AC02039,Giro Lembaga - Wadiah,2455.17,0.44,0.9,ACTIVE
2024-04,AC02045,Giro Lembaga - Wadiah,3199.21,0.44,1.17,ACTIVE
2024-04,AC02087,Giro Lembaga - Wadiah,4711.15,0.33,1.3,ACTIVE
2024-04,AC02102,Deposito Perorangan - Mudharabah,1185.74,3.9,3.85,ACTIVE
2024-04,AC02121,Deposito Perorangan - Mudharabah,3725.58,4.09,12.7,ACTIVE
2024-04,AC02124,Tabungan Lembaga - Mudharabah,4184.47,2.72,9.48,ACTIVE
2024-04,AC02131,Tabungan Lembaga - Wadiah,1495.73,0.6,0.75,ACTIVE
2024-04,AC02133,Tabungan Lembaga - Wadiah,4134.5,0.76,2.62,ACTIVE
2024-04,AC02142,Tabungan Lembaga - Wadiah,569.78,0.7,0.33,ACTIVE
2024-04,AC02143,Giro Lembaga - Wadiah,642.53,0.43,0.23,ACTIVE
2024-04,AC02155,Giro Lembaga - Wadiah,2689.9,0.31,0.69,ACTIVE
2024-04,AC02158,Giro Lembaga - Mudharabah,5644.38,2.07,9.74,ACTIVE
2024-04,AC02159,Giro Lembaga - Mudharabah,4086.82,2.11,7.19,ACTIVE
2024-04,AC02161,Tabungan Lembaga - Mudharabah,674.65,2.58,1.45,ACTIVE
2024-04,AC02170,Tabungan Perorangan - Wadiah,4160.62,0.4,1.39,ACTIVE
2024-05,AC02025,Giro Lembaga - Wadiah,1070.56,0.3,0.27,ACTIVE
2024-05,AC02031,Deposito Lembaga - Mudharabah,1475.14,4.2,5.16,ACTIVE
2024-05,AC02034,Deposito Lembaga - Mudharabah,2891.63,4.37,10.53,ACTIVE
2024-05,AC02036,Tabungan Lembaga - Wadiah,3756.77,0.67,2.1,ACTIVE
2024-05,AC02039,Giro Lembaga - Wadiah,1814.73,0.44,0.67,ACTIVE
2024-05,AC02045,Giro Lembaga - Wadiah,2364.98,0.44,0.87,ACTIVE
2024-05,AC02049,Tabungan Perorangan - Mudharabah,1097.43,2.53,2.31,ACTIVE
2024-05,AC02058,Giro Lembaga - Mudharabah,2434.18,1.96,3.98,ACTIVE
2024-05,AC02075,Tabungan Perorangan - Mudharabah,4038.86,2.43,8.18,ACTIVE
2024-05,AC02087,Giro Lembaga - Wadiah,3481.42,0.33,0.96,ACTIVE
2024-05,AC02102,Deposito Perorangan - Mudharabah,876.23,3.9,2.85,ACTIVE
2024-05,AC02121,Deposito Perorangan - Mudharabah,2753.43,4.09,9.38,ACTIVE
2024-05,AC02124,Tabungan Lembaga - Mudharabah,3093.32,2.72,7.01,ACTIVE
2024-05,AC02130,Deposito Perorangan - Mudharabah,2517.06,3.98,8.35,ACTIVE
2024-05,AC02131,Tabungan Lembaga - Wadiah,1105.31,0.6,0.55,ACTIVE
2024-05,AC02133,Tabungan Lembaga - Wadiah,3056.01,0.76,1.94,ACTIVE
2024-05,AC02142,Tabungan Lembaga - Wadiah,421.11,0.7,0.25,ACTIVE
2024-05,AC02143,Giro Lembaga - Wadiah,474.81,0.43,0.17,ACTIVE
2024-05,AC02146,Giro Lembaga - Wadiah,1200.41,0.3,0.3,ACTIVE
2024-05,AC02149,Deposito Perorangan - Mudharabah,660.38,3.99,2.2,ACTIVE
2024-05,AC02152,Giro Perorangan - Wadiah,3662.69,0.37,1.13,ACTIVE
2024-05,AC02155,Giro Lembaga - Wadiah,1988.47,0.31,0.51,ACTIVE
2024-05,AC02158,Giro Lembaga - Mudharabah,4171.03,2.07,7.2,ACTIVE
2024-05,AC02159,Giro Lembaga - Mudharabah,3020.77,2.11,5.31,ACTIVE
2024-05,AC02161,Tabungan Lembaga - Mudharabah,498.67,2.58,1.07,ACTIVE
2024-05,AC02170,Tabungan Perorangan - Wadiah,3074.6,0.4,1.02,ACTIVE
2024-06,AC02025,Giro Lembaga - Wadiah,941.98,0.3,0.24,ACTIVE
2024-06,AC02031,Deposito Lembaga - Mudharabah,1297.97,4.2,4.54,ACTIVE
2024-06,AC02034,Deposito Lembaga - Mudharabah,2544.62,4.37,9.27,ACTIVE
2024-06,AC02036,Tabungan Lembaga - Wadiah,3305.56,0.67,1.85,ACTIVE
2024-06,AC02039,Giro Lembaga - Wadiah,1596.96,0.44,0.59,ACTIVE
2024-06,AC02045,Giro Lembaga - Wadiah,2081.42,0.44,0.76,ACTIVE
2024-06,AC02046,Deposito Perorangan - Mudharabah,3150.24,3.94,10.34,ACTIVE
2024-06,AC02049,Tabungan Perorangan - Mudharabah,965.96,2.53,2.04,ACTIVE
2024-06,AC02055,Giro Lembaga - Mudharabah,2101.39,2.02,3.54,ACTIVE
2024-06,AC02058,Giro Lembaga - Mudharabah,2142.58,1.96,3.5,ACTIVE
2024-06,AC02070,Tabungan Perorangan - Wadiah,561.55,0.57,0.27,ACTIVE
2024-06,AC02075,Tabungan Perorangan - Mudharabah,3555.03,2.43,7.2,ACTIVE
2024-06,AC02087,Giro Lembaga - Wadiah,3062.94,0.33,0.84,ACTIVE
2024-06,AC02102,Deposito Perorangan - Mudharabah,770.9,3.9,2.51,ACTIVE
2024-06,AC02121,Deposito Perorangan - Mudharabah,2422.73,4.09,8.26,ACTIVE
2024-06,AC02124,Tabungan Lembaga - Mudharabah,2722.43,2.72,6.17,ACTIVE
2024-06,AC02130,Deposito Perorangan - Mudharabah,2215.53,3.98,7.35,ACTIVE
2024-06,AC02131,Tabungan Lembaga - Wadiah,972.45,0.6,0.49,ACTIVE
2024-06,AC02133,Tabungan Lembaga - Wadiah,2689.27,0.76,1.7,ACTIVE
2024-06,AC02142,Tabungan Lembaga - Wadiah,370.53,0.7,0.22,ACTIVE
2024-06,AC02143,Giro Lembaga - Wadiah,417.74,0.43,0.15,ACTIVE
2024-06,AC02144,Giro Perorangan - Wadiah,2026.61,0.1,0.17,ACTIVE
2024-06,AC02146,Giro Lembaga - Wadiah,1056.61,0.3,0.26,ACTIVE
2024-06,AC02149,Deposito Perorangan - Mudharabah,581.27,3.99,1.93,ACTIVE
2024-06,AC02152,Giro Perorangan - Wadiah,3223.93,0.37,0.99,ACTIVE
2024-06,AC02155,Giro Lembaga - Wadiah,1750.05,0.31,0.45,ACTIVE
2024-06,AC02158,Giro Lembaga - Mudharabah,3669.66,2.07,6.33,ACTIVE
2024-06,AC02159,Giro Lembaga - Mudharabah,2658.26,2.11,4.67,ACTIVE
2024-06,AC02161,Tabungan Lembaga - Mudharabah,438.82,2.58,0.94,ACTIVE
2024-06,AC02170,Tabungan Perorangan - Wadiah,2705.01,0.4,0.9,ACTIVE
2024-07,AC02025,Giro Lembaga - Wadiah,849.95,0.3,0.21,ACTIVE
2024-07,AC02031,Deposito Lembaga - Mudharabah,1171.15,4.2,4.1,ACTIVE
2024-07,AC02034,Deposito Lembaga - Mudharabah,2296.27,4.37,8.36,ACTIVE
2024-07,AC02036,Tabungan Lembaga - Wadiah,2982.6,0.67,1.67,ACTIVE
2024-07,AC02039,Giro Lembaga - Wadiah,1441.1,0.44,0.53,ACTIVE
2024-07,AC02045,Giro Lembaga - Wadiah,1878.49,0.44,0.69,ACTIVE
2024-07,AC02046,Deposito Perorangan - Mudharabah,2843.79,3.94,9.34,ACTIVE
2024-07,AC02049,Tabungan Perorangan - Mudharabah,871.89,2.53,1.84,ACTIVE
2024-07,AC02055,Giro Lembaga - Mudharabah,1896.97,2.02,3.19,ACTIVE
2024-07,AC02058,Giro Lembaga - Mudharabah,1933.92,1.96,3.16,ACTIVE
2024-07,AC02070,Tabungan Perorangan - Wadiah,506.92,0.57,0.24,ACTIVE
2024-07,AC02075,Tabungan Perorangan - Mudharabah,3208.81,2.43,6.5,ACTIVE
2024-07,AC02087,Giro Lembaga - Wadiah,2763.38,0.33,0.76,ACTIVE
2024-07,AC02102,Deposito Perorangan - Mudharabah,695.51,3.9,2.26,ACTIVE
2024-07,AC02115,Tabungan Perorangan - Wadiah,1923.48,0.52,0.83,ACTIVE
2024-07,AC02121,Deposito Perorangan - Mudharabah,2186.02,4.09,7.45,ACTIVE
2024-07,AC02123,Tabungan Perorangan - Mudharabah,2419.63,2.41,4.86,ACTIVE
2024-07,AC02124,Tabungan Lembaga - Mudharabah,2457.01,2.72,5.57,ACTIVE
2024-07,AC02130,Deposito Perorangan - Mudharabah,1999.76,3.98,6.63,ACTIVE
2024-07,AC02131,Tabungan Lembaga - Wadiah,877.34,0.6,0.44,ACTIVE
2024-07,AC02133,Tabungan Lembaga - Wadiah,2426.8,0.76,1.54,ACTIVE
2024-07,AC02142,Tabungan Lembaga - Wadiah,334.33,0.7,0.2,ACTIVE
2024-07,AC02143,Giro Lembaga - Wadiah,376.88,0.43,0.14,ACTIVE
2024-07,AC02144,Giro Perorangan - Wadiah,1829.46,0.1,0.15,ACTIVE
2024-07,AC02146,Giro Lembaga - Wadiah,953.71,0.3,0.24,ACTIVE
2024-07,AC02149,Deposito Perorangan - Mudharabah,524.66,3.99,1.74,ACTIVE
2024-07,AC02152,Giro Perorangan - Wadiah,2909.95,0.37,0.9,ACTIVE
2024-07,AC02155,Giro Lembaga - Wadiah,1579.43,0.31,0.41,ACTIVE
2024-07,AC02158,Giro Lembaga - Mudharabah,3310.78,2.07,5.71,ACTIVE
2024-07,AC02159,Giro Lembaga - Mudharabah,2398.82,2.11,4.22,ACTIVE
2024-07,AC02161,Tabungan Lembaga - Mudharabah,395.99,2.58,0.85,ACTIVE
2024-07,AC02170,Tabungan Perorangan - Wadiah,2440.46,0.4,0.81,ACTIVE
2024-07,AC02171,Tabungan Perorangan - Mudharabah,2314.74,2.46,4.75,ACTIVE
2024-08,AC02025,Giro Lembaga - Wadiah,699.4,0.3,0.17,ACTIVE
2024-08,AC02031,Deposito Lembaga - Mudharabah,963.71,4.2,3.37,ACTIVE
2024-08,AC02034,Deposito Lembaga - Mudharabah,1889.75,4.37,6.88,ACTIVE
2024-08,AC02036,Tabungan Lembaga - Wadiah,2454.3,0.67,1.37,ACTIVE
2024-08,AC02039,Giro Lembaga - Wadiah,1185.97,0.44,0.43,ACTIVE
2024-08,AC02045,Giro Lembaga - Wadiah,1546.1,0.44,0.57,ACTIVE
2024-08,AC02046,Deposito Perorangan - Mudharabah,2341.15,3.94,7.69,ACTIVE
2024-08,AC02049,Tabungan Perorangan - Mudharabah,717.7,2.53,1.51,ACTIVE
2024-08,AC02050,Tabungan Perorangan - Mudharabah,2538.93,2.41,5.1,ACTIVE
2024-08,AC02055,Giro Lembaga - Mudharabah,1561.68,2.02,2.63,ACTIVE
2024-08,AC02058,Giro Lembaga - Mudharabah,1591.91,1.96,2.6,ACTIVE
2024-08,AC02070,Tabungan Perorangan - Wadiah,417.32,0.57,0.2,ACTIVE
2024-08,AC02072,Tabungan Perorangan - Wadiah,1653.06,0.46,0.63,ACTIVE
2024-08,AC02075,Tabungan Perorangan - Mudharabah,2641.34,2.43,5.35,ACTIVE
2024-08,AC02087,Giro Lembaga - Wadiah,2273.66,0.33,0.63,ACTIVE
2024-08,AC02102,Deposito Perorangan - Mudharabah,572.25,3.9,1.86,ACTIVE
2024-08,AC02112,Tabungan Perorangan - Mudharabah,677.94,2.5,1.41,ACTIVE
2024-08,AC02115,Tabungan Perorangan - Wadiah,1583.69,0.52,0.69,ACTIVE
2024-08,AC02121,Deposito Perorangan - Mudharabah,1798.82,4.09,6.13,ACTIVE
2024-08,AC02123,Tabungan Perorangan - Mudharabah,1992.2,2.41,4.0,ACTIVE
2024-08,AC02124,Tabungan Lembaga - Mudharabah,2022.26,2.72,4.58,ACTIVE
2024-08,AC02127,Giro Lembaga - Wadiah,2347.04,0.24,0.47,ACTIVE
2024-08,AC02130,Deposito Perorangan - Mudharabah,1646.11,3.98,5.46,ACTIVE
2024-08,AC02131,Tabungan Lembaga - Wadiah,721.86,0.6,0.36,ACTIVE
2024-08,AC02132,Giro Lembaga - Wadiah,2443.0,0.37,0.75,ACTIVE
2024-08,AC02133,Tabungan Lembaga - Wadiah,1997.17,0.76,1.26,ACTIVE
2024-08,AC02142,Tabungan Lembaga - Wadiah,275.11,0.7,0.16,ACTIVE
2024-08,AC02143,Giro Lembaga - Wadiah,310.09,0.43,0.11,ACTIVE
2024-08,AC02144,Giro Perorangan - Wadiah,1506.1,0.1,0.13,ACTIVE
2024-08,AC02146,Giro Lembaga - Wadiah,785.05,0.3,0.2,ACTIVE
2024-08,AC02149,Deposito Perorangan - Mudharabah,431.87,3.99,1.44,ACTIVE
2024-08,AC02152,Giro Perorangan - Wadiah,2395.34,0.37,0.74,ACTIVE
2024-08,AC02155,Giro Lembaga - Wadiah,1299.96,0.31,0.34,ACTIVE
2024-08,AC02158,Giro Lembaga - Mudharabah,2724.07,2.07,4.7,ACTIVE
2024-08,AC02159,Giro Lembaga - Mudharabah,1974.14,2.11,3.47,ACTIVE
2024-08,AC02161,Tabungan Lembaga - Mudharabah,325.89,2.58,0.7,ACTIVE
2024-08,AC02165,Tabungan Lembaga - Wadiah,1780.25,0.75,1.11,ACTIVE
2024-08,AC02170,Tabungan Perorangan - Wadiah,2007.97,0.4,0.67,ACTIVE
2024-08,AC02171,Tabungan Perorangan - Mudharabah,1905.84,2.46,3.91,ACTIVE
2024-09,AC02025,Giro Lembaga - Wadiah,690.86,0.3,0.17,ACTIVE
2024-09,AC02031,Deposito Lembaga - Mudharabah,951.95,4.2,3.33,ACTIVE
2024-09,AC02034,Deposito Lembaga - Mudharabah,1866.89,4.37,6.8,ACTIVE
2024-09,AC02036,Tabungan Lembaga - Wadiah,2424.36,0.67,1.35,ACTIVE
2024-09,AC02039,Giro Lembaga - Wadiah,1171.63,0.44,0.43,ACTIVE
2024-09,AC02045,Giro Lembaga - Wadiah,1527.58,0.44,0.56,ACTIVE
2024-09,AC02046,Deposito Perorangan - Mudharabah,2313.63,3.94,7.6,ACTIVE
2024-09,AC02049,Tabungan Perorangan - Mudharabah,709.18,2.53,1.5,ACTIVE
2024-09,AC02050,Tabungan Perorangan - Mudharabah,2509.68,2.41,5.04,ACTIVE
2024-09,AC02055,Giro Lembaga - Mudharabah,1543.32,2.02,2.6,ACTIVE
2024-09,AC02058,Giro Lembaga - Mudharabah,1573.01,1.96,2.57,ACTIVE
2024-09,AC02070,Tabungan Perorangan - Wadiah,412.42,0.57,0.2,ACTIVE
2024-09,AC02072,Tabungan Perorangan - Wadiah,1634.01,0.46,0.63,ACTIVE
2024-09,AC02075,Tabungan Perorangan - Mudharabah,2609.98,2.43,5.29,ACTIVE
2024-09,AC02087,Giro Lembaga - Wadiah,2245.69,0.33,0.62,ACTIVE
2024-09,AC02094,Giro Lembaga - Wadiah,318.95,0.22,0.06,ACTIVE
2024-09,AC02102,Deposito Perorangan - Mudharabah,565.21,3.9,1.84,ACTIVE
2024-09,AC02112,Tabungan Perorangan - Mudharabah,670.13,2.5,1.4,ACTIVE
2024-09,AC02113,Giro Perorangan - Wadiah,1395.34,0.24,0.28,ACTIVE
2024-09,AC02115,Tabungan Perorangan - Wadiah,1565.26,0.52,0.68,ACTIVE
2024-09,AC02121,Deposito Perorangan - Mudharabah,1776.87,4.09,6.06,ACTIVE
2024-09,AC02123,Tabungan Perorangan - Mudharabah,1969.01,2.41,3.95,ACTIVE
2024-09,AC02124,Tabungan Lembaga - Mudharabah,1998.02,2.72,4.53,ACTIVE
2024-09,AC02127,Giro Lembaga - Wadiah,2320.0,0.24,0.46,ACTIVE
2024-09,AC02130,Deposito Perorangan - Mudharabah,1626.57,3.98,5.39,ACTIVE
2024-09,AC02131,Tabungan Lembaga - Wadiah,712.98,0.6,0.36,ACTIVE
2024-09,AC02132,Giro Lembaga - Wadiah,2414.85,0.37,0.74,ACTIVE
2024-09,AC02133,Tabungan Lembaga - Wadiah,1973.02,0.76,1.25,ACTIVE
2024-09,AC02142,Tabungan Lembaga - Wadiah,271.75,0.7,0.16,ACTIVE
2024-09,AC02143,Giro Lembaga - Wadiah,306.28,0.43,0.11,ACTIVE
2024-09,AC02144,Giro Perorangan - Wadiah,1488.4,0.1,0.12,ACTIVE
2024-09,AC02146,Giro Lembaga - Wadiah,775.73,0.3,0.19,ACTIVE
2024-09,AC02149,Deposito Perorangan - Mudharabah,426.75,3.99,1.42,ACTIVE
2024-09,AC02152,Giro Perorangan - Wadiah,2366.9,0.37,0.73,ACTIVE
2024-09,AC02155,Giro Lembaga - Wadiah,1284.39,0.31,0.33,ACTIVE
2024-09,AC02158,Giro Lembaga - Mudharabah,2690.53,2.07,4.64,ACTIVE
2024-09,AC02159,Giro Lembaga - Mudharabah,1950.27,2.11,3.43,ACTIVE
2024-09,AC02161,Tabungan Lembaga - Mudharabah,321.95,2.58,0.69,ACTIVE
2024-09,AC02165,Tabungan Lembaga - Wadiah,1759.74,0.75,1.1,ACTIVE
2024-09,AC02170,Tabungan Perorangan - Wadiah,1983.26,0.4,0.66,ACTIVE
2024-09,AC02171,Tabungan Perorangan - Mudharabah,1883.65,2.46,3.86,ACTIVE
2024-10,AC02025,Giro Lembaga - Wadiah,612.91,0.3,0.15,ACTIVE
2024-10,AC02031,Deposito Lembaga - Mudharabah,844.54,4.2,2.96,ACTIVE
2024-10,AC02034,Deposito Lembaga - Mudharabah,1656.42,4.37,6.03,ACTIVE
2024-10,AC02036,Tabungan Lembaga - Wadiah,2150.8,0.67,1.2,ACTIVE
2024-10,AC02038,Tabungan Perorangan - Mudharabah,2146.22,2.37,4.24,ACTIVE
2024-10,AC02039,Giro Lembaga - Wadiah,1039.54,0.44,0.38,ACTIVE
2024-10,AC02045,Giro Lembaga - Wadiah,1355.5,0.44,0.5,ACTIVE
2024-10,AC02046,Deposito Perorangan - Mudharabah,2053.47,3.94,6.74,ACTIVE
2024-10,AC02049,Tabungan Perorangan - Mudharabah,629.36,2.53,1.33,ACTIVE
2024-10,AC02050,Tabungan Perorangan - Mudharabah,2228.0,2.41,4.47,ACTIVE
2024-10,AC02055,Giro Lembaga - Mudharabah,1369.77,2.02,2.31,ACTIVE
2024-10,AC02058,Giro Lembaga - Mudharabah,1395.97,1.96,2.28,ACTIVE
2024-10,AC02070,Tabungan Perorangan - Wadiah,366.04,0.57,0.17,ACTIVE
2024-10,AC02072,Tabungan Perorangan - Wadiah,1450.61,0.46,0.56,ACTIVE
2024-10,AC02075,Tabungan Perorangan - Mudharabah,2316.24,2.43,4.69,ACTIVE
2024-10,AC02087,Giro Lembaga - Wadiah,1992.08,0.33,0.55,ACTIVE
2024-10,AC02088,Tabungan Lembaga - Mudharabah,991.58,2.73,2.26,ACTIVE
2024-10,AC02094,Giro Lembaga - Wadiah,283.19,0.22,0.05,ACTIVE
2024-10,AC02102,Deposito Perorangan - Mudharabah,501.38,3.9,1.63,ACTIVE
2024-10,AC02104,Giro Lembaga - Wadiah,1923.1,0.2,0.32,ACTIVE
2024-10,AC02112,Tabungan Perorangan - Mudharabah,594.91,2.5,1.24,ACTIVE
2024-10,AC02113,Giro Perorangan - Wadiah,1238.87,0.24,0.25,ACTIVE
2024-10,AC02115,Tabungan Perorangan - Wadiah,1389.41,0.52,0.6,ACTIVE
2024-10,AC02121,Deposito Perorangan - Mudharabah,1576.38,4.09,5.37,ACTIVE
2024-10,AC02123,Tabungan Perorangan - Mudharabah,1747.8,2.41,3.51,ACTIVE
2024-10,AC02124,Tabungan Lembaga - Mudharabah,1772.95,2.72,4.02,ACTIVE
2024-10,AC02127,Giro Lembaga - Wadiah,2059.61,0.24,0.41,ACTIVE
2024-10,AC02130,Deposito Perorangan - Mudharabah,1443.5,3.98,4.79,ACTIVE
2024-10,AC02131,Tabungan Lembaga - Wadiah,632.46,0.6,0.32,ACTIVE
2024-10,AC02132,Giro Lembaga - Wadiah,2143.81,0.37,0.66,ACTIVE
2024-10,AC02133,Tabungan Lembaga - Wadiah,1750.58,0.76,1.11,ACTIVE
2024-10,AC02134,Tabungan Perorangan - Wadiah,1927.69,0.51,0.82,ACTIVE
2024-10,AC02142,Tabungan Lembaga - Wadiah,241.09,0.7,0.14,ACTIVE
2024-10,AC02143,Giro Lembaga - Wadiah,271.69,0.43,0.1,ACTIVE
2024-10,AC02144,Giro Perorangan - Wadiah,1321.03,0.1,0.11,ACTIVE
2024-10,AC02146,Giro Lembaga - Wadiah,688.42,0.3,0.17,ACTIVE
2024-10,AC02149,Deposito Perorangan - Mudharabah,378.72,3.99,1.26,ACTIVE
2024-10,AC02151,Giro Lembaga - Mudharabah,877.83,2.07,1.51,ACTIVE
2024-10,AC02152,Giro Perorangan - Wadiah,2100.51,0.37,0.65,ACTIVE
2024-10,AC02155,Giro Lembaga - Wadiah,1139.71,0.31,0.29,ACTIVE
2024-10,AC02158,Giro Lembaga - Mudharabah,2386.71,2.07,4.12,ACTIVE
2024-10,AC02159,Giro Lembaga - Mudharabah,1730.39,2.11,3.04,ACTIVE
2024-10,AC02161,Tabungan Lembaga - Mudharabah,285.65,2.58,0.61,ACTIVE
2024-10,AC02165,Tabungan Lembaga - Wadiah,1562.23,0.75,0.98,ACTIVE
2024-10,AC02170,Tabungan Perorangan - Wadiah,1759.3,0.4,0.59,ACTIVE
2024-10,AC02171,Tabungan Perorangan - Mudharabah,1672.03,2.46,3.43,ACTIVE
2024-11,AC02025,Giro Lembaga - Wadiah,554.87,0.3,0.14,ACTIVE
2024-11,AC02027,Deposito Lembaga - Mudharabah,1353.08,4.21,4.75,ACTIVE
2024-11,AC02031,Deposito Lembaga - Mudharabah,764.57,4.2,2.68,ACTIVE
2024-11,AC02034,Deposito Lembaga - Mudharabah,1499.72,4.37,5.46,ACTIVE
2024-11,AC02036,Tabungan Lembaga - Wadiah,1947.13,0.67,1.09,ACTIVE
2024-11,AC02038,Tabungan Perorangan - Mudharabah,1944.73,2.37,3.84,ACTIVE
2024-11,AC02039,Giro Lembaga - Wadiah,941.2,0.44,0.35,ACTIVE
2024-11,AC02045,Giro Lembaga - Wadiah,1227.4,0.44,0.45,ACTIVE
2024-11,AC02046,Deposito Perorangan - Mudharabah,1859.81,3.94,6.11,ACTIVE
2024-11,AC02049,Tabungan Perorangan - Mudharabah,569.95,2.53,1.2,ACTIVE
2024-11,AC02050,Tabungan Perorangan - Mudharabah,2018.35,2.41,4.05,ACTIVE
2024-11,AC02053,Tabungan Perorangan - Wadiah,970.55,0.47,0.38,ACTIVE
2024-11,AC02055,Giro Lembaga - Mudharabah,1240.6,2.02,2.09,ACTIVE
2024-11,AC02058,Giro Lembaga - Mudharabah,1264.18,1.96,2.06,ACTIVE
2024-11,AC02070,Tabungan Perorangan - Wadiah,331.52,0.57,0.16,ACTIVE
2024-11,AC02072,Tabungan Perorangan - Wadiah,1314.11,0.46,0.5,ACTIVE
2024-11,AC02075,Tabungan Perorangan - Mudharabah,2097.57,2.43,4.25,ACTIVE
2024-11,AC02087,Giro Lembaga - Wadiah,1803.26,0.33,0.5,ACTIVE
2024-11,AC02088,Tabungan Lembaga - Mudharabah,898.49,2.73,2.04,ACTIVE
2024-11,AC02094,Giro Lembaga - Wadiah,256.57,0.22,0.05,ACTIVE
2024-11,AC02096,Tabungan Perorangan - Mudharabah,424.18,2.57,0.91,ACTIVE
2024-11,AC02102,Deposito Perorangan - Mudharabah,453.86,3.9,1.48,ACTIVE
2024-11,AC02104,Giro Lembaga - Wadiah,1742.56,0.2,0.29,ACTIVE
2024-11,AC02112,Tabungan Perorangan - Mudharabah,538.93,2.5,1.12,ACTIVE
2024-11,AC02113,Giro Perorangan - Wadiah,1122.43,0.24,0.22,ACTIVE
2024-11,AC02115,Tabungan Perorangan - Wadiah,1258.52,0.52,0.55,ACTIVE
2024-11,AC02121,Deposito Perorangan - Mudharabah,1427.1,4.09,4.86,ACTIVE
2024-11,AC02123,Tabungan Perorangan - Mudharabah,1583.16,2.41,3.18,ACTIVE
2024-11,AC02124,Tabungan Lembaga - Mudharabah,1605.4,2.72,3.64,ACTIVE
2024-11,AC02127,Giro Lembaga - Wadiah,1865.8,0.24,0.37,ACTIVE
2024-11,AC02130,Deposito Perorangan - Mudharabah,1307.23,3.98,4.34,ACTIVE
2024-11,AC02131,Tabungan Lembaga - Wadiah,572.51,0.6,0.29,ACTIVE
2024-11,AC02132,Giro Lembaga - Wadiah,1942.08,0.37,0.6,ACTIVE
2024-11,AC02133,Tabungan Lembaga - Wadiah,1584.97,0.76,1.0,ACTIVE
2024-11,AC02134,Tabungan Perorangan - Wadiah,1746.71,0.51,0.74,ACTIVE
2024-11,AC02135,Giro Lembaga - Wadiah,1328.89,0.2,0.22,ACTIVE
2024-11,AC02136,Tabungan Perorangan - Mudharabah,714.41,2.46,1.46,ACTIVE
2024-11,AC02142,Tabungan Lembaga - Wadiah,218.26,0.7,0.13,ACTIVE
2024-11,AC02143,Giro Lembaga - Wadiah,245.94,0.43,0.09,ACTIVE
2024-11,AC02144,Giro Perorangan - Wadiah,1196.45,0.1,0.1,ACTIVE
2024-11,AC02146,Giro Lembaga - Wadiah,623.43,0.3,0.16,ACTIVE
2024-11,AC02149,Deposito Perorangan - Mudharabah,342.96,3.99,1.14,ACTIVE
2024-11,AC02151,Giro Lembaga - Mudharabah,795.42,2.07,1.37,ACTIVE
2024-11,AC02152,Giro Perorangan - Wadiah,1902.21,0.37,0.59,ACTIVE
2024-11,AC02155,Giro Lembaga - Wadiah,1032.0,0.31,0.27,ACTIVE
2024-11,AC02156,Tabungan Perorangan - Wadiah,1392.86,0.47,0.55,ACTIVE
2024-11,AC02157,Tabungan Lembaga - Wadiah,665.98,0.68,0.38,ACTIVE
2024-11,AC02158,Giro Lembaga - Mudharabah,2160.47,2.07,3.73,ACTIVE
2024-11,AC02159,Giro Lembaga - Mudharabah,1566.7,2.11,2.75,ACTIVE
2024-11,AC02161,Tabungan Lembaga - Mudharabah,258.63,2.58,0.56,ACTIVE
2024-11,AC02165,Tabungan Lembaga - Wadiah,1415.23,0.75,0.88,ACTIVE
2024-11,AC02170,Tabungan Perorangan - Wadiah,1592.54,0.4,0.53,ACTIVE
2024-11,AC02171,Tabungan Perorangan - Mudharabah,1514.52,2.46,3.1,ACTIVE
2024-12,AC02024,Tabungan Perorangan - Wadiah,1852.65,0.57,0.88,ACTIVE
2024-12,AC02025,Giro Lembaga - Wadiah,523.39,0.3,0.13,ACTIVE
2024-12,AC02026,Deposito Perorangan - Mudharabah,280.36,4.14,0.97,ACTIVE
2024-12,AC02027,Deposito Lembaga - Mudharabah,1277.6,4.21,4.48,ACTIVE
2024-12,AC02031,Deposito Lembaga - Mudharabah,721.19,4.2,2.52,ACTIVE
2024-12,AC02034,Deposito Lembaga - Mudharabah,1414.79,4.37,5.15,ACTIVE
2024-12,AC02036,Tabungan Lembaga - Wadiah,1836.68,0.67,1.03,ACTIVE
2024-12,AC02038,Tabungan Perorangan - Mudharabah,1836.02,2.37,3.63,ACTIVE
2024-12,AC02043,Giro Perorangan - Wadiah,236.57,0.12,0.02,ACTIVE
2024-12,AC02045,Giro Lembaga - Wadiah,1158.01,0.44,0.42,ACTIVE
2024-12,AC02046,Deposito Perorangan - Mudharabah,1755.05,3.94,5.76,ACTIVE
2024-12,AC02049,Tabungan Perorangan - Mudharabah,537.78,2.53,1.13,ACTIVE
2024-12,AC02050,Tabungan Perorangan - Mudharabah,1905.08,2.41,3.83,ACTIVE
2024-12,AC02053,Tabungan Perorangan - Wadiah,916.41,0.47,0.36,ACTIVE
2024-12,AC02055,Giro Lembaga - Mudharabah,1170.71,2.02,1.97,ACTIVE
2024-12,AC02058,Giro Lembaga - Mudharabah,1192.84,1.96,1.95,ACTIVE
2024-12,AC02070,Tabungan Perorangan - Wadiah,312.85,0.57,0.15,ACTIVE
2024-12,AC02072,Tabungan Perorangan - Wadiah,1240.36,0.46,0.48,ACTIVE
2024-12,AC02075,Tabungan Perorangan - Mudharabah,1979.2,2.43,4.01,ACTIVE
2024-12,AC02087,Giro Lembaga - Wadiah,1700.79,0.33,0.47,ACTIVE
2024-12,AC02088,Tabungan Lembaga - Mudharabah,848.26,2.73,1.93,ACTIVE
2024-12,AC02090,Tabungan Perorangan - Mudharabah,1800.2,2.4,3.6,ACTIVE
2024-12,AC02094,Giro Lembaga - Wadiah,242.2,0.22,0.04,ACTIVE
2024-12,AC02096,Tabungan Perorangan - Mudharabah,400.52,2.57,0.86,ACTIVE
2024-12,AC02102,Deposito Perorangan - Mudharabah,428.07,3.9,1.39,ACTIVE
2024-12,AC02104,Giro Lembaga - Wadiah,1645.15,0.2,0.27,ACTIVE
2024-12,AC02112,Tabungan Perorangan - Mudharabah,508.69,2.5,1.06,ACTIVE
2024-12,AC02113,Giro Perorangan - Wadiah,1059.56,0.24,0.21,ACTIVE
2024-12,AC02115,Tabungan Perorangan - Wadiah,1187.76,0.52,0.51,ACTIVE
2024-12,AC02121,Deposito Perorangan - Mudharabah,1346.15,4.09,4.59,ACTIVE
2024-12,AC02123,Tabungan Perorangan - Mudharabah,1494.14,2.41,3.0,ACTIVE
2024-12,AC02124,Tabungan Lembaga - Mudharabah,1514.64,2.72,3.43,ACTIVE
2024-12,AC02127,Giro Lembaga - Wadiah,1761.09,0.24,0.35,ACTIVE
2024-12,AC02128,Deposito Perorangan - Mudharabah,1265.98,4.08,4.3,ACTIVE
2024-12,AC02130,Deposito Perorangan - Mudharabah,1233.46,3.98,4.09,ACTIVE
2024-12,AC02131,Tabungan Lembaga - Wadiah,539.98,0.6,0.27,ACTIVE
2024-12,AC02132,Giro Lembaga - Wadiah,1833.09,0.37,0.57,ACTIVE
2024-12,AC02133,Tabungan Lembaga - Wadiah,1495.21,0.76,0.95,ACTIVE
2024-12,AC02134,Tabungan Perorangan - Wadiah,1649.08,0.51,0.7,ACTIVE
2024-12,AC02135,Giro Lembaga - Wadiah,1254.76,0.2,0.21,ACTIVE
2024-12,AC02136,Tabungan Perorangan - Mudharabah,674.56,2.46,1.38,ACTIVE
2024-12,AC02142,Tabungan Lembaga - Wadiah,205.88,0.7,0.12,ACTIVE
2024-12,AC02143,Giro Lembaga - Wadiah,231.96,0.43,0.08,ACTIVE
2024-12,AC02144,Giro Perorangan - Wadiah,1129.05,0.1,0.09,ACTIVE
2024-12,AC02146,Giro Lembaga - Wadiah,588.25,0.3,0.15,ACTIVE
2024-12,AC02149,Deposito Perorangan - Mudharabah,323.61,3.99,1.08,ACTIVE
2024-12,AC02151,Giro Lembaga - Mudharabah,750.96,2.07,1.3,ACTIVE
2024-12,AC02152,Giro Perorangan - Wadiah,1794.86,0.37,0.55,ACTIVE
2024-12,AC02155,Giro Lembaga - Wadiah,973.66,0.31,0.25,ACTIVE
2024-12,AC02156,Tabungan Perorangan - Wadiah,1315.16,0.47,0.52,ACTIVE
2024-12,AC02157,Tabungan Lembaga - Wadiah,628.83,0.68,0.36,ACTIVE
2024-12,AC02158,Giro Lembaga - Mudharabah,2037.72,2.07,3.52,ACTIVE
2024-12,AC02159,Giro Lembaga - Mudharabah,1477.97,2.11,2.6,ACTIVE
2024-12,AC02161,Tabungan Lembaga - Mudharabah,243.98,2.58,0.52,ACTIVE
2024-12,AC02165,Tabungan Lembaga - Wadiah,1335.81,0.75,0.83,ACTIVE
2024-12,AC02170,Tabungan Perorangan - Wadiah,1502.05,0.4,0.5,ACTIVE
2024-12,AC02171,Tabungan Perorangan - Mudharabah,1429.37,2.46,2.93,ACTIVE
2025-01,AC02024,Tabungan Perorangan - Wadiah,1729.41,0.57,0.82,ACTIVE
2025-01,AC02025,Giro Lembaga - Wadiah,488.04,0.3,0.12,ACTIVE
2025-01,AC02026,Deposito Perorangan - Mudharabah,261.71,4.14,0.9,ACTIVE
2025-01,AC02027,Deposito Lembaga - Mudharabah,1192.47,4.21,4.18,ACTIVE
2025-01,AC02031,Deposito Lembaga - Mudharabah,672.48,4.2,2.35,ACTIVE
2025-01,AC02034,Deposito Lembaga - Mudharabah,1319.36,4.37,4.8,ACTIVE
2025-01,AC02036,Tabungan Lembaga - Wadiah,1712.62,0.67,0.96,ACTIVE
2025-01,AC02038,Tabungan Perorangan - Mudharabah,1713.48,2.37,3.38,ACTIVE
2025-01,AC02043,Giro Perorangan - Wadiah,220.84,0.12,0.02,ACTIVE
2025-01,AC02045,Giro Lembaga - Wadiah,1080.01,0.44,0.4,ACTIVE
2025-01,AC02046,Deposito Perorangan - Mudharabah,1637.18,3.94,5.38,ACTIVE
2025-01,AC02049,Tabungan Perorangan - Mudharabah,501.61,2.53,1.06,ACTIVE
2025-01,AC02050,Tabungan Perorangan - Mudharabah,1777.52,2.41,3.57,ACTIVE
2025-01,AC02053,Tabungan Perorangan - Wadiah,855.35,0.47,0.34,ACTIVE
2025-01,AC02055,Giro Lembaga - Mudharabah,1092.09,2.02,1.84,ACTIVE
2025-01,AC02058,Giro Lembaga - Mudharabah,1112.61,1.96,1.82,ACTIVE
2025-01,AC02070,Tabungan Perorangan - Wadiah,291.84,0.57,0.14,ACTIVE
2025-01,AC02071,Tabungan Lembaga - Wadiah,1358.88,0.53,0.6,ACTIVE
2025-01,AC02072,Tabungan Perorangan - Wadiah,1157.31,0.46,0.44,ACTIVE
2025-01,AC02075,Tabungan Perorangan - Mudharabah,1846.08,2.43,3.74,ACTIVE
2025-01,AC02087,Giro Lembaga - Wadiah,1585.76,0.33,0.44,ACTIVE
2025-01,AC02088,Tabungan Lembaga - Mudharabah,791.65,2.73,1.8,ACTIVE
2025-01,AC02090,Tabungan Perorangan - Mudharabah,1680.45,2.4,3.36,ACTIVE
2025-01,AC02094,Giro Lembaga - Wadiah,226.01,0.22,0.04,ACTIVE
2025-01,AC02096,Tabungan Perorangan - Mudharabah,373.83,2.57,0.8,ACTIVE
2025-01,AC02102,Deposito Perorangan - Mudharabah,399.12,3.9,1.3,ACTIVE
2025-01,AC02104,Giro Lembaga - Wadiah,1535.35,0.2,0.26,ACTIVE
2025-01,AC02106,Tabungan Lembaga - Wadiah,1524.55,0.59,0.75,ACTIVE
2025-01,AC02112,Tabungan Perorangan - Mudharabah,474.63,2.5,0.99,ACTIVE
2025-01,AC02113,Giro Perorangan - Wadiah,988.73,0.24,0.2,ACTIVE
2025-01,AC02115,Tabungan Perorangan - Wadiah,1108.11,0.52,0.48,ACTIVE
2025-01,AC02116,Giro Perorangan - Wadiah,436.99,0.39,0.14,ACTIVE
2025-01,AC02121,Deposito Perorangan - Mudharabah,1255.22,4.09,4.28,ACTIVE
2025-01,AC02123,Tabungan Perorangan - Mudharabah,1393.95,2.41,2.8,ACTIVE
2025-01,AC02124,Tabungan Lembaga - Mudharabah,1412.62,2.72,3.2,ACTIVE
2025-01,AC02127,Giro Lembaga - Wadiah,1643.18,0.24,0.33,ACTIVE
2025-01,AC02128,Deposito Perorangan - Mudharabah,1181.77,4.08,4.02,ACTIVE
2025-01,AC02130,Deposito Perorangan - Mudharabah,1150.49,3.98,3.82,ACTIVE
2025-01,AC02131,Tabungan Lembaga - Wadiah,503.46,0.6,0.25,ACTIVE
2025-01,AC02132,Giro Lembaga - Wadiah,1710.36,0.37,0.53,ACTIVE
2025-01,AC02133,Tabungan Lembaga - Wadiah,1394.36,0.76,0.88,ACTIVE
2025-01,AC02134,Tabungan Perorangan - Wadiah,1539.01,0.51,0.65,ACTIVE
2025-01,AC02135,Giro Lembaga - Wadiah,1171.15,0.2,0.2,ACTIVE
2025-01,AC02136,Tabungan Perorangan - Mudharabah,629.61,2.46,1.29,ACTIVE
2025-01,AC02138,Tabungan Perorangan - Mudharabah,1117.62,2.4,2.24,ACTIVE
2025-01,AC02142,Tabungan Lembaga - Wadiah,191.97,0.7,0.11,ACTIVE
2025-01,AC02143,Giro Lembaga - Wadiah,216.27,0.43,0.08,ACTIVE
2025-01,AC02144,Giro Perorangan - Wadiah,1053.22,0.1,0.09,ACTIVE
2025-01,AC02146,Giro Lembaga - Wadiah,548.68,0.3,0.14,ACTIVE
2025-01,AC02149,Deposito Perorangan - Mudharabah,301.84,3.99,1.0,ACTIVE
2025-01,AC02151,Giro Lembaga - Mudharabah,700.84,2.07,1.21,ACTIVE
2025-01,AC02152,Giro Perorangan - Wadiah,1674.14,0.37,0.52,ACTIVE
2025-01,AC02154,Giro Perorangan - Wadiah,355.63,0.17,0.05,ACTIVE
2025-01,AC02155,Giro Lembaga - Wadiah,908.07,0.31,0.23,ACTIVE
2025-01,AC02156,Tabungan Perorangan - Wadiah,1227.53,0.47,0.48,ACTIVE
2025-01,AC02157,Tabungan Lembaga - Wadiah,586.93,0.68,0.33,ACTIVE
2025-01,AC02158,Giro Lembaga - Mudharabah,1899.88,2.07,3.28,ACTIVE
2025-01,AC02159,Giro Lembaga - Mudharabah,1378.28,2.11,2.42,ACTIVE
2025-01,AC02161,Tabungan Lembaga - Mudharabah,227.52,2.58,0.49,ACTIVE
2025-01,AC02165,Tabungan Lembaga - Wadiah,1246.37,0.75,0.78,ACTIVE
2025-01,AC02170,Tabungan Perorangan - Wadiah,1400.45,0.4,0.47,ACTIVE
2025-01,AC02171,Tabungan Perorangan - Mudharabah,1333.51,2.46,2.73,ACTIVE
2025-02,AC02024,Tabungan Perorangan - Wadiah,1681.25,0.57,0.8,ACTIVE
2025-02,AC02025,Giro Lembaga - Wadiah,473.94,0.3,0.12,ACTIVE
2025-02,AC02026,Deposito Perorangan - Mudharabah,254.42,4.14,0.88,ACTIVE
2025-02,AC02027,Deposito Lembaga - Mudharabah,1159.12,4.21,4.07,ACTIVE
2025-02,AC02031,Deposito Lembaga - Mudharabah,653.05,4.2,2.29,ACTIVE
2025-02,AC02034,Deposito Lembaga - Mudharabah,1281.36,4.37,4.67,ACTIVE
2025-02,AC02036,Tabungan Lembaga - Wadiah,1663.13,0.67,0.93,ACTIVE
2025-02,AC02038,Tabungan Perorangan - Mudharabah,1665.37,2.37,3.29,ACTIVE
2025-02,AC02043,Giro Perorangan - Wadiah,214.69,0.12,0.02,ACTIVE
2025-02,AC02045,Giro Lembaga - Wadiah,1049.01,0.44,0.38,ACTIVE
2025-02,AC02046,Deposito Perorangan - Mudharabah,1590.51,3.94,5.22,ACTIVE
2025-02,AC02049,Tabungan Perorangan - Mudharabah,487.26,2.53,1.03,ACTIVE
2025-02,AC02050,Tabungan Perorangan - Mudharabah,1727.23,2.41,3.47,ACTIVE
2025-02,AC02053,Tabungan Perorangan - Wadiah,831.43,0.47,0.33,ACTIVE
2025-02,AC02055,Giro Lembaga - Mudharabah,1060.96,2.02,1.79,ACTIVE
2025-02,AC02058,Giro Lembaga - Mudharabah,1080.78,1.96,1.77,ACTIVE
2025-02,AC02070,Tabungan Perorangan - Wadiah,283.52,0.57,0.13,ACTIVE
2025-02,AC02071,Tabungan Lembaga - Wadiah,1321.19,0.53,0.58,ACTIVE
2025-02,AC02072,Tabungan Perorangan - Wadiah,1124.57,0.46,0.43,ACTIVE
2025-02,AC02075,Tabungan Perorangan - Mudharabah,1793.27,2.43,3.63,ACTIVE
2025-02,AC02077,Giro Lembaga - Wadiah,933.33,0.4,0.31,ACTIVE
2025-02,AC02086,Deposito Lembaga - Mudharabah,400.73,4.36,1.46,ACTIVE
2025-02,AC02087,Giro Lembaga - Wadiah,1524.84,0.33,0.42,ACTIVE
2025-02,AC02088,Tabungan Lembaga - Mudharabah,769.42,2.73,1.75,ACTIVE
2025-02,AC02090,Tabungan Perorangan - Mudharabah,1633.65,2.4,3.27,ACTIVE
2025-02,AC02094,Giro Lembaga - Wadiah,219.64,0.22,0.04,ACTIVE
2025-02,AC02096,Tabungan Perorangan - Mudharabah,363.38,2.57,0.78,ACTIVE
2025-02,AC02102,Deposito Perorangan - Mudharabah,383.78,3.9,1.25,ACTIVE
2025-02,AC02104,Giro Lembaga - Wadiah,1492.24,0.2,0.25,ACTIVE
2025-02,AC02106,Tabungan Lembaga - Wadiah,1482.27,0.59,0.73,ACTIVE
2025-02,AC02112,Tabungan Perorangan - Mudharabah,461.2,2.5,0.96,ACTIVE
2025-02,AC02113,Giro Perorangan - Wadiah,960.86,0.24,0.19,ACTIVE
2025-02,AC02115,Tabungan Perorangan - Wadiah,1076.64,0.52,0.47,ACTIVE
2025-02,AC02116,Giro Perorangan - Wadiah,424.87,0.39,0.14,ACTIVE
2025-02,AC02121,Deposito Perorangan - Mudharabah,1218.95,4.09,4.15,ACTIVE
2025-02,AC02123,Tabungan Perorangan - Mudharabah,1354.35,2.41,2.72,ACTIVE
2025-02,AC02124,Tabungan Lembaga - Mudharabah,1372.07,2.72,3.11,ACTIVE
2025-02,AC02127,Giro Lembaga - Wadiah,1596.68,0.24,0.32,ACTIVE
2025-02,AC02128,Deposito Perorangan - Mudharabah,1148.85,4.08,3.91,ACTIVE
2025-02,AC02130,Deposito Perorangan - Mudharabah,1117.58,3.98,3.71,ACTIVE
2025-02,AC02131,Tabungan Lembaga - Wadiah,484.12,0.6,0.24,ACTIVE
2025-02,AC02132,Giro Lembaga - Wadiah,1661.96,0.37,0.51,ACTIVE
2025-02,AC02133,Tabungan Lembaga - Wadiah,1354.2,0.76,0.86,ACTIVE
2025-02,AC02134,Tabungan Perorangan - Wadiah,1495.8,0.51,0.64,ACTIVE
2025-02,AC02135,Giro Lembaga - Wadiah,1138.4,0.2,0.19,ACTIVE
2025-02,AC02136,Tabungan Perorangan - Mudharabah,612.0,2.46,1.25,ACTIVE
2025-02,AC02138,Tabungan Perorangan - Mudharabah,1086.62,2.4,2.17,ACTIVE
2025-02,AC02142,Tabungan Lembaga - Wadiah,186.42,0.7,0.11,ACTIVE
2025-02,AC02143,Giro Lembaga - Wadiah,207.96,0.43,0.07,ACTIVE
2025-02,AC02144,Giro Perorangan - Wadiah,1023.2,0.1,0.09,ACTIVE
2025-02,AC02146,Giro Lembaga - Wadiah,532.99,0.3,0.13,ACTIVE
2025-02,AC02147,Giro Perorangan - Mudharabah,598.03,1.95,0.97,ACTIVE
2025-02,AC02149,Deposito Perorangan - Mudharabah,293.21,3.99,0.97,ACTIVE
2025-02,AC02151,Giro Lembaga - Mudharabah,681.16,2.07,1.18,ACTIVE
2025-02,AC02152,Giro Perorangan - Wadiah,1626.25,0.37,0.5,ACTIVE
2025-02,AC02154,Giro Perorangan - Wadiah,345.76,0.17,0.05,ACTIVE
2025-02,AC02155,Giro Lembaga - Wadiah,882.01,0.31,0.23,ACTIVE
2025-02,AC02156,Tabungan Perorangan - Wadiah,1193.2,0.47,0.47,ACTIVE
2025-02,AC02157,Tabungan Lembaga - Wadiah,570.52,0.68,0.32,ACTIVE
2025-02,AC02158,Giro Lembaga - Mudharabah,1826.86,2.07,3.15,ACTIVE
2025-02,AC02159,Giro Lembaga - Mudharabah,1338.58,2.11,2.35,ACTIVE
2025-02,AC02161,Tabungan Lembaga - Mudharabah,220.97,2.58,0.48,ACTIVE
2025-02,AC02165,Tabungan Lembaga - Wadiah,1211.1,0.75,0.76,ACTIVE
2025-02,AC02170,Tabungan Perorangan - Wadiah,1346.65,0.4,0.45,ACTIVE
2025-02,AC02171,Tabungan Perorangan - Mudharabah,1295.64,2.46,2.66,ACTIVE
2025-03,AC02024,Tabungan Perorangan - Wadiah,1628.55,0.57,0.77,ACTIVE
2025-03,AC02025,Giro Lembaga - Wadiah,454.15,0.3,0.11,ACTIVE
2025-03,AC02026,Deposito Perorangan - Mudharabah,246.45,4.14,0.85,ACTIVE
2025-03,AC02027,Deposito Lembaga - Mudharabah,1122.66,4.21,3.94,ACTIVE
2025-03,AC02031,Deposito Lembaga - Mudharabah,625.78,4.2,2.19,ACTIVE
2025-03,AC02034,Deposito Lembaga - Mudharabah,1240.0,4.37,4.52,ACTIVE
2025-03,AC02036,Tabungan Lembaga - Wadiah,1593.68,0.67,0.89,ACTIVE
2025-03,AC02038,Tabungan Perorangan - Mudharabah,1612.8,2.37,3.19,ACTIVE
2025-03,AC02043,Giro Perorangan - Wadiah,207.96,0.12,0.02,ACTIVE
2025-03,AC02045,Giro Lembaga - Wadiah,1015.26,0.44,0.37,ACTIVE
2025-03,AC02046,Deposito Perorangan - Mudharabah,1539.64,3.94,5.06,ACTIVE
2025-03,AC02049,Tabungan Perorangan - Mudharabah,471.63,2.53,0.99,ACTIVE
2025-03,AC02050,Tabungan Perorangan - Mudharabah,1672.34,2.41,3.36,ACTIVE
2025-03,AC02052,Tabungan Perorangan - Mudharabah,1053.93,2.54,2.23,ACTIVE
2025-03,AC02053,Tabungan Perorangan - Wadiah,805.27,0.47,0.32,ACTIVE
2025-03,AC02055,Giro Lembaga - Mudharabah,1027.03,2.02,1.73,ACTIVE
2025-03,AC02058,Giro Lembaga - Mudharabah,1046.11,1.96,1.71,ACTIVE
2025-03,AC02070,Tabungan Perorangan - Wadiah,274.45,0.57,0.13,ACTIVE
2025-03,AC02071,Tabungan Lembaga - Wadiah,1279.93,0.53,0.57,ACTIVE
2025-03,AC02072,Tabungan Perorangan - Wadiah,1088.83,0.46,0.42,ACTIVE
2025-03,AC02075,Tabungan Perorangan - Mudharabah,1735.74,2.43,3.51,ACTIVE
2025-03,AC02077,Giro Lembaga - Wadiah,904.29,0.4,0.3,ACTIVE
2025-03,AC02086,Deposito Lembaga - Mudharabah,388.27,4.36,1.41,ACTIVE
2025-03,AC02087,Giro Lembaga - Wadiah,1461.16,0.33,0.4,ACTIVE
2025-03,AC02088,Tabungan Lembaga - Mudharabah,745.13,2.73,1.7,ACTIVE
2025-03,AC02090,Tabungan Perorangan - Mudharabah,1582.44,2.4,3.16,ACTIVE
2025-03,AC02094,Giro Lembaga - Wadiah,212.68,0.22,0.04,ACTIVE
2025-03,AC02095,Giro Lembaga - Mudharabah,1125.04,2.24,2.1,ACTIVE
2025-03,AC02096,Tabungan Perorangan - Mudharabah,351.95,2.57,0.75,ACTIVE
2025-03,AC02102,Deposito Perorangan - Mudharabah,367.76,3.9,1.2,ACTIVE
2025-03,AC02106,Tabungan Lembaga - Wadiah,1435.98,0.59,0.71,ACTIVE
2025-03,AC02112,Tabungan Perorangan - Mudharabah,446.54,2.5,0.93,ACTIVE
2025-03,AC02113,Giro Perorangan - Wadiah,930.43,0.24,0.19,ACTIVE
2025-03,AC02115,Tabungan Perorangan - Wadiah,1042.31,0.52,0.45,ACTIVE
2025-03,AC02116,Giro Perorangan - Wadiah,411.61,0.39,0.13,ACTIVE
2025-03,AC02121,Deposito Perorangan - Mudharabah,1168.04,4.09,3.98,ACTIVE
2025-03,AC02123,Tabungan Perorangan - Mudharabah,1311.18,2.41,2.63,ACTIVE
2025-03,AC02124,Tabungan Lembaga - Mudharabah,1327.92,2.72,3.01,ACTIVE
2025-03,AC02125,Tabungan Perorangan - Wadiah,1459.2,0.38,0.46,ACTIVE
2025-03,AC02127,Giro Lembaga - Wadiah,1545.94,0.24,0.31,ACTIVE
2025-03,AC02128,Deposito Perorangan - Mudharabah,1112.84,4.08,3.78,ACTIVE
2025-03,AC02130,Deposito Perorangan - Mudharabah,1081.73,3.98,3.59,ACTIVE
2025-03,AC02131,Tabungan Lembaga - Wadiah,463.9,0.6,0.23,ACTIVE
2025-03,AC02132,Giro Lembaga - Wadiah,1609.14,0.37,0.5,ACTIVE
2025-03,AC02133,Tabungan Lembaga - Wadiah,1310.49,0.76,0.83,ACTIVE
2025-03,AC02134,Tabungan Perorangan - Wadiah,1448.58,0.51,0.62,ACTIVE
2025-03,AC02135,Giro Lembaga - Wadiah,1102.59,0.2,0.18,ACTIVE
2025-03,AC02136,Tabungan Perorangan - Mudharabah,592.75,2.46,1.22,ACTIVE
2025-03,AC02138,Tabungan Perorangan - Mudharabah,1052.69,2.4,2.11,ACTIVE
2025-03,AC02142,Tabungan Lembaga - Wadiah,178.64,0.7,0.1,ACTIVE
2025-03,AC02143,Giro Lembaga - Wadiah,199.28,0.43,0.07,ACTIVE
2025-03,AC02144,Giro Perorangan - Wadiah,990.48,0.1,0.08,ACTIVE
2025-03,AC02146,Giro Lembaga - Wadiah,515.89,0.3,0.13,ACTIVE
2025-03,AC02147,Giro Perorangan - Mudharabah,579.42,1.95,0.94,ACTIVE
2025-03,AC02149,Deposito Perorangan - Mudharabah,283.8,3.99,0.94,ACTIVE
2025-03,AC02151,Giro Lembaga - Mudharabah,659.66,2.07,1.14,ACTIVE
2025-03,AC02152,Giro Perorangan - Wadiah,1574.08,0.37,0.49,ACTIVE
2025-03,AC02154,Giro Perorangan - Wadiah,334.97,0.17,0.05,ACTIVE
2025-03,AC02155,Giro Lembaga - Wadiah,853.63,0.31,0.22,ACTIVE
2025-03,AC02156,Tabungan Perorangan - Wadiah,1155.66,0.47,0.45,ACTIVE
2025-03,AC02157,Tabungan Lembaga - Wadiah,552.57,0.68,0.31,ACTIVE
2025-03,AC02158,Giro Lembaga - Mudharabah,1750.58,2.07,3.02,ACTIVE
2025-03,AC02159,Giro Lembaga - Mudharabah,1295.38,2.11,2.28,ACTIVE
2025-03,AC02161,Tabungan Lembaga - Mudharabah,213.84,2.58,0.46,ACTIVE
2025-03,AC02165,Tabungan Lembaga - Wadiah,1172.61,0.75,0.73,ACTIVE
2025-03,AC02170,Tabungan Perorangan - Wadiah,1290.41,0.4,0.43,ACTIVE
2025-03,AC02171,Tabungan Perorangan - Mudharabah,1254.33,2.46,2.57,ACTIVE
2025-04,AC02024,Tabungan Perorangan - Wadiah,1497.28,0.57,0.71,ACTIVE
2025-04,AC02025,Giro Lembaga - Wadiah,413.1,0.3,0.1,ACTIVE
2025-04,AC02026,Deposito Perorangan - Mudharabah,226.58,4.14,0.78,ACTIVE
2025-04,AC02027,Deposito Lembaga - Mudharabah,1032.05,4.21,3.62,ACTIVE
2025-04,AC02031,Deposito Lembaga - Mudharabah,569.21,4.2,1.99,ACTIVE
2025-04,AC02032,Tabungan Lembaga - Mudharabah,1071.77,2.64,2.36,ACTIVE
2025-04,AC02033,Giro Perorangan - Wadiah,744.75,0.13,0.08,ACTIVE
2025-04,AC02034,Deposito Lembaga - Mudharabah,1127.92,4.37,4.11,ACTIVE
2025-04,AC02036,Tabungan Lembaga - Wadiah,1449.63,0.67,0.81,ACTIVE
2025-04,AC02038,Tabungan Perorangan - Mudharabah,1482.46,2.37,2.93,ACTIVE
2025-04,AC02043,Giro Perorangan - Wadiah,191.19,0.12,0.02,ACTIVE
2025-04,AC02045,Giro Lembaga - Wadiah,932.63,0.44,0.34,ACTIVE
2025-04,AC02046,Deposito Perorangan - Mudharabah,1414.62,3.94,4.64,ACTIVE
2025-04,AC02049,Tabungan Perorangan - Mudharabah,433.29,2.53,0.91,ACTIVE
2025-04,AC02050,Tabungan Perorangan - Mudharabah,1536.86,2.41,3.09,ACTIVE
2025-04,AC02052,Tabungan Perorangan - Mudharabah,969.32,2.54,2.05,ACTIVE
2025-04,AC02053,Tabungan Perorangan - Wadiah,740.28,0.47,0.29,ACTIVE
2025-04,AC02055,Giro Lembaga - Mudharabah,943.63,2.02,1.59,ACTIVE
2025-04,AC02058,Giro Lembaga - Mudharabah,961.07,1.96,1.57,ACTIVE
2025-04,AC02070,Tabungan Perorangan - Wadiah,252.17,0.57,0.12,ACTIVE
2025-04,AC02071,Tabungan Lembaga - Wadiah,1176.9,0.53,0.52,ACTIVE
2025-04,AC02072,Tabungan Perorangan - Wadiah,1000.62,0.46,0.38,ACTIVE
2025-04,AC02075,Tabungan Perorangan - Mudharabah,1594.63,2.43,3.23,ACTIVE
2025-04,AC02077,Giro Lembaga - Wadiah,831.59,0.4,0.28,ACTIVE
2025-04,AC02079,Tabungan Perorangan - Mudharabah,1361.15,2.42,2.74,ACTIVE
2025-04,AC02086,Deposito Lembaga - Mudharabah,357.05,4.36,1.3,ACTIVE
2025-04,AC02087,Giro Lembaga - Wadiah,1329.09,0.33,0.37,ACTIVE
2025-04,AC02088,Tabungan Lembaga - Mudharabah,684.92,2.73,1.56,ACTIVE
2025-04,AC02090,Tabungan Perorangan - Mudharabah,1454.88,2.4,2.91,ACTIVE
2025-04,AC02092,Giro Perorangan - Wadiah,901.65,0.27,0.2,ACTIVE
2025-04,AC02094,Giro Lembaga - Wadiah,195.47,0.22,0.04,ACTIVE
2025-04,AC02095,Giro Lembaga - Mudharabah,1034.72,2.24,1.93,ACTIVE
2025-04,AC02096,Tabungan Perorangan - Mudharabah,323.54,2.57,0.69,ACTIVE
2025-04,AC02099,Giro Lembaga - Mudharabah,401.39,2.19,0.73,ACTIVE
2025-04,AC02102,Deposito Perorangan - Mudharabah,334.52,3.9,1.09,ACTIVE
2025-04,AC02106,Tabungan Lembaga - Wadiah,1320.38,0.59,0.65,ACTIVE
2025-04,AC02112,Tabungan Perorangan - Mudharabah,410.37,2.5,0.85,ACTIVE
2025-04,AC02113,Giro Perorangan - Wadiah,855.14,0.24,0.17,ACTIVE
2025-04,AC02115,Tabungan Perorangan - Wadiah,957.78,0.52,0.42,ACTIVE
2025-04,AC02116,Giro Perorangan - Wadiah,378.47,0.39,0.12,ACTIVE
2025-04,AC02121,Deposito Perorangan - Mudharabah,1062.47,4.09,3.62,ACTIVE
2025-04,AC02122,Giro Perorangan - Wadiah,917.8,0.13,0.1,ACTIVE
2025-04,AC02123,Tabungan Perorangan - Mudharabah,1204.83,2.41,2.42,ACTIVE
2025-04,AC02124,Tabungan Lembaga - Mudharabah,1219.85,2.72,2.76,ACTIVE
2025-04,AC02125,Tabungan Perorangan - Wadiah,1342.06,0.38,0.42,ACTIVE
2025-04,AC02127,Giro Lembaga - Wadiah,1420.71,0.24,0.28,ACTIVE
2025-04,AC02128,Deposito Perorangan - Mudharabah,1023.14,4.08,3.48,ACTIVE
2025-04,AC02130,Deposito Perorangan - Mudharabah,993.79,3.98,3.3,ACTIVE
2025-04,AC02131,Tabungan Lembaga - Wadiah,421.97,0.6,0.21,ACTIVE
2025-04,AC02132,Giro Lembaga - Wadiah,1478.79,0.37,0.46,ACTIVE
2025-04,AC02133,Tabungan Lembaga - Wadiah,1192.04,0.76,0.75,ACTIVE
2025-04,AC02134,Tabungan Perorangan - Wadiah,1331.52,0.51,0.57,ACTIVE
2025-04,AC02135,Giro Lembaga - Wadiah,1013.6,0.2,0.17,ACTIVE
2025-04,AC02136,Tabungan Perorangan - Mudharabah,544.91,2.46,1.12,ACTIVE
2025-04,AC02138,Tabungan Perorangan - Mudharabah,967.95,2.4,1.94,ACTIVE
2025-04,AC02142,Tabungan Lembaga - Wadiah,162.49,0.7,0.09,ACTIVE
2025-04,AC02143,Giro Lembaga - Wadiah,181.27,0.43,0.06,ACTIVE
2025-04,AC02144,Giro Perorangan - Wadiah,910.05,0.1,0.08,ACTIVE
2025-04,AC02146,Giro Lembaga - Wadiah,473.95,0.3,0.12,ACTIVE
2025-04,AC02147,Giro Perorangan - Mudharabah,532.84,1.95,0.87,ACTIVE
2025-04,AC02149,Deposito Perorangan - Mudharabah,260.73,3.99,0.87,ACTIVE
2025-04,AC02151,Giro Lembaga - Mudharabah,606.35,2.07,1.05,ACTIVE
2025-04,AC02152,Giro Perorangan - Wadiah,1446.12,0.37,0.45,ACTIVE
2025-04,AC02154,Giro Perorangan - Wadiah,308.0,0.17,0.04,ACTIVE
2025-04,AC02155,Giro Lembaga - Wadiah,784.16,0.31,0.2,ACTIVE
2025-04,AC02156,Tabungan Perorangan - Wadiah,1062.39,0.47,0.42,ACTIVE
2025-04,AC02157,Tabungan Lembaga - Wadiah,507.97,0.68,0.29,ACTIVE
2025-04,AC02158,Giro Lembaga - Mudharabah,1592.37,2.07,2.75,ACTIVE
2025-04,AC02159,Giro Lembaga - Mudharabah,1178.3,2.11,2.07,ACTIVE
2025-04,AC02161,Tabungan Lembaga - Mudharabah,194.51,2.58,0.42,ACTIVE
2025-04,AC02165,Tabungan Lembaga - Wadiah,1077.62,0.75,0.67,ACTIVE
2025-04,AC02170,Tabungan Perorangan - Wadiah,1173.78,0.4,0.39,ACTIVE
2025-04,AC02171,Tabungan Perorangan - Mudharabah,1152.6,2.46,2.36,ACTIVE
2025-05,AC02024,Tabungan Perorangan - Wadiah,1419.96,0.57,0.67,ACTIVE
2025-05,AC02025,Giro Lembaga - Wadiah,387.64,0.3,0.1,ACTIVE
2025-05,AC02026,Deposito Perorangan - Mudharabah,214.88,4.14,0.74,ACTIVE
2025-05,AC02027,Deposito Lembaga - Mudharabah,978.64,4.21,3.43,ACTIVE
2025-05,AC02030,Tabungan Perorangan - Mudharabah,909.53,2.37,1.8,ACTIVE
2025-05,AC02031,Deposito Lembaga - Mudharabah,534.14,4.2,1.87,ACTIVE
2025-05,AC02032,Tabungan Lembaga - Mudharabah,1016.9,2.64,2.24,ACTIVE
2025-05,AC02033,Giro Perorangan - Wadiah,706.62,0.13,0.08,ACTIVE
2025-05,AC02034,Deposito Lembaga - Mudharabah,1058.42,4.37,3.85,ACTIVE
2025-05,AC02036,Tabungan Lembaga - Wadiah,1360.3,0.67,0.76,ACTIVE
2025-05,AC02038,Tabungan Perorangan - Mudharabah,1405.6,2.37,2.78,ACTIVE
2025-05,AC02043,Giro Perorangan - Wadiah,181.32,0.12,0.02,ACTIVE
2025-05,AC02045,Giro Lembaga - Wadiah,875.16,0.44,0.32,ACTIVE
2025-05,AC02046,Deposito Perorangan - Mudharabah,1340.73,3.94,4.4,ACTIVE
2025-05,AC02049,Tabungan Perorangan - Mudharabah,410.62,2.53,0.87,ACTIVE
2025-05,AC02050,Tabungan Perorangan - Mudharabah,1456.87,2.41,2.93,ACTIVE
2025-05,AC02052,Tabungan Perorangan - Mudharabah,919.59,2.54,1.95,ACTIVE
2025-05,AC02053,Tabungan Perorangan - Wadiah,701.97,0.47,0.27,ACTIVE
2025-05,AC02055,Giro Lembaga - Mudharabah,894.34,2.02,1.51,ACTIVE
2025-05,AC02056,Giro Perorangan - Wadiah,239.12,0.24,0.05,ACTIVE
2025-05,AC02058,Giro Lembaga - Mudharabah,910.78,1.96,1.49,ACTIVE
2025-05,AC02070,Tabungan Perorangan - Wadiah,238.99,0.57,0.11,ACTIVE
2025-05,AC02071,Tabungan Lembaga - Wadiah,1116.25,0.53,0.49,ACTIVE
2025-05,AC02072,Tabungan Perorangan - Wadiah,948.54,0.46,0.36,ACTIVE
2025-05,AC02075,Tabungan Perorangan - Mudharabah,1511.15,2.43,3.06,ACTIVE
2025-05,AC02077,Giro Lembaga - Wadiah,788.83,0.4,0.26,ACTIVE
2025-05,AC02079,Tabungan Perorangan - Mudharabah,1291.46,2.42,2.6,ACTIVE
2025-05,AC02086,Deposito Lembaga - Mudharabah,338.69,4.36,1.23,ACTIVE
2025-05,AC02087,Giro Lembaga - Wadiah,1247.19,0.33,0.34,ACTIVE
2025-05,AC02088,Tabungan Lembaga - Mudharabah,649.41,2.73,1.48,ACTIVE
2025-05,AC02090,Tabungan Perorangan - Mudharabah,1379.76,2.4,2.76,ACTIVE
2025-05,AC02092,Giro Perorangan - Wadiah,855.48,0.27,0.19,ACTIVE
2025-05,AC02094,Giro Lembaga - Wadiah,185.32,0.22,0.03,ACTIVE
2025-05,AC02095,Giro Lembaga - Mudharabah,981.62,2.24,1.83,ACTIVE
2025-05,AC02096,Tabungan Perorangan - Mudharabah,306.8,2.57,0.66,ACTIVE
2025-05,AC02099,Giro Lembaga - Mudharabah,380.84,2.19,0.7,ACTIVE
2025-05,AC02102,Deposito Perorangan - Mudharabah,313.9,3.9,1.02,ACTIVE
2025-05,AC02106,Tabungan Lembaga - Wadiah,1252.34,0.59,0.62,ACTIVE
2025-05,AC02112,Tabungan Perorangan - Mudharabah,389.01,2.5,0.81,ACTIVE
2025-05,AC02113,Giro Perorangan - Wadiah,810.72,0.24,0.16,ACTIVE
2025-05,AC02115,Tabungan Perorangan - Wadiah,907.83,0.52,0.39,ACTIVE
2025-05,AC02116,Giro Perorangan - Wadiah,358.97,0.39,0.12,ACTIVE
2025-05,AC02117,Giro Perorangan - Wadiah,372.0,0.17,0.05,ACTIVE
2025-05,AC02118,Tabungan Perorangan - Wadiah,729.04,0.39,0.24,ACTIVE
2025-05,AC02121,Deposito Perorangan - Mudharabah,997.0,4.09,3.4,ACTIVE
2025-05,AC02122,Giro Perorangan - Wadiah,870.82,0.13,0.09,ACTIVE
2025-05,AC02123,Tabungan Perorangan - Mudharabah,1142.01,2.41,2.29,ACTIVE
2025-05,AC02124,Tabungan Lembaga - Mudharabah,1144.68,2.72,2.59,ACTIVE
2025-05,AC02125,Tabungan Perorangan - Wadiah,1273.2,0.38,0.4,ACTIVE
2025-05,AC02127,Giro Lembaga - Wadiah,1346.76,0.24,0.27,ACTIVE
2025-05,AC02128,Deposito Perorangan - Mudharabah,970.31,4.08,3.3,ACTIVE
2025-05,AC02130,Deposito Perorangan - Mudharabah,941.79,3.98,3.12,ACTIVE
2025-05,AC02131,Tabungan Lembaga - Wadiah,395.97,0.6,0.2,ACTIVE
2025-05,AC02132,Giro Lembaga - Wadiah,1401.82,0.37,0.43,ACTIVE
2025-05,AC02133,Tabungan Lembaga - Wadiah,1118.59,0.76,0.71,ACTIVE
2025-05,AC02134,Tabungan Perorangan - Wadiah,1262.48,0.51,0.54,ACTIVE
2025-05,AC02135,Giro Lembaga - Wadiah,961.15,0.2,0.16,ACTIVE
2025-05,AC02136,Tabungan Perorangan - Mudharabah,516.71,2.46,1.06,ACTIVE
2025-05,AC02138,Tabungan Perorangan - Mudharabah,918.06,2.4,1.84,ACTIVE
2025-05,AC02142,Tabungan Lembaga - Wadiah,152.48,0.7,0.09,ACTIVE
2025-05,AC02143,Giro Lembaga - Wadiah,170.1,0.43,0.06,ACTIVE
2025-05,AC02144,Giro Perorangan - Wadiah,862.51,0.1,0.07,ACTIVE
2025-05,AC02146,Giro Lembaga - Wadiah,449.15,0.3,0.11,ACTIVE
2025-05,AC02147,Giro Perorangan - Mudharabah,505.44,1.95,0.82,ACTIVE
2025-05,AC02149,Deposito Perorangan - Mudharabah,247.09,3.99,0.82,ACTIVE
2025-05,AC02151,Giro Lembaga - Mudharabah,574.91,2.07,0.99,ACTIVE
2025-05,AC02152,Giro Perorangan - Wadiah,1370.44,0.37,0.42,ACTIVE
2025-05,AC02153,Giro Lembaga - Wadiah,1042.33,0.28,0.24,ACTIVE
2025-05,AC02154,Giro Perorangan - Wadiah,292.13,0.17,0.04,ACTIVE
2025-05,AC02155,Giro Lembaga - Wadiah,735.84,0.31,0.19,ACTIVE
2025-05,AC02156,Tabungan Perorangan - Wadiah,1007.42,0.47,0.39,ACTIVE
2025-05,AC02157,Tabungan Lembaga - Wadiah,481.69,0.68,0.27,ACTIVE
2025-05,AC02158,Giro Lembaga - Mudharabah,1494.25,2.07,2.58,ACTIVE
2025-05,AC02159,Giro Lembaga - Mudharabah,1105.69,2.11,1.94,ACTIVE
2025-05,AC02161,Tabungan Lembaga - Mudharabah,182.53,2.58,0.39,ACTIVE
2025-05,AC02164,Giro Lembaga - Mudharabah,251.9,2.13,0.45,ACTIVE
2025-05,AC02165,Tabungan Lembaga - Wadiah,1021.53,0.75,0.64,ACTIVE
2025-05,AC02170,Tabungan Perorangan - Wadiah,1101.45,0.4,0.37,ACTIVE
2025-05,AC02171,Tabungan Perorangan - Mudharabah,1092.5,2.46,2.24,ACTIVE
2025-06,AC02024,Tabungan Perorangan - Wadiah,1421.3,0.57,0.68,ACTIVE
2025-06,AC02025,Giro Lembaga - Wadiah,383.97,0.3,0.1,ACTIVE
2025-06,AC02026,Deposito Perorangan - Mudharabah,215.09,4.14,0.74,ACTIVE
2025-06,AC02027,Deposito Lembaga - Mudharabah,979.46,4.21,3.44,ACTIVE
2025-06,AC02030,Tabungan Perorangan - Mudharabah,910.92,2.37,1.8,ACTIVE
2025-06,AC02031,Deposito Lembaga - Mudharabah,529.07,4.2,1.85,ACTIVE
2025-06,AC02032,Tabungan Lembaga - Mudharabah,1018.33,2.64,2.24,ACTIVE
2025-06,AC02033,Giro Perorangan - Wadiah,707.61,0.13,0.08,ACTIVE
2025-06,AC02034,Deposito Lembaga - Mudharabah,1048.39,4.37,3.82,ACTIVE
2025-06,AC02036,Tabungan Lembaga - Wadiah,1347.41,0.67,0.75,ACTIVE
2025-06,AC02038,Tabungan Perorangan - Mudharabah,1406.63,2.37,2.78,ACTIVE
2025-06,AC02042,Tabungan Perorangan - Mudharabah,196.3,2.62,0.43,ACTIVE
2025-06,AC02043,Giro Perorangan - Wadiah,181.49,0.12,0.02,ACTIVE
2025-06,AC02045,Giro Lembaga - Wadiah,866.87,0.44,0.32,ACTIVE
2025-06,AC02046,Deposito Perorangan - Mudharabah,1341.17,3.94,4.4,ACTIVE
2025-06,AC02049,Tabungan Perorangan - Mudharabah,406.72,2.53,0.86,ACTIVE
2025-06,AC02050,Tabungan Perorangan - Mudharabah,1457.64,2.41,2.93,ACTIVE
2025-06,AC02052,Tabungan Perorangan - Mudharabah,920.77,2.54,1.95,ACTIVE
2025-06,AC02053,Tabungan Perorangan - Wadiah,702.56,0.47,0.28,ACTIVE
2025-06,AC02055,Giro Lembaga - Mudharabah,894.63,2.02,1.51,ACTIVE
2025-06,AC02056,Giro Perorangan - Wadiah,239.49,0.24,0.05,ACTIVE
2025-06,AC02058,Giro Lembaga - Mudharabah,902.15,1.96,1.47,ACTIVE
2025-06,AC02070,Tabungan Perorangan - Wadiah,239.07,0.57,0.11,ACTIVE
2025-06,AC02071,Tabungan Lembaga - Wadiah,1117.43,0.53,0.49,ACTIVE
2025-06,AC02072,Tabungan Perorangan - Wadiah,949.04,0.46,0.36,ACTIVE
2025-06,AC02075,Tabungan Perorangan - Mudharabah,1496.88,2.43,3.03,ACTIVE
2025-06,AC02077,Giro Lembaga - Wadiah,789.76,0.4,0.26,ACTIVE
2025-06,AC02079,Tabungan Perorangan - Mudharabah,1293.28,2.42,2.61,ACTIVE
2025-06,AC02086,Deposito Lembaga - Mudharabah,339.09,4.36,1.23,ACTIVE
2025-06,AC02087,Giro Lembaga - Wadiah,1235.37,0.33,0.34,ACTIVE
2025-06,AC02088,Tabungan Lembaga - Mudharabah,649.88,2.73,1.48,ACTIVE
2025-06,AC02090,Tabungan Perorangan - Mudharabah,1381.06,2.4,2.76,ACTIVE
2025-06,AC02092,Giro Perorangan - Wadiah,856.69,0.27,0.19,ACTIVE
2025-06,AC02094,Giro Lembaga - Wadiah,185.43,0.22,0.03,ACTIVE
2025-06,AC02095,Giro Lembaga - Mudharabah,982.89,2.24,1.83,ACTIVE
2025-06,AC02096,Tabungan Perorangan - Mudharabah,307.06,2.57,0.66,ACTIVE
2025-06,AC02099,Giro Lembaga - Mudharabah,381.38,2.19,0.7,ACTIVE
2025-06,AC02102,Deposito Perorangan - Mudharabah,310.93,3.9,1.01,ACTIVE
2025-06,AC02106,Tabungan Lembaga - Wadiah,1253.67,0.59,0.62,ACTIVE
2025-06,AC02112,Tabungan Perorangan - Mudharabah,389.22,2.5,0.81,ACTIVE
2025-06,AC02113,Giro Perorangan - Wadiah,811.23,0.24,0.16,ACTIVE
2025-06,AC02115,Tabungan Perorangan - Wadiah,908.22,0.52,0.39,ACTIVE
2025-06,AC02116,Giro Perorangan - Wadiah,359.35,0.39,0.12,ACTIVE
2025-06,AC02117,Giro Perorangan - Wadiah,372.57,0.17,0.05,ACTIVE
2025-06,AC02118,Tabungan Perorangan - Wadiah,730.16,0.39,0.24,ACTIVE
2025-06,AC02121,Deposito Perorangan - Mudharabah,987.55,4.09,3.37,ACTIVE
2025-06,AC02122,Giro Perorangan - Wadiah,872.04,0.13,0.09,ACTIVE
2025-06,AC02123,Tabungan Perorangan - Mudharabah,1142.5,2.41,2.29,ACTIVE
2025-06,AC02124,Tabungan Lembaga - Mudharabah,1133.83,2.72,2.57,ACTIVE
2025-06,AC02125,Tabungan Perorangan - Wadiah,1274.84,0.38,0.4,ACTIVE
2025-06,AC02127,Giro Lembaga - Wadiah,1347.47,0.24,0.27,ACTIVE
2025-06,AC02128,Deposito Perorangan - Mudharabah,971.23,4.08,3.3,ACTIVE
2025-06,AC02130,Deposito Perorangan - Mudharabah,932.86,3.98,3.09,ACTIVE
2025-06,AC02131,Tabungan Lembaga - Wadiah,392.21,0.6,0.2,ACTIVE
2025-06,AC02132,Giro Lembaga - Wadiah,1402.56,0.37,0.43,ACTIVE
2025-06,AC02133,Tabungan Lembaga - Wadiah,1107.98,0.76,0.7,ACTIVE
2025-06,AC02134,Tabungan Perorangan - Wadiah,1263.41,0.51,0.54,ACTIVE
2025-06,AC02135,Giro Lembaga - Wadiah,961.95,0.2,0.16,ACTIVE
2025-06,AC02136,Tabungan Perorangan - Mudharabah,517.15,2.46,1.06,ACTIVE
2025-06,AC02138,Tabungan Perorangan - Mudharabah,919.04,2.4,1.84,ACTIVE
2025-06,AC02142,Tabungan Lembaga - Wadiah,151.03,0.7,0.09,ACTIVE
2025-06,AC02143,Giro Lembaga - Wadiah,168.48,0.43,0.06,ACTIVE
2025-06,AC02144,Giro Perorangan - Wadiah,862.8,0.1,0.07,ACTIVE
2025-06,AC02146,Giro Lembaga - Wadiah,444.89,0.3,0.11,ACTIVE
2025-06,AC02147,Giro Perorangan - Mudharabah,506.03,1.95,0.82,ACTIVE
2025-06,AC02149,Deposito Perorangan - Mudharabah,244.75,3.99,0.81,ACTIVE
2025-06,AC02151,Giro Lembaga - Mudharabah,575.33,2.07,0.99,ACTIVE
2025-06,AC02152,Giro Perorangan - Wadiah,1357.45,0.37,0.42,ACTIVE
2025-06,AC02153,Giro Lembaga - Wadiah,1043.92,0.28,0.24,ACTIVE
2025-06,AC02154,Giro Perorangan - Wadiah,292.44,0.17,0.04,ACTIVE
2025-06,AC02155,Giro Lembaga - Wadiah,728.86,0.31,0.19,ACTIVE
2025-06,AC02156,Tabungan Perorangan - Wadiah,1008.26,0.47,0.39,ACTIVE
2025-06,AC02157,Tabungan Lembaga - Wadiah,482.09,0.68,0.27,ACTIVE
2025-06,AC02158,Giro Lembaga - Mudharabah,1480.08,2.07,2.55,ACTIVE
2025-06,AC02159,Giro Lembaga - Mudharabah,1095.21,2.11,1.93,ACTIVE
2025-06,AC02161,Tabungan Lembaga - Mudharabah,180.8,2.58,0.39,ACTIVE
2025-06,AC02164,Giro Lembaga - Mudharabah,252.28,2.13,0.45,ACTIVE
2025-06,AC02165,Tabungan Lembaga - Wadiah,1022.07,0.75,0.64,ACTIVE
2025-06,AC02170,Tabungan Perorangan - Wadiah,1091.01,0.4,0.36,ACTIVE
2025-06,AC02171,Tabungan Perorangan - Mudharabah,1092.97,2.46,2.24,ACTIVE
2025-07,AC02024,Tabungan Perorangan - Wadiah,1397.44,0.57,0.66,ACTIVE
2025-07,AC02025,Giro Lembaga - Wadiah,373.63,0.3,0.09,ACTIVE
2025-07,AC02026,Deposito Perorangan - Mudharabah,211.47,4.14,0.73,ACTIVE
2025-07,AC02027,Deposito Lembaga - Mudharabah,962.92,4.21,3.38,ACTIVE
2025-07,AC02030,Tabungan Perorangan - Mudharabah,896.14,2.37,1.77,ACTIVE
2025-07,AC02031,Deposito Lembaga - Mudharabah,514.83,4.2,1.8,ACTIVE
2025-07,AC02032,Tabungan Lembaga - Mudharabah,1001.68,2.64,2.2,ACTIVE
2025-07,AC02033,Giro Perorangan - Wadiah,696.04,0.13,0.08,ACTIVE
2025-07,AC02034,Deposito Lembaga - Mudharabah,1020.15,4.37,3.72,ACTIVE
2025-07,AC02036,Tabungan Lembaga - Wadiah,1311.12,0.67,0.73,ACTIVE
2025-07,AC02038,Tabungan Perorangan - Mudharabah,1382.72,2.37,2.73,ACTIVE
2025-07,AC02042,Tabungan Perorangan - Mudharabah,193.14,2.62,0.42,ACTIVE
2025-07,AC02043,Giro Perorangan - Wadiah,178.45,0.12,0.02,ACTIVE
2025-07,AC02045,Giro Lembaga - Wadiah,843.52,0.44,0.31,ACTIVE
2025-07,AC02046,Deposito Perorangan - Mudharabah,1305.05,3.94,4.28,ACTIVE
2025-07,AC02049,Tabungan Perorangan - Mudharabah,395.77,2.53,0.83,ACTIVE
2025-07,AC02050,Tabungan Perorangan - Mudharabah,1432.57,2.41,2.88,ACTIVE
2025-07,AC02052,Tabungan Perorangan - Mudharabah,905.61,2.54,1.92,ACTIVE
2025-07,AC02053,Tabungan Perorangan - Wadiah,690.69,0.47,0.27,ACTIVE
2025-07,AC02054,Deposito Perorangan - Mudharabah,146.85,3.93,0.48,ACTIVE
2025-07,AC02055,Giro Lembaga - Mudharabah,870.54,2.02,1.47,ACTIVE
2025-07,AC02056,Giro Perorangan - Wadiah,235.6,0.24,0.05,ACTIVE
2025-07,AC02058,Giro Lembaga - Mudharabah,877.85,1.96,1.43,ACTIVE
2025-07,AC02070,Tabungan Perorangan - Wadiah,232.63,0.57,0.11,ACTIVE
2025-07,AC02071,Tabungan Lembaga - Wadiah,1098.79,0.53,0.49,ACTIVE
2025-07,AC02072,Tabungan Perorangan - Wadiah,932.72,0.46,0.36,ACTIVE
2025-07,AC02075,Tabungan Perorangan - Mudharabah,1456.58,2.43,2.95,ACTIVE
2025-07,AC02077,Giro Lembaga - Wadiah,776.66,0.4,0.26,ACTIVE
2025-07,AC02079,Tabungan Perorangan - Mudharabah,1272.13,2.42,2.57,ACTIVE
2025-07,AC02081,Deposito Perorangan - Mudharabah,297.19,4.08,1.01,ACTIVE
2025-07,AC02086,Deposito Lembaga - Mudharabah,333.47,4.36,1.21,ACTIVE
2025-07,AC02087,Giro Lembaga - Wadiah,1202.1,0.33,0.33,ACTIVE
2025-07,AC02088,Tabungan Lembaga - Mudharabah,638.84,2.73,1.45,ACTIVE
2025-07,AC02090,Tabungan Perorangan - Mudharabah,1357.87,2.4,2.72,ACTIVE
2025-07,AC02092,Giro Perorangan - Wadiah,842.68,0.27,0.19,ACTIVE
2025-07,AC02094,Giro Lembaga - Wadiah,182.26,0.22,0.03,ACTIVE
2025-07,AC02095,Giro Lembaga - Mudharabah,966.71,2.24,1.8,ACTIVE
2025-07,AC02096,Tabungan Perorangan - Mudharabah,301.87,2.57,0.65,ACTIVE
2025-07,AC02099,Giro Lembaga - Mudharabah,375.14,2.19,0.68,ACTIVE
2025-07,AC02102,Deposito Perorangan - Mudharabah,302.55,3.9,0.98,ACTIVE
2025-07,AC02106,Tabungan Lembaga - Wadiah,1232.75,0.59,0.61,ACTIVE
2025-07,AC02107,Tabungan Lembaga - Wadiah,924.3,0.55,0.42,ACTIVE
2025-07,AC02112,Tabungan Perorangan - Mudharabah,382.52,2.5,0.8,ACTIVE
2025-07,AC02113,Giro Perorangan - Wadiah,797.36,0.24,0.16,ACTIVE
2025-07,AC02115,Tabungan Perorangan - Wadiah,892.52,0.52,0.39,ACTIVE
2025-07,AC02116,Giro Perorangan - Wadiah,353.35,0.39,0.11,ACTIVE
2025-07,AC02117,Giro Perorangan - Wadiah,366.52,0.17,0.05,ACTIVE
2025-07,AC02118,Tabungan Perorangan - Wadiah,718.3,0.39,0.23,ACTIVE
2025-07,AC02121,Deposito Perorangan - Mudharabah,960.95,4.09,3.28,ACTIVE
2025-07,AC02122,Giro Perorangan - Wadiah,857.78,0.13,0.09,ACTIVE
2025-07,AC02123,Tabungan Perorangan - Mudharabah,1122.74,2.41,2.25,ACTIVE
2025-07,AC02124,Tabungan Lembaga - Mudharabah,1103.3,2.72,2.5,ACTIVE
2025-07,AC02125,Tabungan Perorangan - Wadiah,1253.85,0.38,0.4,ACTIVE
2025-07,AC02127,Giro Lembaga - Wadiah,1324.3,0.24,0.26,ACTIVE
2025-07,AC02128,Deposito Perorangan - Mudharabah,954.92,4.08,3.25,ACTIVE
2025-07,AC02130,Deposito Perorangan - Mudharabah,907.74,3.98,3.01,ACTIVE
2025-07,AC02131,Tabungan Lembaga - Wadiah,381.65,0.6,0.19,ACTIVE
2025-07,AC02132,Giro Lembaga - Wadiah,1378.44,0.37,0.43,ACTIVE
2025-07,AC02133,Tabungan Lembaga - Wadiah,1078.15,0.76,0.68,ACTIVE
2025-07,AC02134,Tabungan Perorangan - Wadiah,1241.93,0.51,0.53,ACTIVE
2025-07,AC02135,Giro Lembaga - Wadiah,945.7,0.2,0.16,ACTIVE
2025-07,AC02136,Tabungan Perorangan - Mudharabah,508.41,2.46,1.04,ACTIVE
2025-07,AC02138,Tabungan Perorangan - Mudharabah,903.7,2.4,1.81,ACTIVE
2025-07,AC02142,Tabungan Lembaga - Wadiah,146.97,0.7,0.09,ACTIVE
2025-07,AC02143,Giro Lembaga - Wadiah,163.95,0.43,0.06,ACTIVE
2025-07,AC02144,Giro Perorangan - Wadiah,839.56,0.1,0.07,ACTIVE
2025-07,AC02146,Giro Lembaga - Wadiah,432.91,0.3,0.11,ACTIVE
2025-07,AC02147,Giro Perorangan - Mudharabah,497.64,1.95,0.81,ACTIVE
2025-07,AC02149,Deposito Perorangan - Mudharabah,238.16,3.99,0.79,ACTIVE
2025-07,AC02151,Giro Lembaga - Mudharabah,565.55,2.07,0.98,ACTIVE
2025-07,AC02152,Giro Perorangan - Wadiah,1320.9,0.37,0.41,ACTIVE
2025-07,AC02153,Giro Lembaga - Wadiah,1026.97,0.28,0.24,ACTIVE
2025-07,AC02154,Giro Perorangan - Wadiah,287.56,0.17,0.04,ACTIVE
2025-07,AC02155,Giro Lembaga - Wadiah,709.24,0.31,0.18,ACTIVE
2025-07,AC02156,Tabungan Perorangan - Wadiah,991.23,0.47,0.39,ACTIVE
2025-07,AC02157,Tabungan Lembaga - Wadiah,473.95,0.68,0.27,ACTIVE
2025-07,AC02158,Giro Lembaga - Mudharabah,1440.23,2.07,2.48,ACTIVE
2025-07,AC02159,Giro Lembaga - Mudharabah,1065.72,2.11,1.87,ACTIVE
2025-07,AC02161,Tabungan Lembaga - Mudharabah,175.93,2.58,0.38,ACTIVE
2025-07,AC02164,Giro Lembaga - Mudharabah,248.19,2.13,0.44,ACTIVE
2025-07,AC02165,Tabungan Lembaga - Wadiah,1004.49,0.75,0.63,ACTIVE
2025-07,AC02170,Tabungan Perorangan - Wadiah,1061.63,0.4,0.35,ACTIVE
2025-07,AC02171,Tabungan Perorangan - Mudharabah,1074.07,2.46,2.2,ACTIVE
2025-08,AC02025,Giro Lembaga - Wadiah,368.32,0.3,0.09,ACTIVE
2025-08,AC02026,Deposito Perorangan - Mudharabah,210.62,4.14,0.73,ACTIVE
2025-08,AC02027,Deposito Lembaga - Mudharabah,958.93,4.21,3.36,ACTIVE
2025-08,AC02030,Tabungan Perorangan - Mudharabah,893.01,2.37,1.76,ACTIVE
2025-08,AC02031,Deposito Lembaga - Mudharabah,507.52,4.2,1.78,ACTIVE
2025-08,AC02032,Tabungan Lembaga - Mudharabah,998.07,2.64,2.2,ACTIVE
2025-08,AC02033,Giro Perorangan - Wadiah,693.54,0.13,0.08,ACTIVE
2025-08,AC02034,Deposito Lembaga - Mudharabah,1005.67,4.37,3.66,ACTIVE
2025-08,AC02036,Tabungan Lembaga - Wadiah,1292.5,0.67,0.72,ACTIVE
2025-08,AC02038,Tabungan Perorangan - Mudharabah,1376.86,2.37,2.72,ACTIVE
2025-08,AC02042,Tabungan Perorangan - Mudharabah,192.49,2.62,0.42,ACTIVE
2025-08,AC02043,Giro Perorangan - Wadiah,177.73,0.12,0.02,ACTIVE
2025-08,AC02045,Giro Lembaga - Wadiah,831.55,0.44,0.3,ACTIVE
2025-08,AC02046,Deposito Perorangan - Mudharabah,1286.52,3.94,4.22,ACTIVE
2025-08,AC02049,Tabungan Perorangan - Mudharabah,390.15,2.53,0.82,ACTIVE
2025-08,AC02050,Tabungan Perorangan - Mudharabah,1426.21,2.41,2.86,ACTIVE
2025-08,AC02052,Tabungan Perorangan - Mudharabah,902.25,2.54,1.91,ACTIVE
2025-08,AC02053,Tabungan Perorangan - Wadiah,687.83,0.47,0.27,ACTIVE
2025-08,AC02054,Deposito Perorangan - Mudharabah,146.37,3.93,0.48,ACTIVE
2025-08,AC02055,Giro Lembaga - Mudharabah,858.18,2.02,1.44,ACTIVE
2025-08,AC02056,Giro Perorangan - Wadiah,234.78,0.24,0.05,ACTIVE
2025-08,AC02058,Giro Lembaga - Mudharabah,865.39,1.96,1.41,ACTIVE
2025-08,AC02066,Tabungan Lembaga - Wadiah,230.93,0.77,0.15,ACTIVE
2025-08,AC02070,Tabungan Perorangan - Wadiah,229.33,0.57,0.11,ACTIVE
2025-08,AC02071,Tabungan Lembaga - Wadiah,1094.47,0.53,0.48,ACTIVE
2025-08,AC02072,Tabungan Perorangan - Wadiah,928.58,0.46,0.36,ACTIVE
2025-08,AC02075,Tabungan Perorangan - Mudharabah,1435.93,2.43,2.91,ACTIVE
2025-08,AC02077,Giro Lembaga - Wadiah,773.69,0.4,0.26,ACTIVE
2025-08,AC02079,Tabungan Perorangan - Mudharabah,1267.55,2.42,2.56,ACTIVE
2025-08,AC02081,Deposito Perorangan - Mudharabah,296.22,4.08,1.01,ACTIVE
2025-08,AC02086,Deposito Lembaga - Mudharabah,332.19,4.36,1.21,ACTIVE
2025-08,AC02087,Giro Lembaga - Wadiah,1185.03,0.33,0.33,ACTIVE
2025-08,AC02088,Tabungan Lembaga - Mudharabah,636.12,2.73,1.45,ACTIVE
2025-08,AC02090,Tabungan Perorangan - Mudharabah,1352.39,2.4,2.7,ACTIVE
2025-08,AC02092,Giro Perorangan - Wadiah,839.65,0.27,0.19,ACTIVE
2025-08,AC02094,Giro Lembaga - Wadiah,181.47,0.22,0.03,ACTIVE
2025-08,AC02095,Giro Lembaga - Mudharabah,963.12,2.24,1.8,ACTIVE
2025-08,AC02096,Tabungan Perorangan - Mudharabah,300.62,2.57,0.64,ACTIVE
2025-08,AC02099,Giro Lembaga - Mudharabah,373.79,2.19,0.68,ACTIVE
2025-08,AC02101,Deposito Lembaga - Mudharabah,269.69,4.3,0.97,ACTIVE
2025-08,AC02102,Deposito Perorangan - Mudharabah,298.26,3.9,0.97,ACTIVE
2025-08,AC02106,Tabungan Lembaga - Wadiah,1227.9,0.59,0.6,ACTIVE
2025-08,AC02107,Tabungan Lembaga - Wadiah,921.3,0.55,0.42,ACTIVE
2025-08,AC02112,Tabungan Perorangan - Mudharabah,380.82,2.5,0.79,ACTIVE
2025-08,AC02113,Giro Perorangan - Wadiah,793.9,0.24,0.16,ACTIVE
2025-08,AC02115,Tabungan Perorangan - Wadiah,879.84,0.52,0.38,ACTIVE
2025-08,AC02116,Giro Perorangan - Wadiah,351.96,0.39,0.11,ACTIVE
2025-08,AC02117,Giro Perorangan - Wadiah,365.24,0.17,0.05,ACTIVE
2025-08,AC02118,Tabungan Perorangan - Wadiah,715.8,0.39,0.23,ACTIVE
2025-08,AC02121,Deposito Perorangan - Mudharabah,947.31,4.09,3.23,ACTIVE
2025-08,AC02122,Giro Perorangan - Wadiah,854.69,0.13,0.09,ACTIVE
2025-08,AC02123,Tabungan Perorangan - Mudharabah,1106.8,2.41,2.22,ACTIVE
2025-08,AC02124,Tabungan Lembaga - Mudharabah,1087.64,2.72,2.47,ACTIVE
2025-08,AC02125,Tabungan Perorangan - Wadiah,1249.19,0.38,0.4,ACTIVE
2025-08,AC02127,Giro Lembaga - Wadiah,1318.42,0.24,0.26,ACTIVE
2025-08,AC02128,Deposito Perorangan - Mudharabah,951.06,4.08,3.23,ACTIVE
2025-08,AC02130,Deposito Perorangan - Mudharabah,894.85,3.98,2.97,ACTIVE
2025-08,AC02131,Tabungan Lembaga - Wadiah,376.23,0.6,0.19,ACTIVE
2025-08,AC02132,Giro Lembaga - Wadiah,1372.32,0.37,0.42,ACTIVE
2025-08,AC02133,Tabungan Lembaga - Wadiah,1062.84,0.76,0.67,ACTIVE
2025-08,AC02134,Tabungan Perorangan - Wadiah,1236.66,0.51,0.53,ACTIVE
2025-08,AC02135,Giro Lembaga - Wadiah,941.78,0.2,0.16,ACTIVE
2025-08,AC02136,Tabungan Perorangan - Mudharabah,506.3,2.46,1.04,ACTIVE
2025-08,AC02138,Tabungan Perorangan - Mudharabah,900.15,2.4,1.8,ACTIVE
2025-08,AC02142,Tabungan Lembaga - Wadiah,144.88,0.7,0.08,ACTIVE
2025-08,AC02143,Giro Lembaga - Wadiah,161.62,0.43,0.06,ACTIVE
2025-08,AC02144,Giro Perorangan - Wadiah,827.64,0.1,0.07,ACTIVE
2025-08,AC02146,Giro Lembaga - Wadiah,426.77,0.3,0.11,ACTIVE
2025-08,AC02147,Giro Perorangan - Mudharabah,495.74,1.95,0.81,ACTIVE
2025-08,AC02149,Deposito Perorangan - Mudharabah,234.77,3.99,0.78,ACTIVE
2025-08,AC02151,Giro Lembaga - Mudharabah,563.15,2.07,0.97,ACTIVE
2025-08,AC02152,Giro Perorangan - Wadiah,1302.14,0.37,0.4,ACTIVE
2025-08,AC02153,Giro Lembaga - Wadiah,1023.39,0.28,0.24,ACTIVE
2025-08,AC02154,Giro Perorangan - Wadiah,286.43,0.17,0.04,ACTIVE
2025-08,AC02155,Giro Lembaga - Wadiah,699.16,0.31,0.18,ACTIVE
2025-08,AC02156,Tabungan Perorangan - Wadiah,987.12,0.47,0.39,ACTIVE
2025-08,AC02157,Tabungan Lembaga - Wadiah,471.98,0.68,0.27,ACTIVE
2025-08,AC02158,Giro Lembaga - Mudharabah,1419.78,2.07,2.45,ACTIVE
2025-08,AC02159,Giro Lembaga - Mudharabah,1050.58,2.11,1.85,ACTIVE
2025-08,AC02161,Tabungan Lembaga - Mudharabah,173.43,2.58,0.37,ACTIVE
2025-08,AC02162,Tabungan Perorangan - Wadiah,1090.74,0.64,0.58,ACTIVE
2025-08,AC02164,Giro Lembaga - Mudharabah,247.32,2.13,0.44,ACTIVE
2025-08,AC02165,Tabungan Lembaga - Wadiah,1000.03,0.75,0.63,ACTIVE
2025-08,AC02166,Deposito Lembaga - Mudharabah,366.45,4.27,1.3,ACTIVE
2025-08,AC02170,Tabungan Perorangan - Wadiah,1046.55,0.4,0.35,ACTIVE
2025-08,AC02171,Tabungan Perorangan - Mudharabah,1058.81,2.46,2.17,ACTIVE
2025-09,AC02025,Giro Lembaga - Wadiah,360.09,0.3,0.09,ACTIVE
2025-09,AC02026,Deposito Perorangan - Mudharabah,208.02,4.14,0.72,ACTIVE
2025-09,AC02027,Deposito Lembaga - Mudharabah,946.97,4.21,3.32,ACTIVE
2025-09,AC02030,Tabungan Perorangan - Mudharabah,882.45,2.37,1.74,ACTIVE
2025-09,AC02031,Deposito Lembaga - Mudharabah,496.18,4.2,1.74,ACTIVE
2025-09,AC02032,Tabungan Lembaga - Mudharabah,986.15,2.64,2.17,ACTIVE
2025-09,AC02033,Giro Perorangan - Wadiah,685.25,0.13,0.07,ACTIVE
2025-09,AC02034,Deposito Lembaga - Mudharabah,983.2,4.37,3.58,ACTIVE
2025-09,AC02036,Tabungan Lembaga - Wadiah,1263.62,0.67,0.71,ACTIVE
2025-09,AC02038,Tabungan Perorangan - Mudharabah,1359.55,2.37,2.69,ACTIVE
2025-09,AC02042,Tabungan Perorangan - Mudharabah,190.23,2.62,0.42,ACTIVE
2025-09,AC02043,Giro Perorangan - Wadiah,175.53,0.12,0.02,ACTIVE
2025-09,AC02045,Giro Lembaga - Wadiah,812.96,0.44,0.3,ACTIVE
2025-09,AC02046,Deposito Perorangan - Mudharabah,1257.77,3.94,4.13,ACTIVE
2025-09,AC02049,Tabungan Perorangan - Mudharabah,381.43,2.53,0.8,ACTIVE
2025-09,AC02050,Tabungan Perorangan - Mudharabah,1394.34,2.41,2.8,ACTIVE
2025-09,AC02052,Tabungan Perorangan - Mudharabah,891.37,2.54,1.89,ACTIVE
2025-09,AC02053,Tabungan Perorangan - Wadiah,679.26,0.47,0.27,ACTIVE
2025-09,AC02054,Deposito Perorangan - Mudharabah,144.67,3.93,0.47,ACTIVE
2025-09,AC02055,Giro Lembaga - Mudharabah,839.0,2.02,1.41,ACTIVE
2025-09,AC02056,Giro Perorangan - Wadiah,232.0,0.24,0.05,ACTIVE
2025-09,AC02058,Giro Lembaga - Mudharabah,846.05,1.96,1.38,ACTIVE
2025-09,AC02060,Deposito Perorangan - Mudharabah,925.02,4.09,3.15,ACTIVE
2025-09,AC02066,Tabungan Lembaga - Wadiah,228.28,0.77,0.15,ACTIVE
2025-09,AC02070,Tabungan Perorangan - Wadiah,224.21,0.57,0.11,ACTIVE
2025-09,AC02071,Tabungan Lembaga - Wadiah,1081.04,0.53,0.48,ACTIVE
2025-09,AC02072,Tabungan Perorangan - Wadiah,907.83,0.46,0.35,ACTIVE
2025-09,AC02075,Tabungan Perorangan - Mudharabah,1403.83,2.43,2.84,ACTIVE
2025-09,AC02077,Giro Lembaga - Wadiah,764.29,0.4,0.25,ACTIVE
2025-09,AC02079,Tabungan Perorangan - Mudharabah,1252.41,2.42,2.53,ACTIVE
2025-09,AC02081,Deposito Perorangan - Mudharabah,292.79,4.08,1.0,ACTIVE
2025-09,AC02086,Deposito Lembaga - Mudharabah,328.15,4.36,1.19,ACTIVE
2025-09,AC02088,Tabungan Lembaga - Mudharabah,628.13,2.73,1.43,ACTIVE
2025-09,AC02090,Tabungan Perorangan - Mudharabah,1335.66,2.4,2.67,ACTIVE
2025-09,AC02091,Giro Lembaga - Wadiah,409.82,0.23,0.08,ACTIVE
2025-09,AC02092,Giro Perorangan - Wadiah,829.62,0.27,0.19,ACTIVE
2025-09,AC02094,Giro Lembaga - Wadiah,179.17,0.22,0.03,ACTIVE
2025-09,AC02095,Giro Lembaga - Mudharabah,951.51,2.24,1.78,ACTIVE
2025-09,AC02096,Tabungan Perorangan - Mudharabah,296.87,2.57,0.64,ACTIVE
2025-09,AC02099,Giro Lembaga - Mudharabah,369.33,2.19,0.67,ACTIVE
2025-09,AC02101,Deposito Lembaga - Mudharabah,266.6,4.3,0.96,ACTIVE
2025-09,AC02102,Deposito Perorangan - Mudharabah,291.59,3.9,0.95,ACTIVE
2025-09,AC02106,Tabungan Lembaga - Wadiah,1212.84,0.59,0.6,ACTIVE
2025-09,AC02107,Tabungan Lembaga - Wadiah,910.61,0.55,0.42,ACTIVE
2025-09,AC02112,Tabungan Perorangan - Mudharabah,372.31,2.5,0.78,ACTIVE
2025-09,AC02113,Giro Perorangan - Wadiah,783.84,0.24,0.16,ACTIVE
2025-09,AC02115,Tabungan Perorangan - Wadiah,860.18,0.52,0.37,ACTIVE
2025-09,AC02116,Giro Perorangan - Wadiah,347.65,0.39,0.11,ACTIVE
2025-09,AC02117,Giro Perorangan - Wadiah,360.92,0.17,0.05,ACTIVE
2025-09,AC02118,Tabungan Perorangan - Wadiah,707.33,0.39,0.23,ACTIVE
2025-09,AC02121,Deposito Perorangan - Mudharabah,926.14,4.09,3.16,ACTIVE
2025-09,AC02122,Giro Perorangan - Wadiah,844.49,0.13,0.09,ACTIVE
2025-09,AC02123,Tabungan Perorangan - Mudharabah,1082.06,2.41,2.17,ACTIVE
2025-09,AC02124,Tabungan Lembaga - Mudharabah,1063.33,2.72,2.41,ACTIVE
2025-09,AC02125,Tabungan Perorangan - Wadiah,1234.13,0.38,0.39,ACTIVE
2025-09,AC02126,Tabungan Lembaga - Mudharabah,472.52,2.51,0.99,ACTIVE
2025-09,AC02127,Giro Lembaga - Wadiah,1288.96,0.24,0.26,ACTIVE
2025-09,AC02128,Deposito Perorangan - Mudharabah,939.3,4.08,3.19,ACTIVE
2025-09,AC02130,Deposito Perorangan - Mudharabah,874.86,3.98,2.9,ACTIVE
2025-09,AC02131,Tabungan Lembaga - Wadiah,367.83,0.6,0.18,ACTIVE
2025-09,AC02132,Giro Lembaga - Wadiah,1341.66,0.37,0.41,ACTIVE
2025-09,AC02133,Tabungan Lembaga - Wadiah,1039.09,0.76,0.66,ACTIVE
2025-09,AC02135,Giro Lembaga - Wadiah,930.04,0.2,0.16,ACTIVE
2025-09,AC02136,Tabungan Perorangan - Mudharabah,499.99,2.46,1.02,ACTIVE
2025-09,AC02138,Tabungan Perorangan - Mudharabah,889.11,2.4,1.78,ACTIVE
2025-09,AC02139,Tabungan Perorangan - Wadiah,1079.95,0.64,0.58,ACTIVE
2025-09,AC02142,Tabungan Lembaga - Wadiah,141.64,0.7,0.08,ACTIVE
2025-09,AC02143,Giro Lembaga - Wadiah,158.01,0.43,0.06,ACTIVE
2025-09,AC02144,Giro Perorangan - Wadiah,809.15,0.1,0.07,ACTIVE
2025-09,AC02146,Giro Lembaga - Wadiah,417.23,0.3,0.1,ACTIVE
2025-09,AC02147,Giro Perorangan - Mudharabah,489.71,1.95,0.8,ACTIVE
2025-09,AC02149,Deposito Perorangan - Mudharabah,229.53,3.99,0.76,ACTIVE
2025-09,AC02151,Giro Lembaga - Mudharabah,556.07,2.07,0.96,ACTIVE
2025-09,AC02152,Giro Perorangan - Wadiah,1273.05,0.37,0.39,ACTIVE
2025-09,AC02153,Giro Lembaga - Wadiah,1011.28,0.28,0.24,ACTIVE
2025-09,AC02154,Giro Perorangan - Wadiah,282.92,0.17,0.04,ACTIVE
2025-09,AC02155,Giro Lembaga - Wadiah,683.54,0.31,0.18,ACTIVE
2025-09,AC02156,Tabungan Perorangan - Wadiah,974.81,0.47,0.38,ACTIVE
2025-09,AC02157,Tabungan Lembaga - Wadiah,466.1,0.68,0.26,ACTIVE
2025-09,AC02158,Giro Lembaga - Mudharabah,1388.05,2.07,2.39,ACTIVE
2025-09,AC02159,Giro Lembaga - Mudharabah,1027.11,2.11,1.81,ACTIVE
2025-09,AC02161,Tabungan Lembaga - Mudharabah,169.55,2.58,0.36,ACTIVE
2025-09,AC02162,Tabungan Perorangan - Wadiah,1078.22,0.64,0.58,ACTIVE
2025-09,AC02164,Giro Lembaga - Mudharabah,244.39,2.13,0.43,ACTIVE
2025-09,AC02165,Tabungan Lembaga - Wadiah,977.69,0.75,0.61,ACTIVE
2025-09,AC02166,Deposito Lembaga - Mudharabah,362.24,4.27,1.29,ACTIVE
2025-09,AC02170,Tabungan Perorangan - Wadiah,1023.17,0.4,0.34,ACTIVE
2025-09,AC02171,Tabungan Perorangan - Mudharabah,1035.15,2.46,2.12,ACTIVE
2025-09,AC02173,Deposito Lembaga - Mudharabah,650.01,4.11,2.23,ACTIVE
2025-10,AC02025,Giro Lembaga - Wadiah,348.79,0.3,0.09,ACTIVE
2025-10,AC02026,Deposito Perorangan - Mudharabah,203.52,4.14,0.7,ACTIVE
2025-10,AC02027,Deposito Lembaga - Mudharabah,926.42,4.21,3.25,ACTIVE
2025-10,AC02030,Tabungan Perorangan - Mudharabah,863.84,2.37,1.71,ACTIVE
2025-10,AC02031,Deposito Lembaga - Mudharabah,480.6,4.2,1.68,ACTIVE
2025-10,AC02032,Tabungan Lembaga - Mudharabah,965.25,2.64,2.12,ACTIVE
2025-10,AC02033,Giro Perorangan - Wadiah,670.73,0.13,0.07,ACTIVE
2025-10,AC02034,Deposito Lembaga - Mudharabah,952.34,4.37,3.47,ACTIVE
2025-10,AC02036,Tabungan Lembaga - Wadiah,1223.96,0.67,0.68,ACTIVE
2025-10,AC02038,Tabungan Perorangan - Mudharabah,1329.92,2.37,2.63,ACTIVE
2025-10,AC02040,Deposito Perorangan - Mudharabah,618.44,4.1,2.11,ACTIVE
2025-10,AC02042,Tabungan Perorangan - Mudharabah,186.24,2.62,0.41,ACTIVE
2025-10,AC02043,Giro Perorangan - Wadiah,171.73,0.12,0.02,ACTIVE
2025-10,AC02045,Giro Lembaga - Wadiah,787.45,0.44,0.29,ACTIVE
2025-10,AC02046,Deposito Perorangan - Mudharabah,1218.29,3.94,4.0,ACTIVE
2025-10,AC02049,Tabungan Perorangan - Mudharabah,369.46,2.53,0.78,ACTIVE
2025-10,AC02050,Tabungan Perorangan - Mudharabah,1350.58,2.41,2.71,ACTIVE
2025-10,AC02052,Tabungan Perorangan - Mudharabah,872.39,2.54,1.85,ACTIVE
2025-10,AC02053,Tabungan Perorangan - Wadiah,664.51,0.47,0.26,ACTIVE
2025-10,AC02054,Deposito Perorangan - Mudharabah,141.65,3.93,0.46,ACTIVE
2025-10,AC02055,Giro Lembaga - Mudharabah,812.67,2.02,1.37,ACTIVE
2025-10,AC02056,Giro Perorangan - Wadiah,227.11,0.24,0.05,ACTIVE
2025-10,AC02058,Giro Lembaga - Mudharabah,819.49,1.96,1.34,ACTIVE
2025-10,AC02059,Deposito Lembaga - Mudharabah,464.7,4.17,1.61,ACTIVE
2025-10,AC02060,Deposito Perorangan - Mudharabah,905.94,4.09,3.09,ACTIVE
2025-10,AC02066,Tabungan Lembaga - Wadiah,223.55,0.77,0.14,ACTIVE
2025-10,AC02070,Tabungan Perorangan - Wadiah,217.17,0.57,0.1,ACTIVE
2025-10,AC02071,Tabungan Lembaga - Wadiah,1057.8,0.53,0.47,ACTIVE
2025-10,AC02072,Tabungan Perorangan - Wadiah,879.34,0.46,0.34,ACTIVE
2025-10,AC02075,Tabungan Perorangan - Mudharabah,1359.75,2.43,2.75,ACTIVE
2025-10,AC02077,Giro Lembaga - Wadiah,747.93,0.4,0.25,ACTIVE
2025-10,AC02079,Tabungan Perorangan - Mudharabah,1225.87,2.42,2.47,ACTIVE
2025-10,AC02081,Deposito Perorangan - Mudharabah,286.68,4.08,0.97,ACTIVE
2025-10,AC02086,Deposito Lembaga - Mudharabah,321.13,4.36,1.17,ACTIVE
2025-10,AC02088,Tabungan Lembaga - Mudharabah,614.44,2.73,1.4,ACTIVE
2025-10,AC02090,Tabungan Perorangan - Mudharabah,1306.81,2.4,2.61,ACTIVE
2025-10,AC02091,Giro Lembaga - Wadiah,401.37,0.23,0.08,ACTIVE
2025-10,AC02092,Giro Perorangan - Wadiah,812.04,0.27,0.18,ACTIVE
2025-10,AC02094,Giro Lembaga - Wadiah,173.55,0.22,0.03,ACTIVE
2025-10,AC02095,Giro Lembaga - Mudharabah,931.24,2.24,1.74,ACTIVE
2025-10,AC02096,Tabungan Perorangan - Mudharabah,290.43,2.57,0.62,ACTIVE
2025-10,AC02099,Giro Lembaga - Mudharabah,361.5,2.19,0.66,ACTIVE
2025-10,AC02101,Deposito Lembaga - Mudharabah,261.07,4.3,0.94,ACTIVE
2025-10,AC02102,Deposito Perorangan - Mudharabah,282.44,3.9,0.92,ACTIVE
2025-10,AC02106,Tabungan Lembaga - Wadiah,1186.76,0.59,0.58,ACTIVE
2025-10,AC02107,Tabungan Lembaga - Wadiah,891.62,0.55,0.41,ACTIVE
2025-10,AC02111,Giro Lembaga - Mudharabah,183.16,1.96,0.3,ACTIVE
2025-10,AC02112,Tabungan Perorangan - Mudharabah,360.63,2.5,0.75,ACTIVE
2025-10,AC02113,Giro Perorangan - Wadiah,759.24,0.24,0.15,ACTIVE
2025-10,AC02115,Tabungan Perorangan - Wadiah,833.18,0.52,0.36,ACTIVE
2025-10,AC02116,Giro Perorangan - Wadiah,340.17,0.39,0.11,ACTIVE
2025-10,AC02117,Giro Perorangan - Wadiah,353.31,0.17,0.05,ACTIVE
2025-10,AC02118,Tabungan Perorangan - Wadiah,692.42,0.39,0.23,ACTIVE
2025-10,AC02121,Deposito Perorangan - Mudharabah,897.07,4.09,3.06,ACTIVE
2025-10,AC02122,Giro Perorangan - Wadiah,826.59,0.13,0.09,ACTIVE
2025-10,AC02123,Tabungan Perorangan - Mudharabah,1048.1,2.41,2.1,ACTIVE
2025-10,AC02124,Tabungan Lembaga - Mudharabah,1029.96,2.72,2.33,ACTIVE
2025-10,AC02125,Tabungan Perorangan - Wadiah,1207.85,0.38,0.38,ACTIVE
2025-10,AC02126,Tabungan Lembaga - Mudharabah,462.78,2.51,0.97,ACTIVE
2025-10,AC02127,Giro Lembaga - Wadiah,1248.5,0.24,0.25,ACTIVE
2025-10,AC02128,Deposito Perorangan - Mudharabah,919.01,4.08,3.12,ACTIVE
2025-10,AC02129,Tabungan Lembaga - Wadiah,472.21,0.67,0.26,ACTIVE
2025-10,AC02130,Deposito Perorangan - Mudharabah,847.4,3.98,2.81,ACTIVE
2025-10,AC02131,Tabungan Lembaga - Wadiah,356.28,0.6,0.18,ACTIVE
2025-10,AC02132,Giro Lembaga - Wadiah,1299.54,0.37,0.4,ACTIVE
2025-10,AC02133,Tabungan Lembaga - Wadiah,1006.47,0.76,0.64,ACTIVE
2025-10,AC02135,Giro Lembaga - Wadiah,909.86,0.2,0.15,ACTIVE
2025-10,AC02136,Tabungan Perorangan - Mudharabah,489.14,2.46,1.0,ACTIVE
2025-10,AC02138,Tabungan Perorangan - Mudharabah,869.99,2.4,1.74,ACTIVE
2025-10,AC02139,Tabungan Perorangan - Wadiah,1057.68,0.64,0.56,ACTIVE
2025-10,AC02142,Tabungan Lembaga - Wadiah,137.2,0.7,0.08,ACTIVE
2025-10,AC02143,Giro Lembaga - Wadiah,153.05,0.43,0.05,ACTIVE
2025-10,AC02144,Giro Perorangan - Wadiah,783.75,0.1,0.07,ACTIVE
2025-10,AC02146,Giro Lembaga - Wadiah,404.13,0.3,0.1,ACTIVE
2025-10,AC02147,Giro Perorangan - Mudharabah,479.23,1.95,0.78,ACTIVE
2025-10,AC02149,Deposito Perorangan - Mudharabah,222.32,3.99,0.74,ACTIVE
2025-10,AC02151,Giro Lembaga - Mudharabah,543.95,2.07,0.94,ACTIVE
2025-10,AC02152,Giro Perorangan - Wadiah,1233.09,0.37,0.38,ACTIVE
2025-10,AC02153,Giro Lembaga - Wadiah,989.96,0.28,0.23,ACTIVE
2025-10,AC02154,Giro Perorangan - Wadiah,276.83,0.17,0.04,ACTIVE
2025-10,AC02155,Giro Lembaga - Wadiah,662.09,0.31,0.17,ACTIVE
2025-10,AC02156,Tabungan Perorangan - Wadiah,953.66,0.47,0.37,ACTIVE
2025-10,AC02157,Tabungan Lembaga - Wadiah,455.98,0.68,0.26,ACTIVE
2025-10,AC02158,Giro Lembaga - Mudharabah,1344.48,2.07,2.32,ACTIVE
2025-10,AC02159,Giro Lembaga - Mudharabah,994.87,2.11,1.75,ACTIVE
2025-10,AC02161,Tabungan Lembaga - Mudharabah,164.23,2.58,0.35,ACTIVE
2025-10,AC02162,Tabungan Perorangan - Wadiah,1055.85,0.64,0.56,ACTIVE
2025-10,AC02164,Giro Lembaga - Mudharabah,239.24,2.13,0.42,ACTIVE
2025-10,AC02165,Tabungan Lembaga - Wadiah,947.0,0.75,0.59,ACTIVE
2025-10,AC02166,Deposito Lembaga - Mudharabah,354.73,4.27,1.26,ACTIVE
2025-10,AC02170,Tabungan Perorangan - Wadiah,991.05,0.4,0.33,ACTIVE
2025-10,AC02171,Tabungan Perorangan - Mudharabah,1002.66,2.46,2.06,ACTIVE
2025-10,AC02173,Deposito Lembaga - Mudharabah,636.6,4.11,2.18,ACTIVE
2025-11,AC02025,Giro Lembaga - Wadiah,336.74,0.3,0.08,ACTIVE
2025-11,AC02026,Deposito Perorangan - Mudharabah,198.45,4.14,0.68,ACTIVE
2025-11,AC02027,Deposito Lembaga - Mudharabah,903.26,4.21,3.17,ACTIVE
2025-11,AC02030,Tabungan Perorangan - Mudharabah,842.77,2.37,1.66,ACTIVE
2025-11,AC02031,Deposito Lembaga - Mudharabah,463.99,4.2,1.62,ACTIVE
2025-11,AC02032,Tabungan Lembaga - Mudharabah,941.6,2.64,2.07,ACTIVE
2025-11,AC02033,Giro Perorangan - Wadiah,654.3,0.13,0.07,ACTIVE
2025-11,AC02034,Deposito Lembaga - Mudharabah,919.42,4.37,3.35,ACTIVE
2025-11,AC02036,Tabungan Lembaga - Wadiah,1181.66,0.67,0.66,ACTIVE
2025-11,AC02038,Tabungan Perorangan - Mudharabah,1283.96,2.37,2.54,ACTIVE
2025-11,AC02040,Deposito Perorangan - Mudharabah,603.7,4.1,2.06,ACTIVE
2025-11,AC02042,Tabungan Perorangan - Mudharabah,181.72,2.62,0.4,ACTIVE
2025-11,AC02043,Giro Perorangan - Wadiah,167.46,0.12,0.02,ACTIVE
2025-11,AC02044,Deposito Perorangan - Mudharabah,235.22,4.09,0.8,ACTIVE
2025-11,AC02045,Giro Lembaga - Wadiah,760.23,0.44,0.28,ACTIVE
2025-11,AC02046,Deposito Perorangan - Mudharabah,1176.19,3.94,3.86,ACTIVE
2025-11,AC02048,Tabungan Lembaga - Mudharabah,1027.05,2.68,2.29,ACTIVE
2025-11,AC02049,Tabungan Perorangan - Mudharabah,356.69,2.53,0.75,ACTIVE
2025-11,AC02050,Tabungan Perorangan - Mudharabah,1303.93,2.41,2.62,ACTIVE
2025-11,AC02052,Tabungan Perorangan - Mudharabah,850.92,2.54,1.8,ACTIVE
2025-11,AC02053,Tabungan Perorangan - Wadiah,647.9,0.47,0.25,ACTIVE
2025-11,AC02054,Deposito Perorangan - Mudharabah,138.23,3.93,0.45,ACTIVE
2025-11,AC02055,Giro Lembaga - Mudharabah,784.58,2.02,1.32,ACTIVE
2025-11,AC02056,Giro Perorangan - Wadiah,221.57,0.24,0.04,ACTIVE
2025-11,AC02058,Giro Lembaga - Mudharabah,791.17,1.96,1.29,ACTIVE
2025-11,AC02059,Deposito Lembaga - Mudharabah,453.62,4.17,1.58,ACTIVE
2025-11,AC02060,Deposito Perorangan - Mudharabah,884.24,4.09,3.01,ACTIVE
2025-11,AC02062,Giro Perorangan - Wadiah,930.35,0.27,0.21,ACTIVE
2025-11,AC02064,Giro Perorangan - Mudharabah,788.99,1.94,1.28,ACTIVE
2025-11,AC02066,Tabungan Lembaga - Wadiah,218.17,0.77,0.14,ACTIVE
2025-11,AC02068,Tabungan Lembaga - Wadiah,878.39,0.5,0.37,ACTIVE
2025-11,AC02070,Tabungan Perorangan - Wadiah,209.66,0.57,0.1,ACTIVE
2025-11,AC02071,Tabungan Lembaga - Wadiah,1031.56,0.53,0.46,ACTIVE
2025-11,AC02072,Tabungan Perorangan - Wadiah,848.95,0.46,0.33,ACTIVE
2025-11,AC02077,Giro Lembaga - Wadiah,729.45,0.4,0.24,ACTIVE
2025-11,AC02079,Tabungan Perorangan - Mudharabah,1195.84,2.42,2.41,ACTIVE
2025-11,AC02081,Deposito Perorangan - Mudharabah,279.75,4.08,0.95,ACTIVE
2025-11,AC02086,Deposito Lembaga - Mudharabah,313.2,4.36,1.14,ACTIVE
2025-11,AC02088,Tabungan Lembaga - Mudharabah,593.2,2.73,1.35,ACTIVE
2025-11,AC02090,Tabungan Perorangan - Mudharabah,1274.26,2.4,2.55,ACTIVE
2025-11,AC02091,Giro Lembaga - Wadiah,391.76,0.23,0.08,ACTIVE
2025-11,AC02092,Giro Perorangan - Wadiah,792.14,0.27,0.18,ACTIVE
2025-11,AC02094,Giro Lembaga - Wadiah,167.55,0.22,0.03,ACTIVE
2025-11,AC02095,Giro Lembaga - Mudharabah,908.33,2.24,1.7,ACTIVE
2025-11,AC02096,Tabungan Perorangan - Mudharabah,283.17,2.57,0.61,ACTIVE
2025-11,AC02099,Giro Lembaga - Mudharabah,352.64,2.19,0.64,ACTIVE
2025-11,AC02101,Deposito Lembaga - Mudharabah,254.78,4.3,0.91,ACTIVE
2025-11,AC02102,Deposito Perorangan - Mudharabah,272.68,3.9,0.89,ACTIVE
2025-11,AC02106,Tabungan Lembaga - Wadiah,1157.32,0.59,0.57,ACTIVE
2025-11,AC02107,Tabungan Lembaga - Wadiah,870.06,0.55,0.4,ACTIVE
2025-11,AC02111,Giro Lembaga - Mudharabah,178.79,1.96,0.29,ACTIVE
2025-11,AC02112,Tabungan Perorangan - Mudharabah,348.16,2.5,0.73,ACTIVE
2025-11,AC02113,Giro Perorangan - Wadiah,733.0,0.24,0.15,ACTIVE
2025-11,AC02115,Tabungan Perorangan - Wadiah,804.39,0.52,0.35,ACTIVE
2025-11,AC02116,Giro Perorangan - Wadiah,331.73,0.39,0.11,ACTIVE
2025-11,AC02117,Giro Perorangan - Wadiah,344.69,0.17,0.05,ACTIVE
2025-11,AC02118,Tabungan Perorangan - Wadiah,675.53,0.39,0.22,ACTIVE
2025-11,AC02121,Deposito Perorangan - Mudharabah,866.07,4.09,2.95,ACTIVE
2025-11,AC02122,Giro Perorangan - Wadiah,806.34,0.13,0.09,ACTIVE
2025-11,AC02123,Tabungan Perorangan - Mudharabah,1011.88,2.41,2.03,ACTIVE
2025-11,AC02124,Tabungan Lembaga - Mudharabah,994.36,2.72,2.25,ACTIVE
2025-11,AC02125,Tabungan Perorangan - Wadiah,1178.13,0.38,0.37,ACTIVE
2025-11,AC02126,Tabungan Lembaga - Mudharabah,451.69,2.51,0.94,ACTIVE
2025-11,AC02127,Giro Lembaga - Wadiah,1205.36,0.24,0.24,ACTIVE
2025-11,AC02128,Deposito Perorangan - Mudharabah,896.12,4.08,3.05,ACTIVE
2025-11,AC02129,Tabungan Lembaga - Wadiah,460.96,0.67,0.26,ACTIVE
2025-11,AC02131,Tabungan Lembaga - Wadiah,343.97,0.6,0.17,ACTIVE
2025-11,AC02132,Giro Lembaga - Wadiah,1254.63,0.37,0.39,ACTIVE
2025-11,AC02133,Tabungan Lembaga - Wadiah,971.69,0.76,0.62,ACTIVE
2025-11,AC02135,Giro Lembaga - Wadiah,887.11,0.2,0.15,ACTIVE
2025-11,AC02136,Tabungan Perorangan - Mudharabah,476.91,2.46,0.98,ACTIVE
2025-11,AC02137,Giro Perorangan - Wadiah,233.34,0.18,0.04,ACTIVE
2025-11,AC02138,Tabungan Perorangan - Mudharabah,848.41,2.4,1.7,ACTIVE
2025-11,AC02139,Tabungan Perorangan - Wadiah,1032.35,0.64,0.55,ACTIVE
2025-11,AC02142,Tabungan Lembaga - Wadiah,132.46,0.7,0.08,ACTIVE
2025-11,AC02143,Giro Lembaga - Wadiah,147.76,0.43,0.05,ACTIVE
2025-11,AC02144,Giro Perorangan - Wadiah,756.66,0.1,0.06,ACTIVE
2025-11,AC02146,Giro Lembaga - Wadiah,390.17,0.3,0.1,ACTIVE
2025-11,AC02147,Giro Perorangan - Mudharabah,467.39,1.95,0.76,ACTIVE
2025-11,AC02149,Deposito Perorangan - Mudharabah,214.64,3.99,0.71,ACTIVE
2025-11,AC02151,Giro Lembaga - Mudharabah,525.15,2.07,0.91,ACTIVE
2025-11,AC02152,Giro Perorangan - Wadiah,1190.47,0.37,0.37,ACTIVE
2025-11,AC02153,Giro Lembaga - Wadiah,965.81,0.28,0.23,ACTIVE
2025-11,AC02154,Giro Perorangan - Wadiah,269.96,0.17,0.04,ACTIVE
2025-11,AC02155,Giro Lembaga - Wadiah,639.21,0.31,0.17,ACTIVE
2025-11,AC02156,Tabungan Perorangan - Wadiah,929.82,0.47,0.36,ACTIVE
2025-11,AC02157,Tabungan Lembaga - Wadiah,444.58,0.68,0.25,ACTIVE
2025-11,AC02158,Giro Lembaga - Mudharabah,1298.02,2.07,2.24,ACTIVE
2025-11,AC02159,Giro Lembaga - Mudharabah,960.49,2.11,1.69,ACTIVE
2025-11,AC02161,Tabungan Lembaga - Mudharabah,158.56,2.58,0.34,ACTIVE
2025-11,AC02162,Tabungan Perorangan - Wadiah,1030.44,0.64,0.55,ACTIVE
2025-11,AC02164,Giro Lembaga - Mudharabah,233.4,2.13,0.41,ACTIVE
2025-11,AC02165,Tabungan Lembaga - Wadiah,914.27,0.75,0.57,ACTIVE
2025-11,AC02166,Deposito Lembaga - Mudharabah,346.19,4.27,1.23,ACTIVE
2025-11,AC02170,Tabungan Perorangan - Wadiah,956.8,0.4,0.32,ACTIVE
2025-11,AC02171,Tabungan Perorangan - Mudharabah,968.01,2.46,1.98,ACTIVE
2025-11,AC02173,Deposito Lembaga - Mudharabah,621.36,4.11,2.13,ACTIVE
2025-12,AC02026,Deposito Perorangan - Mudharabah,186.98,4.14,0.65,ACTIVE
2025-12,AC02027,Deposito Lembaga - Mudharabah,842.71,4.21,2.96,ACTIVE
2025-12,AC02030,Tabungan Perorangan - Mudharabah,794.46,2.37,1.57,ACTIVE
2025-12,AC02031,Deposito Lembaga - Mudharabah,432.89,4.2,1.52,ACTIVE
2025-12,AC02032,Tabungan Lembaga - Mudharabah,887.54,2.64,1.95,ACTIVE
2025-12,AC02033,Giro Perorangan - Wadiah,616.73,0.13,0.07,ACTIVE
2025-12,AC02034,Deposito Lembaga - Mudharabah,857.79,4.37,3.12,ACTIVE
2025-12,AC02035,Deposito Perorangan - Mudharabah,817.98,3.95,2.69,ACTIVE
2025-12,AC02036,Tabungan Lembaga - Wadiah,1102.45,0.67,0.62,ACTIVE
2025-12,AC02038,Tabungan Perorangan - Mudharabah,1197.89,2.37,2.37,ACTIVE
2025-12,AC02040,Deposito Perorangan - Mudharabah,569.42,4.1,1.95,ACTIVE
2025-12,AC02042,Tabungan Perorangan - Mudharabah,171.32,2.62,0.37,ACTIVE
2025-12,AC02043,Giro Perorangan - Wadiah,157.78,0.12,0.02,ACTIVE
2025-12,AC02044,Deposito Perorangan - Mudharabah,221.89,4.09,0.76,ACTIVE
2025-12,AC02045,Giro Lembaga - Wadiah,709.27,0.44,0.26,ACTIVE
2025-12,AC02046,Deposito Perorangan - Mudharabah,1097.35,3.94,3.6,ACTIVE
2025-12,AC02048,Tabungan Lembaga - Mudharabah,968.85,2.68,2.16,ACTIVE
2025-12,AC02049,Tabungan Perorangan - Mudharabah,332.78,2.53,0.7,ACTIVE
2025-12,AC02050,Tabungan Perorangan - Mudharabah,1216.57,2.41,2.44,ACTIVE
2025-12,AC02052,Tabungan Perorangan - Mudharabah,801.98,2.54,1.7,ACTIVE
2025-12,AC02053,Tabungan Perorangan - Wadiah,604.47,0.47,0.24,ACTIVE
2025-12,AC02054,Deposito Perorangan - Mudharabah,130.34,3.93,0.43,ACTIVE
2025-12,AC02055,Giro Lembaga - Mudharabah,731.99,2.02,1.23,ACTIVE
2025-12,AC02056,Giro Perorangan - Wadiah,208.87,0.24,0.04,ACTIVE
2025-12,AC02058,Giro Lembaga - Mudharabah,738.14,1.96,1.21,ACTIVE
2025-12,AC02059,Deposito Lembaga - Mudharabah,427.87,4.17,1.49,ACTIVE
2025-12,AC02060,Deposito Perorangan - Mudharabah,833.94,4.09,2.84,ACTIVE
2025-12,AC02062,Giro Perorangan - Wadiah,877.63,0.27,0.2,ACTIVE
2025-12,AC02064,Giro Perorangan - Mudharabah,744.28,1.94,1.2,ACTIVE
2025-12,AC02065,Giro Perorangan - Wadiah,824.6,0.23,0.16,ACTIVE
2025-12,AC02066,Tabungan Lembaga - Wadiah,205.73,0.77,0.13,ACTIVE
2025-12,AC02068,Tabungan Lembaga - Wadiah,828.62,0.5,0.35,ACTIVE
2025-12,AC02069,Giro Lembaga - Mudharabah,941.3,2.22,1.74,ACTIVE
2025-12,AC02070,Tabungan Perorangan - Wadiah,195.61,0.57,0.09,ACTIVE
2025-12,AC02071,Tabungan Lembaga - Wadiah,972.03,0.53,0.43,ACTIVE
2025-12,AC02072,Tabungan Perorangan - Wadiah,792.04,0.46,0.3,ACTIVE
2025-12,AC02077,Giro Lembaga - Wadiah,687.43,0.4,0.23,ACTIVE
2025-12,AC02079,Tabungan Perorangan - Mudharabah,1127.18,2.42,2.27,ACTIVE
2025-12,AC02081,Deposito Perorangan - Mudharabah,263.77,4.08,0.9,ACTIVE
2025-12,AC02082,Tabungan Perorangan - Mudharabah,529.85,2.58,1.14,ACTIVE
2025-12,AC02086,Deposito Lembaga - Mudharabah,295.15,4.36,1.07,ACTIVE
2025-12,AC02088,Tabungan Lembaga - Mudharabah,553.44,2.73,1.26,ACTIVE
2025-12,AC02090,Tabungan Perorangan - Mudharabah,1200.62,2.4,2.4,ACTIVE
2025-12,AC02091,Giro Lembaga - Wadiah,369.47,0.23,0.07,ACTIVE
2025-12,AC02092,Giro Perorangan - Wadiah,746.66,0.27,0.17,ACTIVE
2025-12,AC02094,Giro Lembaga - Wadiah,156.32,0.22,0.03,ACTIVE
2025-12,AC02095,Giro Lembaga - Mudharabah,856.09,2.24,1.6,ACTIVE
2025-12,AC02096,Tabungan Perorangan - Mudharabah,264.19,2.57,0.57,ACTIVE
2025-12,AC02099,Giro Lembaga - Mudharabah,332.39,2.19,0.61,ACTIVE
2025-12,AC02101,Deposito Lembaga - Mudharabah,240.26,4.3,0.86,ACTIVE
2025-12,AC02102,Deposito Perorangan - Mudharabah,254.4,3.9,0.83,ACTIVE
2025-12,AC02105,Deposito Perorangan - Mudharabah,794.12,3.93,2.6,ACTIVE
2025-12,AC02106,Tabungan Lembaga - Wadiah,1090.54,0.59,0.54,ACTIVE
2025-12,AC02107,Tabungan Lembaga - Wadiah,820.37,0.55,0.38,ACTIVE
2025-12,AC02111,Giro Lembaga - Mudharabah,168.64,1.96,0.28,ACTIVE
2025-12,AC02112,Tabungan Perorangan - Mudharabah,324.83,2.5,0.68,ACTIVE
2025-12,AC02113,Giro Perorangan - Wadiah,683.87,0.24,0.14,ACTIVE
2025-12,AC02115,Tabungan Perorangan - Wadiah,750.47,0.52,0.33,ACTIVE
2025-12,AC02116,Giro Perorangan - Wadiah,312.59,0.39,0.1,ACTIVE
2025-12,AC02117,Giro Perorangan - Wadiah,324.93,0.17,0.05,ACTIVE
2025-12,AC02118,Tabungan Perorangan - Wadiah,636.81,0.39,0.21,ACTIVE
2025-12,AC02121,Deposito Perorangan - Mudharabah,808.02,4.09,2.75,ACTIVE
2025-12,AC02122,Giro Perorangan - Wadiah,760.04,0.13,0.08,ACTIVE
2025-12,AC02123,Tabungan Perorangan - Mudharabah,944.05,2.41,1.9,ACTIVE
2025-12,AC02124,Tabungan Lembaga - Mudharabah,927.71,2.72,2.1,ACTIVE
2025-12,AC02125,Tabungan Perorangan - Wadiah,1110.37,0.38,0.35,ACTIVE
2025-12,AC02126,Tabungan Lembaga - Mudharabah,426.0,2.51,0.89,ACTIVE
2025-12,AC02127,Giro Lembaga - Wadiah,1124.56,0.24,0.22,ACTIVE
2025-12,AC02128,Deposito Perorangan - Mudharabah,844.33,4.08,2.87,ACTIVE
2025-12,AC02129,Tabungan Lembaga - Wadiah,434.79,0.67,0.24,ACTIVE
2025-12,AC02131,Tabungan Lembaga - Wadiah,320.91,0.6,0.16,ACTIVE
2025-12,AC02132,Giro Lembaga - Wadiah,1170.53,0.37,0.36,ACTIVE
2025-12,AC02133,Tabungan Lembaga - Wadiah,906.56,0.76,0.57,ACTIVE
2025-12,AC02135,Giro Lembaga - Wadiah,827.65,0.2,0.14,ACTIVE
2025-12,AC02136,Tabungan Perorangan - Mudharabah,444.94,2.46,0.91,ACTIVE
2025-12,AC02137,Giro Perorangan - Wadiah,220.12,0.18,0.03,ACTIVE
2025-12,AC02138,Tabungan Perorangan - Mudharabah,799.45,2.4,1.6,ACTIVE
2025-12,AC02139,Tabungan Perorangan - Wadiah,973.62,0.64,0.52,ACTIVE
2025-12,AC02142,Tabungan Lembaga - Wadiah,123.58,0.7,0.07,ACTIVE
2025-12,AC02143,Giro Lembaga - Wadiah,137.85,0.43,0.05,ACTIVE
2025-12,AC02144,Giro Perorangan - Wadiah,705.94,0.1,0.06,ACTIVE
2025-12,AC02146,Giro Lembaga - Wadiah,364.01,0.3,0.09,ACTIVE
2025-12,AC02147,Giro Perorangan - Mudharabah,440.47,1.95,0.72,ACTIVE
2025-12,AC02149,Deposito Perorangan - Mudharabah,200.25,3.99,0.67,ACTIVE
2025-12,AC02151,Giro Lembaga - Mudharabah,489.95,2.07,0.85,ACTIVE
2025-12,AC02152,Giro Perorangan - Wadiah,1110.67,0.37,0.34,ACTIVE
2025-12,AC02153,Giro Lembaga - Wadiah,910.46,0.28,0.21,ACTIVE
2025-12,AC02154,Giro Perorangan - Wadiah,254.39,0.17,0.04,ACTIVE
2025-12,AC02155,Giro Lembaga - Wadiah,596.36,0.31,0.15,ACTIVE
2025-12,AC02156,Tabungan Perorangan - Wadiah,867.49,0.47,0.34,ACTIVE
2025-12,AC02157,Tabungan Lembaga - Wadiah,414.78,0.68,0.24,ACTIVE
2025-12,AC02158,Giro Lembaga - Mudharabah,1211.01,2.07,2.09,ACTIVE
2025-12,AC02159,Giro Lembaga - Mudharabah,896.1,2.11,1.58,ACTIVE
2025-12,AC02161,Tabungan Lembaga - Mudharabah,147.93,2.58,0.32,ACTIVE
2025-12,AC02162,Tabungan Perorangan - Wadiah,971.71,0.64,0.52,ACTIVE
2025-12,AC02164,Giro Lembaga - Mudharabah,220.03,2.13,0.39,ACTIVE
2025-12,AC02165,Tabungan Lembaga - Wadiah,852.99,0.75,0.53,ACTIVE
2025-12,AC02166,Deposito Lembaga - Mudharabah,326.46,4.27,1.16,ACTIVE
2025-12,AC02167,Tabungan Lembaga - Wadiah,500.64,0.71,0.3,ACTIVE
2025-12,AC02170,Tabungan Perorangan - Wadiah,892.67,0.4,0.3,ACTIVE
2025-12,AC02171,Tabungan Perorangan - Mudharabah,903.12,2.46,1.85,ACTIVE
2025-12,AC02173,Deposito Lembaga - Mudharabah,586.01,4.11,2.01,ACTIVE
2026-01,AC02026,Deposito Perorangan - Mudharabah,189.09,4.14,0.65,ACTIVE
2026-01,AC02027,Deposito Lembaga - Mudharabah,852.2,4.21,2.99,ACTIVE
2026-01,AC02030,Tabungan Perorangan - Mudharabah,811.69,2.37,1.6,ACTIVE
2026-01,AC02031,Deposito Lembaga - Mudharabah,437.76,4.2,1.53,ACTIVE
2026-01,AC02032,Tabungan Lembaga - Mudharabah,906.69,2.64,1.99,ACTIVE
2026-01,AC02033,Giro Perorangan - Wadiah,630.04,0.13,0.07,ACTIVE
2026-01,AC02034,Deposito Lembaga - Mudharabah,867.45,4.37,3.16,ACTIVE
2026-01,AC02035,Deposito Perorangan - Mudharabah,836.38,3.95,2.75,ACTIVE
2026-01,AC02036,Tabungan Lembaga - Wadiah,1114.86,0.67,0.62,ACTIVE
2026-01,AC02038,Tabungan Perorangan - Mudharabah,1211.37,2.37,2.39,ACTIVE
2026-01,AC02040,Deposito Perorangan - Mudharabah,582.09,4.1,1.99,ACTIVE
2026-01,AC02042,Tabungan Perorangan - Mudharabah,175.06,2.62,0.38,ACTIVE
2026-01,AC02043,Giro Perorangan - Wadiah,159.56,0.12,0.02,ACTIVE
2026-01,AC02044,Deposito Perorangan - Mudharabah,226.85,4.09,0.77,ACTIVE
2026-01,AC02045,Giro Lembaga - Wadiah,717.26,0.44,0.26,ACTIVE
2026-01,AC02046,Deposito Perorangan - Mudharabah,1109.7,3.94,3.64,ACTIVE
2026-01,AC02048,Tabungan Lembaga - Mudharabah,990.53,2.68,2.21,ACTIVE
2026-01,AC02049,Tabungan Perorangan - Mudharabah,336.53,2.53,0.71,ACTIVE
2026-01,AC02050,Tabungan Perorangan - Mudharabah,1230.2,2.41,2.47,ACTIVE
2026-01,AC02052,Tabungan Perorangan - Mudharabah,819.2,2.54,1.73,ACTIVE
2026-01,AC02053,Tabungan Perorangan - Wadiah,611.28,0.47,0.24,ACTIVE
2026-01,AC02054,Deposito Perorangan - Mudharabah,133.19,3.93,0.44,ACTIVE
2026-01,AC02055,Giro Lembaga - Mudharabah,740.23,2.02,1.25,ACTIVE
2026-01,AC02056,Giro Perorangan - Wadiah,213.4,0.24,0.04,ACTIVE
2026-01,AC02058,Giro Lembaga - Mudharabah,746.45,1.96,1.22,ACTIVE
2026-01,AC02059,Deposito Lembaga - Mudharabah,437.39,4.17,1.52,ACTIVE
2026-01,AC02060,Deposito Perorangan - Mudharabah,852.39,4.09,2.91,ACTIVE
2026-01,AC02062,Giro Perorangan - Wadiah,897.26,0.27,0.2,ACTIVE
2026-01,AC02064,Giro Perorangan - Mudharabah,760.93,1.94,1.23,ACTIVE
2026-01,AC02065,Giro Perorangan - Wadiah,843.15,0.23,0.16,ACTIVE
2026-01,AC02066,Tabungan Lembaga - Wadiah,210.26,0.77,0.13,ACTIVE
2026-01,AC02068,Tabungan Lembaga - Wadiah,847.15,0.5,0.35,ACTIVE
2026-01,AC02069,Giro Lembaga - Mudharabah,962.48,2.22,1.78,ACTIVE
2026-01,AC02070,Tabungan Perorangan - Wadiah,197.81,0.57,0.09,ACTIVE
2026-01,AC02071,Tabungan Lembaga - Wadiah,992.71,0.53,0.44,ACTIVE
2026-01,AC02072,Tabungan Perorangan - Wadiah,800.96,0.46,0.31,ACTIVE
2026-01,AC02077,Giro Lembaga - Wadiah,702.12,0.4,0.23,ACTIVE
2026-01,AC02079,Tabungan Perorangan - Mudharabah,1151.5,2.42,2.32,ACTIVE
2026-01,AC02081,Deposito Perorangan - Mudharabah,269.55,4.08,0.92,ACTIVE
2026-01,AC02082,Tabungan Perorangan - Mudharabah,541.77,2.58,1.16,ACTIVE
2026-01,AC02086,Deposito Lembaga - Mudharabah,301.46,4.36,1.1,ACTIVE
2026-01,AC02088,Tabungan Lembaga - Mudharabah,559.67,2.73,1.27,ACTIVE
2026-01,AC02090,Tabungan Perorangan - Mudharabah,1214.13,2.4,2.43,ACTIVE
2026-01,AC02091,Giro Lembaga - Wadiah,377.65,0.23,0.07,ACTIVE
2026-01,AC02092,Giro Perorangan - Wadiah,762.77,0.27,0.17,ACTIVE
2026-01,AC02094,Giro Lembaga - Wadiah,158.08,0.22,0.03,ACTIVE
2026-01,AC02095,Giro Lembaga - Mudharabah,874.47,2.24,1.63,ACTIVE
2026-01,AC02096,Tabungan Perorangan - Mudharabah,267.16,2.57,0.57,ACTIVE
2026-01,AC02098,Tabungan Lembaga - Wadiah,477.48,0.79,0.31,ACTIVE
2026-01,AC02099,Giro Lembaga - Mudharabah,339.57,2.19,0.62,ACTIVE
2026-01,AC02101,Deposito Lembaga - Mudharabah,245.55,4.3,0.88,ACTIVE
2026-01,AC02102,Deposito Perorangan - Mudharabah,257.27,3.9,0.84,ACTIVE
2026-01,AC02103,Giro Perorangan - Wadiah,665.64,0.2,0.11,ACTIVE
2026-01,AC02105,Deposito Perorangan - Mudharabah,811.98,3.93,2.66,ACTIVE
2026-01,AC02106,Tabungan Lembaga - Wadiah,1113.74,0.59,0.55,ACTIVE
2026-01,AC02107,Tabungan Lembaga - Wadiah,838.34,0.55,0.38,ACTIVE
2026-01,AC02111,Giro Lembaga - Mudharabah,172.39,1.96,0.28,ACTIVE
2026-01,AC02112,Tabungan Perorangan - Mudharabah,328.48,2.5,0.68,ACTIVE
2026-01,AC02113,Giro Perorangan - Wadiah,691.56,0.24,0.14,ACTIVE
2026-01,AC02115,Tabungan Perorangan - Wadiah,758.92,0.52,0.33,ACTIVE
2026-01,AC02116,Giro Perorangan - Wadiah,319.24,0.39,0.1,ACTIVE
2026-01,AC02117,Giro Perorangan - Wadiah,331.98,0.17,0.05,ACTIVE
2026-01,AC02118,Tabungan Perorangan - Wadiah,650.62,0.39,0.21,ACTIVE
2026-01,AC02121,Deposito Perorangan - Mudharabah,817.11,4.09,2.78,ACTIVE
2026-01,AC02122,Giro Perorangan - Wadiah,776.44,0.13,0.08,ACTIVE
2026-01,AC02124,Tabungan Lembaga - Mudharabah,938.15,2.72,2.13,ACTIVE
2026-01,AC02125,Tabungan Perorangan - Wadiah,1134.21,0.38,0.36,ACTIVE
2026-01,AC02126,Tabungan Lembaga - Mudharabah,435.42,2.51,0.91,ACTIVE
2026-01,AC02127,Giro Lembaga - Wadiah,1137.22,0.24,0.23,ACTIVE
2026-01,AC02128,Deposito Perorangan - Mudharabah,853.83,4.08,2.9,ACTIVE
2026-01,AC02129,Tabungan Lembaga - Wadiah,444.46,0.67,0.25,ACTIVE
2026-01,AC02131,Tabungan Lembaga - Wadiah,324.52,0.6,0.16,ACTIVE
2026-01,AC02132,Giro Lembaga - Wadiah,1183.71,0.37,0.36,ACTIVE
2026-01,AC02133,Tabungan Lembaga - Wadiah,916.76,0.76,0.58,ACTIVE
2026-01,AC02135,Giro Lembaga - Wadiah,836.96,0.2,0.14,ACTIVE
2026-01,AC02136,Tabungan Perorangan - Mudharabah,449.95,2.46,0.92,ACTIVE
2026-01,AC02137,Giro Perorangan - Wadiah,225.04,0.18,0.03,ACTIVE
2026-01,AC02138,Tabungan Perorangan - Mudharabah,816.46,2.4,1.63,ACTIVE
2026-01,AC02139,Tabungan Perorangan - Wadiah,995.16,0.64,0.53,ACTIVE
2026-01,AC02140,Tabungan Perorangan - Wadiah,447.06,0.51,0.19,ACTIVE
2026-01,AC02142,Tabungan Lembaga - Wadiah,124.97,0.7,0.07,ACTIVE
2026-01,AC02143,Giro Lembaga - Wadiah,139.41,0.43,0.05,ACTIVE
2026-01,AC02144,Giro Perorangan - Wadiah,713.89,0.1,0.06,ACTIVE
2026-01,AC02145,Giro Lembaga - Wadiah,619.42,0.41,0.21,ACTIVE
2026-01,AC02146,Giro Lembaga - Wadiah,368.11,0.3,0.09,ACTIVE
2026-01,AC02147,Giro Perorangan - Mudharabah,449.88,1.95,0.73,ACTIVE
2026-01,AC02151,Giro Lembaga - Mudharabah,495.47,2.07,0.85,ACTIVE
2026-01,AC02152,Giro Perorangan - Wadiah,1123.18,0.37,0.35,ACTIVE
2026-01,AC02153,Giro Lembaga - Wadiah,930.2,0.28,0.22,ACTIVE
2026-01,AC02154,Giro Perorangan - Wadiah,259.8,0.17,0.04,ACTIVE
2026-01,AC02155,Giro Lembaga - Wadiah,603.07,0.31,0.16,ACTIVE
2026-01,AC02156,Tabungan Perorangan - Wadiah,877.25,0.47,0.34,ACTIVE
2026-01,AC02157,Tabungan Lembaga - Wadiah,419.45,0.68,0.24,ACTIVE
2026-01,AC02161,Tabungan Lembaga - Mudharabah,149.59,2.58,0.32,ACTIVE
2026-01,AC02162,Tabungan Perorangan - Wadiah,993.1,0.64,0.53,ACTIVE
2026-01,AC02164,Giro Lembaga - Mudharabah,224.8,2.13,0.4,ACTIVE
2026-01,AC02165,Tabungan Lembaga - Wadiah,862.59,0.75,0.54,ACTIVE
2026-01,AC02166,Deposito Lembaga - Mudharabah,333.65,4.27,1.19,ACTIVE
2026-01,AC02167,Tabungan Lembaga - Wadiah,511.9,0.71,0.3,ACTIVE
2026-01,AC02168,Tabungan Perorangan - Mudharabah,186.23,2.45,0.38,ACTIVE
2026-01,AC02170,Tabungan Perorangan - Wadiah,902.71,0.4,0.3,ACTIVE
2026-01,AC02171,Tabungan Perorangan - Mudharabah,913.29,2.46,1.87,ACTIVE
2026-01,AC02173,Deposito Lembaga - Mudharabah,598.98,4.11,2.05,ACTIVE
2026-02,AC02026,Deposito Perorangan - Mudharabah,178.16,4.14,0.61,ACTIVE
2026-02,AC02027,Deposito Lembaga - Mudharabah,802.95,4.21,2.82,ACTIVE
2026-02,AC02029,Deposito Lembaga - Mudharabah,778.88,4.19,2.72,ACTIVE
2026-02,AC02030,Tabungan Perorangan - Mudharabah,772.59,2.37,1.53,ACTIVE
2026-02,AC02031,Deposito Lembaga - Mudharabah,412.47,4.2,1.44,ACTIVE
2026-02,AC02032,Tabungan Lembaga - Mudharabah,862.93,2.64,1.9,ACTIVE
2026-02,AC02033,Giro Perorangan - Wadiah,599.63,0.13,0.06,ACTIVE
2026-02,AC02034,Deposito Lembaga - Mudharabah,817.33,4.37,2.98,ACTIVE
2026-02,AC02035,Deposito Perorangan - Mudharabah,796.71,3.95,2.62,ACTIVE
2026-02,AC02036,Tabungan Lembaga - Wadiah,1050.44,0.67,0.59,ACTIVE
2026-02,AC02038,Tabungan Perorangan - Mudharabah,1141.38,2.37,2.25,ACTIVE
2026-02,AC02040,Deposito Perorangan - Mudharabah,554.35,4.1,1.89,ACTIVE
2026-02,AC02042,Tabungan Perorangan - Mudharabah,166.64,2.62,0.36,ACTIVE
2026-02,AC02043,Giro Perorangan - Wadiah,150.34,0.12,0.02,ACTIVE
2026-02,AC02044,Deposito Perorangan - Mudharabah,216.07,4.09,0.74,ACTIVE
2026-02,AC02045,Giro Lembaga - Wadiah,675.81,0.44,0.25,ACTIVE
2026-02,AC02046,Deposito Perorangan - Mudharabah,1045.58,3.94,3.43,ACTIVE
2026-02,AC02048,Tabungan Lembaga - Mudharabah,943.43,2.68,2.11,ACTIVE
2026-02,AC02049,Tabungan Perorangan - Mudharabah,317.08,2.53,0.67,ACTIVE
2026-02,AC02050,Tabungan Perorangan - Mudharabah,1159.11,2.41,2.33,ACTIVE
2026-02,AC02052,Tabungan Perorangan - Mudharabah,779.59,2.54,1.65,ACTIVE
2026-02,AC02053,Tabungan Perorangan - Wadiah,575.95,0.47,0.23,ACTIVE
2026-02,AC02054,Deposito Perorangan - Mudharabah,126.8,3.93,0.42,ACTIVE
2026-02,AC02055,Giro Lembaga - Mudharabah,697.46,2.02,1.17,ACTIVE
2026-02,AC02056,Giro Perorangan - Wadiah,203.12,0.24,0.04,ACTIVE
2026-02,AC02058,Giro Lembaga - Mudharabah,703.32,1.96,1.15,ACTIVE
2026-02,AC02059,Deposito Lembaga - Mudharabah,416.55,4.17,1.45,ACTIVE
2026-02,AC02060,Deposito Perorangan - Mudharabah,811.68,4.09,2.77,ACTIVE
2026-02,AC02062,Giro Perorangan - Wadiah,854.6,0.27,0.19,ACTIVE
2026-02,AC02064,Giro Perorangan - Mudharabah,724.76,1.94,1.17,ACTIVE
2026-02,AC02065,Giro Perorangan - Wadiah,803.15,0.23,0.15,ACTIVE
2026-02,AC02066,Tabungan Lembaga - Wadiah,200.2,0.77,0.13,ACTIVE
2026-02,AC02068,Tabungan Lembaga - Wadiah,806.87,0.5,0.34,ACTIVE
2026-02,AC02069,Giro Lembaga - Mudharabah,916.83,2.22,1.7,ACTIVE
2026-02,AC02070,Tabungan Perorangan - Wadiah,186.38,0.57,0.09,ACTIVE
2026-02,AC02071,Tabungan Lembaga - Wadiah,935.34,0.53,0.41,ACTIVE
2026-02,AC02072,Tabungan Perorangan - Wadiah,754.68,0.46,0.29,ACTIVE
2026-02,AC02076,Giro Lembaga - Wadiah,424.34,0.38,0.13,ACTIVE
2026-02,AC02077,Giro Lembaga - Wadiah,668.1,0.4,0.22,ACTIVE
2026-02,AC02079,Tabungan Perorangan - Mudharabah,1095.92,2.42,2.21,ACTIVE
2026-02,AC02080,Deposito Lembaga - Mudharabah,937.47,4.14,3.23,ACTIVE
2026-02,AC02081,Deposito Perorangan - Mudharabah,256.62,4.08,0.87,ACTIVE
2026-02,AC02082,Tabungan Perorangan - Mudharabah,516.07,2.58,1.11,ACTIVE
2026-02,AC02086,Deposito Lembaga - Mudharabah,286.85,4.36,1.04,ACTIVE
2026-02,AC02088,Tabungan Lembaga - Mudharabah,527.33,2.73,1.2,ACTIVE
2026-02,AC02089,Giro Lembaga - Wadiah,676.21,0.16,0.09,ACTIVE
2026-02,AC02090,Tabungan Perorangan - Mudharabah,1143.97,2.4,2.29,ACTIVE
2026-02,AC02091,Giro Lembaga - Wadiah,359.61,0.23,0.07,ACTIVE
2026-02,AC02092,Giro Perorangan - Wadiah,725.95,0.27,0.16,ACTIVE
2026-02,AC02094,Giro Lembaga - Wadiah,148.95,0.22,0.03,ACTIVE
2026-02,AC02095,Giro Lembaga - Mudharabah,832.18,2.24,1.55,ACTIVE
2026-02,AC02096,Tabungan Perorangan - Mudharabah,251.72,2.57,0.54,ACTIVE
2026-02,AC02098,Tabungan Lembaga - Wadiah,454.89,0.79,0.3,ACTIVE
2026-02,AC02099,Giro Lembaga - Mudharabah,323.18,2.19,0.59,ACTIVE
2026-02,AC02100,Giro Perorangan - Mudharabah,985.44,2.1,1.72,ACTIVE
2026-02,AC02101,Deposito Lembaga - Mudharabah,233.8,4.3,0.84,ACTIVE
2026-02,AC02102,Deposito Perorangan - Mudharabah,242.4,3.9,0.79,ACTIVE
2026-02,AC02103,Giro Perorangan - Wadiah,634.15,0.2,0.11,ACTIVE
2026-02,AC02105,Deposito Perorangan - Mudharabah,773.47,3.93,2.53,ACTIVE
2026-02,AC02106,Tabungan Lembaga - Wadiah,1049.38,0.59,0.52,ACTIVE
2026-02,AC02107,Tabungan Lembaga - Wadiah,798.12,0.55,0.37,ACTIVE
2026-02,AC02111,Giro Lembaga - Mudharabah,164.18,1.96,0.27,ACTIVE
2026-02,AC02112,Tabungan Perorangan - Mudharabah,309.5,2.5,0.64,ACTIVE
2026-02,AC02113,Giro Perorangan - Wadiah,651.6,0.24,0.13,ACTIVE
2026-02,AC02115,Tabungan Perorangan - Wadiah,715.06,0.52,0.31,ACTIVE
2026-02,AC02116,Giro Perorangan - Wadiah,300.79,0.39,0.1,ACTIVE
2026-02,AC02117,Giro Perorangan - Wadiah,315.99,0.17,0.04,ACTIVE
2026-02,AC02118,Tabungan Perorangan - Wadiah,619.28,0.39,0.2,ACTIVE
2026-02,AC02119,Tabungan Lembaga - Wadiah,1039.76,0.75,0.65,ACTIVE
2026-02,AC02121,Deposito Perorangan - Mudharabah,769.89,4.09,2.62,ACTIVE
2026-02,AC02122,Giro Perorangan - Wadiah,738.96,0.13,0.08,ACTIVE
2026-02,AC02125,Tabungan Perorangan - Wadiah,1079.36,0.38,0.34,ACTIVE
2026-02,AC02126,Tabungan Lembaga - Mudharabah,414.63,2.51,0.87,ACTIVE
2026-02,AC02127,Giro Lembaga - Wadiah,1071.5,0.24,0.21,ACTIVE
2026-02,AC02128,Deposito Perorangan - Mudharabah,804.5,4.08,2.74,ACTIVE
2026-02,AC02129,Tabungan Lembaga - Wadiah,423.28,0.67,0.24,ACTIVE
2026-02,AC02131,Tabungan Lembaga - Wadiah,305.77,0.6,0.15,ACTIVE
2026-02,AC02132,Giro Lembaga - Wadiah,1115.31,0.37,0.34,ACTIVE
2026-02,AC02133,Tabungan Lembaga - Wadiah,863.79,0.76,0.55,ACTIVE
2026-02,AC02135,Giro Lembaga - Wadiah,788.6,0.2,0.13,ACTIVE
2026-02,AC02136,Tabungan Perorangan - Mudharabah,423.95,2.46,0.87,ACTIVE
2026-02,AC02137,Giro Perorangan - Wadiah,214.34,0.18,0.03,ACTIVE
2026-02,AC02138,Tabungan Perorangan - Mudharabah,769.28,2.4,1.54,ACTIVE
2026-02,AC02139,Tabungan Perorangan - Wadiah,947.63,0.64,0.51,ACTIVE
2026-02,AC02140,Tabungan Perorangan - Wadiah,425.9,0.51,0.18,ACTIVE
2026-02,AC02142,Tabungan Lembaga - Wadiah,117.75,0.7,0.07,ACTIVE
2026-02,AC02143,Giro Lembaga - Wadiah,131.35,0.43,0.05,ACTIVE
2026-02,AC02145,Giro Lembaga - Wadiah,590.11,0.41,0.2,ACTIVE
2026-02,AC02146,Giro Lembaga - Wadiah,346.84,0.3,0.09,ACTIVE
2026-02,AC02147,Giro Perorangan - Mudharabah,428.08,1.95,0.7,ACTIVE
2026-02,AC02151,Giro Lembaga - Mudharabah,466.84,2.07,0.81,ACTIVE
2026-02,AC02152,Giro Perorangan - Wadiah,1058.28,0.37,0.33,ACTIVE
2026-02,AC02153,Giro Lembaga - Wadiah,885.39,0.28,0.21,ACTIVE
2026-02,AC02154,Giro Perorangan - Wadiah,244.79,0.17,0.03,ACTIVE
2026-02,AC02155,Giro Lembaga - Wadiah,568.22,0.31,0.15,ACTIVE
2026-02,AC02156,Tabungan Perorangan - Wadiah,826.56,0.47,0.32,ACTIVE
2026-02,AC02157,Tabungan Lembaga - Wadiah,395.21,0.68,0.22,ACTIVE
2026-02,AC02160,Tabungan Perorangan - Mudharabah,114.07,2.37,0.23,ACTIVE
2026-02,AC02161,Tabungan Lembaga - Mudharabah,140.95,2.58,0.3,ACTIVE
2026-02,AC02162,Tabungan Perorangan - Wadiah,945.56,0.64,0.5,ACTIVE
2026-02,AC02164,Giro Lembaga - Mudharabah,213.97,2.13,0.38,ACTIVE
2026-02,AC02165,Tabungan Lembaga - Wadiah,812.75,0.75,0.51,ACTIVE
2026-02,AC02166,Deposito Lembaga - Mudharabah,317.68,4.27,1.13,ACTIVE
2026-02,AC02167,Tabungan Lembaga - Wadiah,487.62,0.71,0.29,ACTIVE
2026-02,AC02168,Tabungan Perorangan - Mudharabah,177.42,2.45,0.36,ACTIVE
2026-02,AC02170,Tabungan Perorangan - Wadiah,850.55,0.4,0.28,ACTIVE
2026-02,AC02171,Tabungan Perorangan - Mudharabah,860.52,2.46,1.76,ACTIVE
2026-02,AC02173,Deposito Lembaga - Mudharabah,570.37,4.11,1.95,ACTIVE
2026-03,AC02026,Deposito Perorangan - Mudharabah,171.91,4.14,0.59,ACTIVE
2026-03,AC02027,Deposito Lembaga - Mudharabah,774.78,4.21,2.72,ACTIVE
2026-03,AC02029,Deposito Lembaga - Mudharabah,759.9,4.19,2.65,ACTIVE
2026-03,AC02030,Tabungan Perorangan - Mudharabah,753.01,2.37,1.49,ACTIVE
2026-03,AC02031,Deposito Lembaga - Mudharabah,398.0,4.2,1.39,ACTIVE
2026-03,AC02032,Tabungan Lembaga - Mudharabah,840.98,2.64,1.85,ACTIVE
2026-03,AC02033,Giro Perorangan - Wadiah,584.38,0.13,0.06,ACTIVE
2026-03,AC02034,Deposito Lembaga - Mudharabah,788.65,4.37,2.87,ACTIVE
2026-03,AC02035,Deposito Perorangan - Mudharabah,777.11,3.95,2.56,ACTIVE
2026-03,AC02036,Tabungan Lembaga - Wadiah,1013.58,0.67,0.57,ACTIVE
2026-03,AC02038,Tabungan Perorangan - Mudharabah,1101.33,2.37,2.18,ACTIVE
2026-03,AC02040,Deposito Perorangan - Mudharabah,540.59,4.1,1.85,ACTIVE
2026-03,AC02042,Tabungan Perorangan - Mudharabah,162.44,2.62,0.35,ACTIVE
2026-03,AC02043,Giro Perorangan - Wadiah,145.06,0.12,0.01,ACTIVE
2026-03,AC02046,Deposito Perorangan - Mudharabah,1008.89,3.94,3.31,ACTIVE
2026-03,AC02047,Tabungan Perorangan - Mudharabah,612.29,2.57,1.31,ACTIVE
2026-03,AC02048,Tabungan Lembaga - Mudharabah,920.12,2.68,2.05,ACTIVE
2026-03,AC02049,Tabungan Perorangan - Mudharabah,305.96,2.53,0.65,ACTIVE
2026-03,AC02050,Tabungan Perorangan - Mudharabah,1118.42,2.41,2.25,ACTIVE
2026-03,AC02052,Tabungan Perorangan - Mudharabah,759.68,2.54,1.61,ACTIVE
2026-03,AC02053,Tabungan Perorangan - Wadiah,555.75,0.47,0.22,ACTIVE
2026-03,AC02054,Deposito Perorangan - Mudharabah,123.61,3.93,0.4,ACTIVE
2026-03,AC02055,Giro Lembaga - Mudharabah,672.99,2.02,1.13,ACTIVE
2026-03,AC02056,Giro Perorangan - Wadiah,197.97,0.24,0.04,ACTIVE
2026-03,AC02058,Giro Lembaga - Mudharabah,678.64,1.96,1.11,ACTIVE
2026-03,AC02059,Deposito Lembaga - Mudharabah,406.21,4.17,1.41,ACTIVE
2026-03,AC02060,Deposito Perorangan - Mudharabah,791.45,4.09,2.7,ACTIVE
2026-03,AC02061,Giro Lembaga - Mudharabah,442.87,2.2,0.81,ACTIVE
2026-03,AC02062,Giro Perorangan - Wadiah,833.48,0.27,0.19,ACTIVE
2026-03,AC02064,Giro Perorangan - Mudharabah,706.85,1.94,1.14,ACTIVE
2026-03,AC02065,Giro Perorangan - Wadiah,783.4,0.23,0.15,ACTIVE
2026-03,AC02066,Tabungan Lembaga - Wadiah,195.18,0.77,0.13,ACTIVE
2026-03,AC02068,Tabungan Lembaga - Wadiah,786.94,0.5,0.33,ACTIVE
2026-03,AC02069,Giro Lembaga - Mudharabah,894.27,2.22,1.65,ACTIVE
2026-03,AC02070,Tabungan Perorangan - Wadiah,179.84,0.57,0.09,ACTIVE
2026-03,AC02071,Tabungan Lembaga - Wadiah,902.53,0.53,0.4,ACTIVE
2026-03,AC02072,Tabungan Perorangan - Wadiah,728.2,0.46,0.28,ACTIVE
2026-03,AC02076,Giro Lembaga - Wadiah,414.0,0.38,0.13,ACTIVE
2026-03,AC02077,Giro Lembaga - Wadiah,644.65,0.4,0.21,ACTIVE
2026-03,AC02079,Tabungan Perorangan - Mudharabah,1068.04,2.42,2.15,ACTIVE
2026-03,AC02080,Deposito Lembaga - Mudharabah,914.63,4.14,3.16,ACTIVE
2026-03,AC02081,Deposito Perorangan - Mudharabah,250.17,4.08,0.85,ACTIVE
2026-03,AC02082,Tabungan Perorangan - Mudharabah,503.38,2.58,1.08,ACTIVE
2026-03,AC02086,Deposito Lembaga - Mudharabah,276.79,4.36,1.01,ACTIVE
2026-03,AC02088,Tabungan Lembaga - Mudharabah,508.83,2.73,1.16,ACTIVE
2026-03,AC02089,Giro Lembaga - Wadiah,659.73,0.16,0.09,ACTIVE
2026-03,AC02090,Tabungan Perorangan - Mudharabah,1103.84,2.4,2.21,ACTIVE
2026-03,AC02091,Giro Lembaga - Wadiah,350.65,0.23,0.07,ACTIVE
2026-03,AC02092,Giro Perorangan - Wadiah,707.49,0.27,0.16,ACTIVE
2026-03,AC02094,Giro Lembaga - Wadiah,143.72,0.22,0.03,ACTIVE
2026-03,AC02095,Giro Lembaga - Mudharabah,810.93,2.24,1.51,ACTIVE
2026-03,AC02096,Tabungan Perorangan - Mudharabah,242.89,2.57,0.52,ACTIVE
2026-03,AC02098,Tabungan Lembaga - Wadiah,443.75,0.79,0.29,ACTIVE
2026-03,AC02099,Giro Lembaga - Mudharabah,314.96,2.19,0.57,ACTIVE
2026-03,AC02100,Giro Perorangan - Mudharabah,961.42,2.1,1.68,ACTIVE
2026-03,AC02101,Deposito Lembaga - Mudharabah,227.94,4.3,0.82,ACTIVE
2026-03,AC02102,Deposito Perorangan - Mudharabah,233.89,3.9,0.76,ACTIVE
2026-03,AC02103,Giro Perorangan - Wadiah,618.62,0.2,0.1,ACTIVE
2026-03,AC02105,Deposito Perorangan - Mudharabah,754.44,3.93,2.47,ACTIVE
2026-03,AC02106,Tabungan Lembaga - Wadiah,1012.56,0.59,0.5,ACTIVE
2026-03,AC02107,Tabungan Lembaga - Wadiah,778.06,0.55,0.36,ACTIVE
2026-03,AC02111,Giro Lembaga - Mudharabah,160.1,1.96,0.26,ACTIVE
2026-03,AC02112,Tabungan Perorangan - Mudharabah,298.64,2.5,0.62,ACTIVE
2026-03,AC02113,Giro Perorangan - Wadiah,628.74,0.24,0.13,ACTIVE
2026-03,AC02115,Tabungan Perorangan - Wadiah,689.97,0.52,0.3,ACTIVE
2026-03,AC02116,Giro Perorangan - Wadiah,290.24,0.39,0.09,ACTIVE
2026-03,AC02117,Giro Perorangan - Wadiah,307.98,0.17,0.04,ACTIVE
2026-03,AC02118,Tabungan Perorangan - Wadiah,603.58,0.39,0.2,ACTIVE
2026-03,AC02119,Tabungan Lembaga - Wadiah,1014.42,0.75,0.63,ACTIVE
2026-03,AC02121,Deposito Perorangan - Mudharabah,742.88,4.09,2.53,ACTIVE
2026-03,AC02122,Giro Perorangan - Wadiah,720.17,0.13,0.08,ACTIVE
2026-03,AC02125,Tabungan Perorangan - Wadiah,1051.8,0.38,0.33,ACTIVE
2026-03,AC02126,Tabungan Lembaga - Mudharabah,404.29,2.51,0.85,ACTIVE
2026-03,AC02127,Giro Lembaga - Wadiah,1033.91,0.24,0.21,ACTIVE
2026-03,AC02128,Deposito Perorangan - Mudharabah,776.27,4.08,2.64,ACTIVE
2026-03,AC02129,Tabungan Lembaga - Wadiah,412.77,0.67,0.23,ACTIVE
2026-03,AC02131,Tabungan Lembaga - Wadiah,295.04,0.6,0.15,ACTIVE
2026-03,AC02132,Giro Lembaga - Wadiah,1076.18,0.37,0.33,ACTIVE
2026-03,AC02133,Tabungan Lembaga - Wadiah,833.48,0.76,0.53,ACTIVE
2026-03,AC02135,Giro Lembaga - Wadiah,760.93,0.2,0.13,ACTIVE
2026-03,AC02136,Tabungan Perorangan - Mudharabah,409.08,2.46,0.84,ACTIVE
2026-03,AC02137,Giro Perorangan - Wadiah,209.05,0.18,0.03,ACTIVE
2026-03,AC02138,Tabungan Perorangan - Mudharabah,742.29,2.4,1.48,ACTIVE
2026-03,AC02139,Tabungan Perorangan - Wadiah,924.01,0.64,0.49,ACTIVE
2026-03,AC02140,Tabungan Perorangan - Wadiah,415.48,0.51,0.18,ACTIVE
2026-03,AC02142,Tabungan Lembaga - Wadiah,113.62,0.7,0.07,ACTIVE
2026-03,AC02143,Giro Lembaga - Wadiah,126.74,0.43,0.05,ACTIVE
2026-03,AC02145,Giro Lembaga - Wadiah,575.66,0.41,0.2,ACTIVE
2026-03,AC02146,Giro Lembaga - Wadiah,334.67,0.3,0.08,ACTIVE
2026-03,AC02147,Giro Perorangan - Mudharabah,413.06,1.95,0.67,ACTIVE
2026-03,AC02150,Tabungan Lembaga - Mudharabah,787.01,2.69,1.76,ACTIVE
2026-03,AC02151,Giro Lembaga - Mudharabah,450.46,2.07,0.78,ACTIVE
2026-03,AC02152,Giro Perorangan - Wadiah,1021.14,0.37,0.31,ACTIVE
2026-03,AC02153,Giro Lembaga - Wadiah,862.96,0.28,0.2,ACTIVE
2026-03,AC02154,Giro Perorangan - Wadiah,236.2,0.17,0.03,ACTIVE
2026-03,AC02155,Giro Lembaga - Wadiah,548.29,0.31,0.14,ACTIVE
2026-03,AC02156,Tabungan Perorangan - Wadiah,797.56,0.47,0.31,ACTIVE
2026-03,AC02157,Tabungan Lembaga - Wadiah,381.35,0.68,0.22,ACTIVE
2026-03,AC02160,Tabungan Perorangan - Mudharabah,111.29,2.37,0.22,ACTIVE
2026-03,AC02161,Tabungan Lembaga - Mudharabah,136.0,2.58,0.29,ACTIVE
2026-03,AC02162,Tabungan Perorangan - Wadiah,921.89,0.64,0.49,ACTIVE
2026-03,AC02164,Giro Lembaga - Mudharabah,208.55,2.13,0.37,ACTIVE
2026-03,AC02165,Tabungan Lembaga - Wadiah,784.23,0.75,0.49,ACTIVE
2026-03,AC02166,Deposito Lembaga - Mudharabah,309.72,4.27,1.1,ACTIVE
2026-03,AC02167,Tabungan Lembaga - Wadiah,475.63,0.71,0.28,ACTIVE
2026-03,AC02168,Tabungan Perorangan - Mudharabah,173.08,2.45,0.35,ACTIVE
2026-03,AC02170,Tabungan Perorangan - Wadiah,820.71,0.4,0.27,ACTIVE
2026-03,AC02171,Tabungan Perorangan - Mudharabah,830.32,2.46,1.7,ACTIVE
2026-03,AC02172,Giro Perorangan - Wadiah,909.75,0.21,0.16,ACTIVE
2026-03,AC02173,Deposito Lembaga - Mudharabah,556.15,4.11,1.9,ACTIVE
2026-04,AC02026,Deposito Perorangan - Mudharabah,169.35,4.14,0.58,ACTIVE
2026-04,AC02027,Deposito Lembaga - Mudharabah,763.23,4.21,2.68,ACTIVE
2026-04,AC02029,Deposito Lembaga - Mudharabah,756.8,4.19,2.64,ACTIVE
2026-04,AC02030,Tabungan Perorangan - Mudharabah,749.2,2.37,1.48,ACTIVE
2026-04,AC02031,Deposito Lembaga - Mudharabah,392.06,4.2,1.37,ACTIVE
2026-04,AC02032,Tabungan Lembaga - Mudharabah,836.63,2.64,1.84,ACTIVE
2026-04,AC02033,Giro Perorangan - Wadiah,581.36,0.13,0.06,ACTIVE
2026-04,AC02035,Deposito Perorangan - Mudharabah,773.75,3.95,2.55,ACTIVE
2026-04,AC02036,Tabungan Lembaga - Wadiah,998.47,0.67,0.56,ACTIVE
2026-04,AC02037,Tabungan Perorangan - Mudharabah,677.84,2.58,1.46,ACTIVE
2026-04,AC02038,Tabungan Perorangan - Mudharabah,1084.9,2.37,2.14,ACTIVE
2026-04,AC02040,Deposito Perorangan - Mudharabah,538.14,4.1,1.84,ACTIVE
2026-04,AC02042,Tabungan Perorangan - Mudharabah,161.63,2.62,0.35,ACTIVE
2026-04,AC02043,Giro Perorangan - Wadiah,142.9,0.12,0.01,ACTIVE
2026-04,AC02047,Tabungan Perorangan - Mudharabah,609.86,2.57,1.31,ACTIVE
2026-04,AC02048,Tabungan Lembaga - Mudharabah,916.04,2.68,2.05,ACTIVE
2026-04,AC02049,Tabungan Perorangan - Mudharabah,301.39,2.53,0.64,ACTIVE
2026-04,AC02050,Tabungan Perorangan - Mudharabah,1101.74,2.41,2.21,ACTIVE
2026-04,AC02051,Tabungan Perorangan - Wadiah,953.92,0.51,0.41,ACTIVE
2026-04,AC02052,Tabungan Perorangan - Mudharabah,748.35,2.54,1.58,ACTIVE
2026-04,AC02053,Tabungan Perorangan - Wadiah,547.46,0.47,0.21,ACTIVE
2026-04,AC02054,Deposito Perorangan - Mudharabah,123.01,3.93,0.4,ACTIVE
2026-04,AC02055,Giro Lembaga - Mudharabah,662.95,2.02,1.12,ACTIVE
2026-04,AC02056,Giro Perorangan - Wadiah,196.97,0.24,0.04,ACTIVE
2026-04,AC02057,Tabungan Perorangan - Wadiah,187.7,0.5,0.08,ACTIVE
2026-04,AC02058,Giro Lembaga - Mudharabah,668.52,1.96,1.09,ACTIVE
2026-04,AC02059,Deposito Lembaga - Mudharabah,404.36,4.17,1.41,ACTIVE
2026-04,AC02060,Deposito Perorangan - Mudharabah,787.77,4.09,2.68,ACTIVE
2026-04,AC02061,Giro Lembaga - Mudharabah,441.11,2.2,0.81,ACTIVE
2026-04,AC02062,Giro Perorangan - Wadiah,829.79,0.27,0.19,ACTIVE
2026-04,AC02064,Giro Perorangan - Mudharabah,703.71,1.94,1.14,ACTIVE
2026-04,AC02065,Giro Perorangan - Wadiah,780.01,0.23,0.15,ACTIVE
2026-04,AC02066,Tabungan Lembaga - Wadiah,194.25,0.77,0.12,ACTIVE
2026-04,AC02068,Tabungan Lembaga - Wadiah,783.44,0.5,0.33,ACTIVE
2026-04,AC02069,Giro Lembaga - Mudharabah,890.41,2.22,1.65,ACTIVE
2026-04,AC02070,Tabungan Perorangan - Wadiah,177.16,0.57,0.08,ACTIVE
2026-04,AC02071,Tabungan Lembaga - Wadiah,889.07,0.53,0.39,ACTIVE
2026-04,AC02072,Tabungan Perorangan - Wadiah,717.33,0.46,0.27,ACTIVE
2026-04,AC02076,Giro Lembaga - Wadiah,412.31,0.38,0.13,ACTIVE
2026-04,AC02077,Giro Lembaga - Wadiah,635.04,0.4,0.21,ACTIVE
2026-04,AC02079,Tabungan Perorangan - Mudharabah,1062.53,2.42,2.14,ACTIVE
2026-04,AC02080,Deposito Lembaga - Mudharabah,910.89,4.14,3.14,ACTIVE
2026-04,AC02081,Deposito Perorangan - Mudharabah,248.95,4.08,0.85,ACTIVE
2026-04,AC02082,Tabungan Perorangan - Mudharabah,501.2,2.58,1.08,ACTIVE
2026-04,AC02084,Giro Lembaga - Wadiah,740.21,0.45,0.28,ACTIVE
2026-04,AC02086,Deposito Lembaga - Mudharabah,272.66,4.36,0.99,ACTIVE
2026-04,AC02088,Tabungan Lembaga - Mudharabah,501.24,2.73,1.14,ACTIVE
2026-04,AC02089,Giro Lembaga - Wadiah,657.03,0.16,0.09,ACTIVE
2026-04,AC02090,Tabungan Perorangan - Mudharabah,1087.37,2.4,2.17,ACTIVE
2026-04,AC02091,Giro Lembaga - Wadiah,349.01,0.23,0.07,ACTIVE
2026-04,AC02092,Giro Perorangan - Wadiah,703.83,0.27,0.16,ACTIVE
2026-04,AC02094,Giro Lembaga - Wadiah,141.58,0.22,0.03,ACTIVE
2026-04,AC02095,Giro Lembaga - Mudharabah,798.84,2.24,1.49,ACTIVE
2026-04,AC02096,Tabungan Perorangan - Mudharabah,239.27,2.57,0.51,ACTIVE
2026-04,AC02097,Giro Lembaga - Mudharabah,492.2,2.13,0.87,ACTIVE
2026-04,AC02098,Tabungan Lembaga - Wadiah,441.88,0.79,0.29,ACTIVE
2026-04,AC02100,Giro Perorangan - Mudharabah,957.49,2.1,1.68,ACTIVE
2026-04,AC02101,Deposito Lembaga - Mudharabah,226.86,4.3,0.81,ACTIVE
2026-04,AC02102,Deposito Perorangan - Mudharabah,230.41,3.9,0.75,ACTIVE
2026-04,AC02103,Giro Perorangan - Wadiah,616.02,0.2,0.1,ACTIVE
2026-04,AC02105,Deposito Perorangan - Mudharabah,751.18,3.93,2.46,ACTIVE
2026-04,AC02106,Tabungan Lembaga - Wadiah,997.46,0.59,0.49,ACTIVE
2026-04,AC02107,Tabungan Lembaga - Wadiah,774.28,0.55,0.35,ACTIVE
2026-04,AC02109,Giro Lembaga - Mudharabah,615.39,2.12,1.09,ACTIVE
2026-04,AC02111,Giro Lembaga - Mudharabah,159.37,1.96,0.26,ACTIVE
2026-04,AC02112,Tabungan Perorangan - Mudharabah,294.19,2.5,0.61,ACTIVE
2026-04,AC02113,Giro Perorangan - Wadiah,619.36,0.24,0.12,ACTIVE
2026-04,AC02115,Tabungan Perorangan - Wadiah,679.68,0.52,0.29,ACTIVE
2026-04,AC02116,Giro Perorangan - Wadiah,285.91,0.39,0.09,ACTIVE
2026-04,AC02117,Giro Perorangan - Wadiah,306.42,0.17,0.04,ACTIVE
2026-04,AC02118,Tabungan Perorangan - Wadiah,600.53,0.39,0.2,ACTIVE
2026-04,AC02119,Tabungan Lembaga - Wadiah,1010.27,0.75,0.63,ACTIVE
2026-04,AC02121,Deposito Perorangan - Mudharabah,731.8,4.09,2.49,ACTIVE
2026-04,AC02122,Giro Perorangan - Wadiah,716.45,0.13,0.08,ACTIVE
2026-04,AC02125,Tabungan Perorangan - Wadiah,1036.11,0.38,0.33,ACTIVE
2026-04,AC02126,Tabungan Lembaga - Mudharabah,402.41,2.51,0.84,ACTIVE
2026-04,AC02127,Giro Lembaga - Wadiah,1018.49,0.24,0.2,ACTIVE
2026-04,AC02128,Deposito Perorangan - Mudharabah,764.69,4.08,2.6,ACTIVE
2026-04,AC02129,Tabungan Lembaga - Wadiah,410.9,0.67,0.23,ACTIVE
2026-04,AC02131,Tabungan Lembaga - Wadiah,290.64,0.6,0.15,ACTIVE
2026-04,AC02132,Giro Lembaga - Wadiah,1060.13,0.37,0.33,ACTIVE
2026-04,AC02133,Tabungan Lembaga - Wadiah,821.05,0.76,0.52,ACTIVE
2026-04,AC02135,Giro Lembaga - Wadiah,749.58,0.2,0.12,ACTIVE
2026-04,AC02136,Tabungan Perorangan - Mudharabah,402.97,2.46,0.83,ACTIVE
2026-04,AC02137,Giro Perorangan - Wadiah,208.12,0.18,0.03,ACTIVE
2026-04,AC02138,Tabungan Perorangan - Mudharabah,731.22,2.4,1.46,ACTIVE
2026-04,AC02139,Tabungan Perorangan - Wadiah,919.71,0.64,0.49,ACTIVE
2026-04,AC02140,Tabungan Perorangan - Wadiah,413.73,0.51,0.18,ACTIVE
2026-04,AC02142,Tabungan Lembaga - Wadiah,111.92,0.7,0.07,ACTIVE
2026-04,AC02143,Giro Lembaga - Wadiah,124.85,0.43,0.04,ACTIVE
2026-04,AC02145,Giro Lembaga - Wadiah,573.24,0.41,0.2,ACTIVE
2026-04,AC02146,Giro Lembaga - Wadiah,329.68,0.3,0.08,ACTIVE
2026-04,AC02147,Giro Perorangan - Mudharabah,406.9,1.95,0.66,ACTIVE
2026-04,AC02150,Tabungan Lembaga - Mudharabah,783.88,2.69,1.76,ACTIVE
2026-04,AC02151,Giro Lembaga - Mudharabah,443.74,2.07,0.77,ACTIVE
2026-04,AC02153,Giro Lembaga - Wadiah,858.58,0.28,0.2,ACTIVE
2026-04,AC02154,Giro Perorangan - Wadiah,232.67,0.17,0.03,ACTIVE
2026-04,AC02155,Giro Lembaga - Wadiah,540.11,0.31,0.14,ACTIVE
2026-04,AC02156,Tabungan Perorangan - Wadiah,785.67,0.47,0.31,ACTIVE
2026-04,AC02157,Tabungan Lembaga - Wadiah,375.66,0.68,0.21,ACTIVE
2026-04,AC02160,Tabungan Perorangan - Mudharabah,110.84,2.37,0.22,ACTIVE
2026-04,AC02161,Tabungan Lembaga - Mudharabah,133.97,2.58,0.29,ACTIVE
2026-04,AC02162,Tabungan Perorangan - Wadiah,917.5,0.64,0.49,ACTIVE
2026-04,AC02164,Giro Lembaga - Mudharabah,207.49,2.13,0.37,ACTIVE
2026-04,AC02165,Tabungan Lembaga - Wadiah,772.53,0.75,0.48,ACTIVE
2026-04,AC02166,Deposito Lembaga - Mudharabah,308.25,4.27,1.1,ACTIVE
2026-04,AC02167,Tabungan Lembaga - Wadiah,473.57,0.71,0.28,ACTIVE
2026-04,AC02168,Tabungan Perorangan - Mudharabah,172.35,2.45,0.35,ACTIVE
2026-04,AC02170,Tabungan Perorangan - Wadiah,808.47,0.4,0.27,ACTIVE
2026-04,AC02171,Tabungan Perorangan - Mudharabah,817.94,2.46,1.68,ACTIVE
2026-04,AC02172,Giro Perorangan - Wadiah,906.14,0.21,0.16,ACTIVE
2026-04,AC02173,Deposito Lembaga - Mudharabah,553.56,4.11,1.9,ACTIVE
2026-05,AC02026,Deposito Perorangan - Mudharabah,164.75,4.14,0.57,ACTIVE
2026-05,AC02027,Deposito Lembaga - Mudharabah,742.52,4.21,2.61,ACTIVE
2026-05,AC02029,Deposito Lembaga - Mudharabah,744.27,4.19,2.6,ACTIVE
2026-05,AC02030,Tabungan Perorangan - Mudharabah,736.09,2.37,1.45,ACTIVE
2026-05,AC02031,Deposito Lembaga - Mudharabah,381.42,4.2,1.33,ACTIVE
2026-05,AC02032,Tabungan Lembaga - Mudharabah,813.94,2.64,1.79,ACTIVE
2026-05,AC02033,Giro Perorangan - Wadiah,565.59,0.13,0.06,ACTIVE
2026-05,AC02035,Deposito Perorangan - Mudharabah,760.77,3.95,2.5,ACTIVE
2026-05,AC02036,Tabungan Lembaga - Wadiah,971.38,0.67,0.54,ACTIVE
2026-05,AC02037,Tabungan Perorangan - Mudharabah,666.77,2.58,1.43,ACTIVE
2026-05,AC02038,Tabungan Perorangan - Mudharabah,1055.47,2.37,2.08,ACTIVE
2026-05,AC02040,Deposito Perorangan - Mudharabah,528.99,4.1,1.81,ACTIVE
2026-05,AC02041,Tabungan Perorangan - Mudharabah,832.83,2.61,1.81,ACTIVE
2026-05,AC02042,Tabungan Perorangan - Mudharabah,158.82,2.62,0.35,ACTIVE
2026-05,AC02043,Giro Perorangan - Wadiah,139.02,0.12,0.01,ACTIVE
2026-05,AC02047,Tabungan Perorangan - Mudharabah,599.83,2.57,1.28,ACTIVE
2026-05,AC02048,Tabungan Lembaga - Mudharabah,900.57,2.68,2.01,ACTIVE
2026-05,AC02050,Tabungan Perorangan - Mudharabah,1071.9,2.41,2.15,ACTIVE
2026-05,AC02051,Tabungan Perorangan - Wadiah,938.35,0.51,0.4,ACTIVE
2026-05,AC02052,Tabungan Perorangan - Mudharabah,728.05,2.54,1.54,ACTIVE
2026-05,AC02053,Tabungan Perorangan - Wadiah,532.6,0.47,0.21,ACTIVE
2026-05,AC02054,Deposito Perorangan - Mudharabah,120.88,3.93,0.4,ACTIVE
2026-05,AC02055,Giro Lembaga - Mudharabah,644.96,2.02,1.09,ACTIVE
2026-05,AC02056,Giro Perorangan - Wadiah,193.52,0.24,0.04,ACTIVE
2026-05,AC02057,Tabungan Perorangan - Wadiah,184.63,0.5,0.08,ACTIVE
2026-05,AC02058,Giro Lembaga - Mudharabah,650.38,1.96,1.06,ACTIVE
2026-05,AC02059,Deposito Lembaga - Mudharabah,397.49,4.17,1.38,ACTIVE
2026-05,AC02060,Deposito Perorangan - Mudharabah,774.29,4.09,2.64,ACTIVE
2026-05,AC02061,Giro Lembaga - Mudharabah,433.86,2.2,0.8,ACTIVE
2026-05,AC02062,Giro Perorangan - Wadiah,815.77,0.27,0.18,ACTIVE
2026-05,AC02064,Giro Perorangan - Mudharabah,691.82,1.94,1.12,ACTIVE
2026-05,AC02065,Giro Perorangan - Wadiah,766.92,0.23,0.15,ACTIVE
2026-05,AC02066,Tabungan Lembaga - Wadiah,190.91,0.77,0.12,ACTIVE
2026-05,AC02068,Tabungan Lembaga - Wadiah,770.21,0.5,0.32,ACTIVE
2026-05,AC02069,Giro Lembaga - Mudharabah,875.46,2.22,1.62,ACTIVE
2026-05,AC02070,Tabungan Perorangan - Wadiah,172.35,0.57,0.08,ACTIVE
2026-05,AC02071,Tabungan Lembaga - Wadiah,864.94,0.53,0.38,ACTIVE
2026-05,AC02072,Tabungan Perorangan - Wadiah,697.87,0.46,0.27,ACTIVE
2026-05,AC02076,Giro Lembaga - Wadiah,405.48,0.38,0.13,ACTIVE
2026-05,AC02077,Giro Lembaga - Wadiah,617.81,0.4,0.21,ACTIVE
2026-05,AC02079,Tabungan Perorangan - Mudharabah,1033.7,2.42,2.08,ACTIVE
2026-05,AC02080,Deposito Lembaga - Mudharabah,895.81,4.14,3.09,ACTIVE
2026-05,AC02081,Deposito Perorangan - Mudharabah,244.64,4.08,0.83,ACTIVE
2026-05,AC02082,Tabungan Perorangan - Mudharabah,492.79,2.58,1.06,ACTIVE
2026-05,AC02084,Giro Lembaga - Wadiah,728.13,0.45,0.27,ACTIVE
2026-05,AC02086,Deposito Lembaga - Mudharabah,265.26,4.36,0.96,ACTIVE
2026-05,AC02089,Giro Lembaga - Wadiah,646.15,0.16,0.09,ACTIVE
2026-05,AC02090,Tabungan Perorangan - Mudharabah,1057.87,2.4,2.12,ACTIVE
2026-05,AC02091,Giro Lembaga - Wadiah,343.04,0.23,0.07,ACTIVE
2026-05,AC02092,Giro Perorangan - Wadiah,684.74,0.27,0.15,ACTIVE
2026-05,AC02094,Giro Lembaga - Wadiah,137.73,0.22,0.03,ACTIVE
2026-05,AC02095,Giro Lembaga - Mudharabah,777.16,2.24,1.45,ACTIVE
2026-05,AC02096,Tabungan Perorangan - Mudharabah,232.78,2.57,0.5,ACTIVE
2026-05,AC02097,Giro Lembaga - Mudharabah,484.16,2.13,0.86,ACTIVE
2026-05,AC02098,Tabungan Lembaga - Wadiah,434.52,0.79,0.29,ACTIVE
2026-05,AC02100,Giro Perorangan - Mudharabah,941.64,2.1,1.65,ACTIVE
2026-05,AC02101,Deposito Lembaga - Mudharabah,222.96,4.3,0.8,ACTIVE
2026-05,AC02102,Deposito Perorangan - Mudharabah,224.15,3.9,0.73,ACTIVE
2026-05,AC02103,Giro Perorangan - Wadiah,605.75,0.2,0.1,ACTIVE
2026-05,AC02105,Deposito Perorangan - Mudharabah,738.58,3.93,2.42,ACTIVE
2026-05,AC02106,Tabungan Lembaga - Wadiah,970.4,0.59,0.48,ACTIVE
2026-05,AC02107,Tabungan Lembaga - Wadiah,760.88,0.55,0.35,ACTIVE
2026-05,AC02108,Giro Lembaga - Mudharabah,774.91,2.23,1.44,ACTIVE
2026-05,AC02109,Giro Lembaga - Mudharabah,605.35,2.12,1.07,ACTIVE
2026-05,AC02111,Giro Lembaga - Mudharabah,156.67,1.96,0.26,ACTIVE
2026-05,AC02112,Tabungan Perorangan - Mudharabah,286.21,2.5,0.6,ACTIVE
2026-05,AC02113,Giro Perorangan - Wadiah,602.56,0.24,0.12,ACTIVE
2026-05,AC02115,Tabungan Perorangan - Wadiah,661.24,0.52,0.29,ACTIVE
2026-05,AC02116,Giro Perorangan - Wadiah,278.15,0.39,0.09,ACTIVE
2026-05,AC02117,Giro Perorangan - Wadiah,301.06,0.17,0.04,ACTIVE
2026-05,AC02118,Tabungan Perorangan - Wadiah,590.02,0.39,0.19,ACTIVE
2026-05,AC02119,Tabungan Lembaga - Wadiah,993.55,0.75,0.62,ACTIVE
2026-05,AC02121,Deposito Perorangan - Mudharabah,711.95,4.09,2.43,ACTIVE
2026-05,AC02122,Giro Perorangan - Wadiah,697.01,0.13,0.08,ACTIVE
2026-05,AC02125,Tabungan Perorangan - Wadiah,1008.0,0.38,0.32,ACTIVE
2026-05,AC02126,Tabungan Lembaga - Mudharabah,395.53,2.51,0.83,ACTIVE
2026-05,AC02127,Giro Lembaga - Wadiah,990.85,0.24,0.2,ACTIVE
2026-05,AC02128,Deposito Perorangan - Mudharabah,743.94,4.08,2.53,ACTIVE
2026-05,AC02129,Tabungan Lembaga - Wadiah,403.91,0.67,0.23,ACTIVE
2026-05,AC02131,Tabungan Lembaga - Wadiah,282.76,0.6,0.14,ACTIVE
2026-05,AC02132,Giro Lembaga - Wadiah,1031.36,0.37,0.32,ACTIVE
2026-05,AC02133,Tabungan Lembaga - Wadiah,798.77,0.76,0.51,ACTIVE
2026-05,AC02135,Giro Lembaga - Wadiah,729.24,0.2,0.12,ACTIVE
2026-05,AC02136,Tabungan Perorangan - Mudharabah,392.04,2.46,0.8,ACTIVE
2026-05,AC02137,Giro Perorangan - Wadiah,204.6,0.18,0.03,ACTIVE
2026-05,AC02138,Tabungan Perorangan - Mudharabah,711.38,2.4,1.42,ACTIVE
2026-05,AC02139,Tabungan Perorangan - Wadiah,903.98,0.64,0.48,ACTIVE
2026-05,AC02140,Tabungan Perorangan - Wadiah,406.83,0.51,0.17,ACTIVE
2026-05,AC02142,Tabungan Lembaga - Wadiah,108.88,0.7,0.06,ACTIVE
2026-05,AC02143,Giro Lembaga - Wadiah,121.46,0.43,0.04,ACTIVE
2026-05,AC02145,Giro Lembaga - Wadiah,563.69,0.41,0.19,ACTIVE
2026-05,AC02146,Giro Lembaga - Wadiah,320.73,0.3,0.08,ACTIVE
2026-05,AC02147,Giro Perorangan - Mudharabah,395.86,1.95,0.64,ACTIVE
2026-05,AC02150,Tabungan Lembaga - Mudharabah,771.0,2.69,1.73,ACTIVE
2026-05,AC02151,Giro Lembaga - Mudharabah,431.7,2.07,0.74,ACTIVE
2026-05,AC02153,Giro Lembaga - Wadiah,843.56,0.28,0.2,ACTIVE
2026-05,AC02154,Giro Perorangan - Wadiah,226.36,0.17,0.03,ACTIVE
2026-05,AC02155,Giro Lembaga - Wadiah,525.45,0.31,0.14,ACTIVE
2026-05,AC02156,Tabungan Perorangan - Wadiah,764.35,0.47,0.3,ACTIVE
2026-05,AC02157,Tabungan Lembaga - Wadiah,365.47,0.68,0.21,ACTIVE
2026-05,AC02160,Tabungan Perorangan - Mudharabah,109.0,2.37,0.22,ACTIVE
2026-05,AC02161,Tabungan Lembaga - Mudharabah,130.34,2.58,0.28,ACTIVE
2026-05,AC02162,Tabungan Perorangan - Wadiah,901.72,0.64,0.48,ACTIVE
2026-05,AC02164,Giro Lembaga - Mudharabah,203.86,2.13,0.36,ACTIVE
2026-05,AC02165,Tabungan Lembaga - Wadiah,751.57,0.75,0.47,ACTIVE
2026-05,AC02166,Deposito Lembaga - Mudharabah,302.95,4.27,1.08,ACTIVE
2026-05,AC02167,Tabungan Lembaga - Wadiah,465.63,0.71,0.28,ACTIVE
2026-05,AC02168,Tabungan Perorangan - Mudharabah,169.48,2.45,0.35,ACTIVE
2026-05,AC02169,Tabungan Perorangan - Wadiah,553.06,0.59,0.27,ACTIVE
2026-05,AC02170,Tabungan Perorangan - Wadiah,786.53,0.4,0.26,ACTIVE
2026-05,AC02171,Tabungan Perorangan - Mudharabah,795.75,2.46,1.63,ACTIVE
2026-05,AC02172,Giro Perorangan - Wadiah,891.24,0.21,0.16,ACTIVE
2026-05,AC02173,Deposito Lembaga - Mudharabah,544.09,4.11,1.86,ACTIVE
2026-06,AC02026,Deposito Perorangan - Mudharabah,163.67,4.14,0.56,ACTIVE
2026-06,AC02027,Deposito Lembaga - Mudharabah,737.65,4.21,2.59,ACTIVE
2026-06,AC02029,Deposito Lembaga - Mudharabah,747.33,4.19,2.61,ACTIVE
2026-06,AC02030,Tabungan Perorangan - Mudharabah,731.26,2.37,1.44,ACTIVE
2026-06,AC02031,Deposito Lembaga - Mudharabah,378.92,4.2,1.33,ACTIVE
2026-06,AC02032,Tabungan Lembaga - Mudharabah,808.6,2.64,1.78,ACTIVE
2026-06,AC02033,Giro Perorangan - Wadiah,561.88,0.13,0.06,ACTIVE
2026-06,AC02035,Deposito Perorangan - Mudharabah,763.73,3.95,2.51,ACTIVE
2026-06,AC02036,Tabungan Lembaga - Wadiah,965.01,0.67,0.54,ACTIVE
2026-06,AC02037,Tabungan Perorangan - Mudharabah,669.68,2.58,1.44,ACTIVE
2026-06,AC02038,Tabungan Perorangan - Mudharabah,1048.54,2.37,2.07,ACTIVE
2026-06,AC02040,Deposito Perorangan - Mudharabah,530.94,4.1,1.81,ACTIVE
2026-06,AC02041,Tabungan Perorangan - Mudharabah,836.56,2.61,1.82,ACTIVE
2026-06,AC02042,Tabungan Perorangan - Mudharabah,159.34,2.62,0.35,ACTIVE
2026-06,AC02043,Giro Perorangan - Wadiah,138.11,0.12,0.01,ACTIVE
2026-06,AC02047,Tabungan Perorangan - Mudharabah,602.38,2.57,1.29,ACTIVE
2026-06,AC02048,Tabungan Lembaga - Mudharabah,903.98,2.68,2.02,ACTIVE
2026-06,AC02050,Tabungan Perorangan - Mudharabah,1064.83,2.41,2.14,ACTIVE
2026-06,AC02051,Tabungan Perorangan - Wadiah,942.44,0.51,0.4,ACTIVE
2026-06,AC02052,Tabungan Perorangan - Mudharabah,723.27,2.54,1.53,ACTIVE
2026-06,AC02053,Tabungan Perorangan - Wadiah,529.11,0.47,0.21,ACTIVE
2026-06,AC02054,Deposito Perorangan - Mudharabah,121.29,3.93,0.4,ACTIVE
2026-06,AC02055,Giro Lembaga - Mudharabah,640.73,2.02,1.08,ACTIVE
2026-06,AC02056,Giro Perorangan - Wadiah,192.25,0.24,0.04,ACTIVE
2026-06,AC02057,Tabungan Perorangan - Wadiah,185.44,0.5,0.08,ACTIVE
2026-06,AC02058,Giro Lembaga - Mudharabah,646.11,1.96,1.06,ACTIVE
2026-06,AC02059,Deposito Lembaga - Mudharabah,398.95,4.17,1.39,ACTIVE
2026-06,AC02060,Deposito Perorangan - Mudharabah,777.06,4.09,2.65,ACTIVE
2026-06,AC02061,Giro Lembaga - Mudharabah,435.7,2.2,0.8,ACTIVE
2026-06,AC02062,Giro Perorangan - Wadiah,818.86,0.27,0.18,ACTIVE
2026-06,AC02064,Giro Perorangan - Mudharabah,694.45,1.94,1.12,ACTIVE
2026-06,AC02065,Giro Perorangan - Wadiah,769.91,0.23,0.15,ACTIVE
2026-06,AC02066,Tabungan Lembaga - Wadiah,191.58,0.77,0.12,ACTIVE
2026-06,AC02068,Tabungan Lembaga - Wadiah,773.13,0.5,0.32,ACTIVE
2026-06,AC02069,Giro Lembaga - Mudharabah,878.88,2.22,1.63,ACTIVE
2026-06,AC02070,Tabungan Perorangan - Wadiah,171.22,0.57,0.08,ACTIVE
2026-06,AC02071,Tabungan Lembaga - Wadiah,859.27,0.53,0.38,ACTIVE
2026-06,AC02076,Giro Lembaga - Wadiah,407.15,0.38,0.13,ACTIVE
2026-06,AC02077,Giro Lembaga - Wadiah,613.76,0.4,0.2,ACTIVE
2026-06,AC02079,Tabungan Perorangan - Mudharabah,1026.92,2.42,2.07,ACTIVE
2026-06,AC02080,Deposito Lembaga - Mudharabah,899.5,4.14,3.1,ACTIVE
2026-06,AC02081,Deposito Perorangan - Mudharabah,245.47,4.08,0.83,ACTIVE
2026-06,AC02082,Tabungan Perorangan - Mudharabah,494.71,2.58,1.06,ACTIVE
2026-06,AC02084,Giro Lembaga - Wadiah,731.3,0.45,0.27,ACTIVE
2026-06,AC02085,Tabungan Perorangan - Mudharabah,433.56,2.56,0.92,ACTIVE
2026-06,AC02086,Deposito Lembaga - Mudharabah,263.52,4.36,0.96,ACTIVE
2026-06,AC02089,Giro Lembaga - Wadiah,648.82,0.16,0.09,ACTIVE
2026-06,AC02090,Tabungan Perorangan - Mudharabah,1050.93,2.4,2.1,ACTIVE
2026-06,AC02091,Giro Lembaga - Wadiah,344.27,0.23,0.07,ACTIVE
2026-06,AC02092,Giro Perorangan - Wadiah,680.25,0.27,0.15,ACTIVE
2026-06,AC02094,Giro Lembaga - Wadiah,136.83,0.22,0.03,ACTIVE
2026-06,AC02095,Giro Lembaga - Mudharabah,772.06,2.24,1.44,ACTIVE
2026-06,AC02096,Tabungan Perorangan - Mudharabah,231.25,2.57,0.5,ACTIVE
2026-06,AC02097,Giro Lembaga - Mudharabah,486.27,2.13,0.86,ACTIVE
2026-06,AC02098,Tabungan Lembaga - Wadiah,436.26,0.79,0.29,ACTIVE
2026-06,AC02100,Giro Perorangan - Mudharabah,945.52,2.1,1.65,ACTIVE
2026-06,AC02101,Deposito Lembaga - Mudharabah,223.73,4.3,0.8,ACTIVE
2026-06,AC02102,Deposito Perorangan - Mudharabah,222.68,3.9,0.72,ACTIVE
2026-06,AC02103,Giro Perorangan - Wadiah,608.18,0.2,0.1,ACTIVE
2026-06,AC02105,Deposito Perorangan - Mudharabah,741.45,3.93,2.43,ACTIVE
2026-06,AC02106,Tabungan Lembaga - Wadiah,964.03,0.59,0.47,ACTIVE
2026-06,AC02107,Tabungan Lembaga - Wadiah,763.45,0.55,0.35,ACTIVE
2026-06,AC02108,Giro Lembaga - Mudharabah,778.38,2.23,1.45,ACTIVE
2026-06,AC02109,Giro Lembaga - Mudharabah,607.98,2.12,1.07,ACTIVE
2026-06,AC02111,Giro Lembaga - Mudharabah,157.24,1.96,0.26,ACTIVE
2026-06,AC02112,Tabungan Perorangan - Mudharabah,284.33,2.5,0.59,ACTIVE
2026-06,AC02113,Giro Perorangan - Wadiah,598.6,0.24,0.12,ACTIVE
2026-06,AC02115,Tabungan Perorangan - Wadiah,656.9,0.52,0.28,ACTIVE
2026-06,AC02116,Giro Perorangan - Wadiah,276.33,0.39,0.09,ACTIVE
2026-06,AC02117,Giro Perorangan - Wadiah,299.08,0.17,0.04,ACTIVE
2026-06,AC02118,Tabungan Perorangan - Wadiah,586.15,0.39,0.19,ACTIVE
2026-06,AC02119,Tabungan Lembaga - Wadiah,997.64,0.75,0.62,ACTIVE
2026-06,AC02121,Deposito Perorangan - Mudharabah,707.28,4.09,2.41,ACTIVE
2026-06,AC02122,Giro Perorangan - Wadiah,692.44,0.13,0.08,ACTIVE
2026-06,AC02125,Tabungan Perorangan - Wadiah,1001.39,0.38,0.32,ACTIVE
2026-06,AC02126,Tabungan Lembaga - Mudharabah,396.94,2.51,0.83,ACTIVE
2026-06,AC02127,Giro Lembaga - Wadiah,984.35,0.24,0.2,ACTIVE
2026-06,AC02128,Deposito Perorangan - Mudharabah,739.06,4.08,2.51,ACTIVE
2026-06,AC02129,Tabungan Lembaga - Wadiah,405.4,0.67,0.23,ACTIVE
2026-06,AC02131,Tabungan Lembaga - Wadiah,280.9,0.6,0.14,ACTIVE
2026-06,AC02132,Giro Lembaga - Wadiah,1024.6,0.37,0.32,ACTIVE
2026-06,AC02133,Tabungan Lembaga - Wadiah,793.53,0.76,0.5,ACTIVE
2026-06,AC02135,Giro Lembaga - Wadiah,724.46,0.2,0.12,ACTIVE
2026-06,AC02136,Tabungan Perorangan - Mudharabah,389.47,2.46,0.8,ACTIVE
2026-06,AC02137,Giro Perorangan - Wadiah,205.38,0.18,0.03,ACTIVE
2026-06,AC02138,Tabungan Perorangan - Mudharabah,706.71,2.4,1.41,ACTIVE
2026-06,AC02139,Tabungan Perorangan - Wadiah,907.22,0.64,0.48,ACTIVE
2026-06,AC02140,Tabungan Perorangan - Wadiah,408.46,0.51,0.17,ACTIVE
2026-06,AC02142,Tabungan Lembaga - Wadiah,108.17,0.7,0.06,ACTIVE
2026-06,AC02143,Giro Lembaga - Wadiah,120.67,0.43,0.04,ACTIVE
2026-06,AC02145,Giro Lembaga - Wadiah,565.95,0.41,0.19,ACTIVE
2026-06,AC02146,Giro Lembaga - Wadiah,318.63,0.3,0.08,ACTIVE
2026-06,AC02147,Giro Perorangan - Mudharabah,393.26,1.95,0.64,ACTIVE
2026-06,AC02150,Tabungan Lembaga - Mudharabah,774.26,2.69,1.74,ACTIVE
2026-06,AC02151,Giro Lembaga - Mudharabah,428.87,2.07,0.74,ACTIVE
2026-06,AC02153,Giro Lembaga - Wadiah,838.03,0.28,0.2,ACTIVE
2026-06,AC02154,Giro Perorangan - Wadiah,224.88,0.17,0.03,ACTIVE
2026-06,AC02155,Giro Lembaga - Wadiah,522.01,0.31,0.13,ACTIVE
2026-06,AC02156,Tabungan Perorangan - Wadiah,759.34,0.47,0.3,ACTIVE
2026-06,AC02157,Tabungan Lembaga - Wadiah,363.07,0.68,0.21,ACTIVE
2026-06,AC02160,Tabungan Perorangan - Mudharabah,109.45,2.37,0.22,ACTIVE
2026-06,AC02161,Tabungan Lembaga - Mudharabah,129.48,2.58,0.28,ACTIVE
2026-06,AC02162,Tabungan Perorangan - Wadiah,904.85,0.64,0.48,ACTIVE
2026-06,AC02163,Tabungan Perorangan - Wadiah,308.56,0.58,0.15,ACTIVE
2026-06,AC02164,Giro Lembaga - Mudharabah,202.52,2.13,0.36,ACTIVE
2026-06,AC02165,Tabungan Lembaga - Wadiah,746.64,0.75,0.47,ACTIVE
2026-06,AC02166,Deposito Lembaga - Mudharabah,304.0,4.27,1.08,ACTIVE
2026-06,AC02167,Tabungan Lembaga - Wadiah,467.44,0.71,0.28,ACTIVE
2026-06,AC02168,Tabungan Perorangan - Mudharabah,170.16,2.45,0.35,ACTIVE
2026-06,AC02169,Tabungan Perorangan - Wadiah,555.54,0.59,0.27,ACTIVE
2026-06,AC02170,Tabungan Perorangan - Wadiah,781.37,0.4,0.26,ACTIVE
2026-06,AC02171,Tabungan Perorangan - Mudharabah,790.53,2.46,1.62,ACTIVE
2026-06,AC02172,Giro Perorangan - Wadiah,895.02,0.21,0.16,ACTIVE
2026-06,AC02173,Deposito Lembaga - Mudharabah,546.04,4.11,1.87,ACTIVE
2026-07,AC02026,Deposito Perorangan - Mudharabah,163.96,4.14,0.57,ACTIVE
2026-07,AC02027,Deposito Lembaga - Mudharabah,738.95,4.21,2.59,ACTIVE
2026-07,AC02029,Deposito Lembaga - Mudharabah,756.62,4.19,2.64,ACTIVE
2026-07,AC02030,Tabungan Perorangan - Mudharabah,732.55,2.37,1.45,ACTIVE
2026-07,AC02031,Deposito Lembaga - Mudharabah,379.59,4.2,1.33,ACTIVE
2026-07,AC02032,Tabungan Lembaga - Mudharabah,810.02,2.64,1.78,ACTIVE
2026-07,AC02033,Giro Perorangan - Wadiah,562.87,0.13,0.06,ACTIVE
2026-07,AC02035,Deposito Perorangan - Mudharabah,773.05,3.95,2.54,ACTIVE
2026-07,AC02036,Tabungan Lembaga - Wadiah,966.71,0.67,0.54,ACTIVE
2026-07,AC02037,Tabungan Perorangan - Mudharabah,678.15,2.58,1.46,ACTIVE
2026-07,AC02038,Tabungan Perorangan - Mudharabah,1050.39,2.37,2.07,ACTIVE
2026-07,AC02040,Deposito Perorangan - Mudharabah,537.3,4.1,1.84,ACTIVE
2026-07,AC02041,Tabungan Perorangan - Mudharabah,847.24,2.61,1.84,ACTIVE
2026-07,AC02042,Tabungan Perorangan - Mudharabah,159.62,2.62,0.35,ACTIVE
2026-07,AC02043,Giro Perorangan - Wadiah,138.35,0.12,0.01,ACTIVE
2026-07,AC02047,Tabungan Perorangan - Mudharabah,609.93,2.57,1.31,ACTIVE
2026-07,AC02048,Tabungan Lembaga - Mudharabah,914.91,2.68,2.04,ACTIVE
2026-07,AC02050,Tabungan Perorangan - Mudharabah,1066.7,2.41,2.14,ACTIVE
2026-07,AC02051,Tabungan Perorangan - Wadiah,954.37,0.51,0.41,ACTIVE
2026-07,AC02052,Tabungan Perorangan - Mudharabah,724.55,2.54,1.53,ACTIVE
2026-07,AC02053,Tabungan Perorangan - Wadiah,530.04,0.47,0.21,ACTIVE
2026-07,AC02054,Deposito Perorangan - Mudharabah,122.71,3.93,0.4,ACTIVE
2026-07,AC02055,Giro Lembaga - Mudharabah,641.86,2.02,1.08,ACTIVE
2026-07,AC02056,Giro Perorangan - Wadiah,192.59,0.24,0.04,ACTIVE
2026-07,AC02057,Tabungan Perorangan - Wadiah,187.79,0.5,0.08,ACTIVE
2026-07,AC02058,Giro Lembaga - Mudharabah,647.25,1.96,1.06,ACTIVE
2026-07,AC02059,Deposito Lembaga - Mudharabah,403.73,4.17,1.4,ACTIVE
2026-07,AC02060,Deposito Perorangan - Mudharabah,786.3,4.09,2.68,ACTIVE
2026-07,AC02061,Giro Lembaga - Mudharabah,441.16,2.2,0.81,ACTIVE
2026-07,AC02062,Giro Perorangan - Wadiah,828.76,0.27,0.19,ACTIVE
2026-07,AC02063,Giro Lembaga - Wadiah,322.66,0.31,0.08,ACTIVE
2026-07,AC02064,Giro Perorangan - Mudharabah,702.84,1.94,1.14,ACTIVE
2026-07,AC02065,Giro Perorangan - Wadiah,779.3,0.23,0.15,ACTIVE
2026-07,AC02066,Tabungan Lembaga - Wadiah,193.83,0.77,0.12,ACTIVE
2026-07,AC02068,Tabungan Lembaga - Wadiah,782.48,0.5,0.33,ACTIVE
2026-07,AC02069,Giro Lembaga - Mudharabah,889.6,2.22,1.65,ACTIVE
2026-07,AC02070,Tabungan Perorangan - Wadiah,171.52,0.57,0.08,ACTIVE
2026-07,AC02071,Tabungan Lembaga - Wadiah,860.79,0.53,0.38,ACTIVE
2026-07,AC02076,Giro Lembaga - Wadiah,412.21,0.38,0.13,ACTIVE
2026-07,AC02077,Giro Lembaga - Wadiah,614.84,0.4,0.2,ACTIVE
2026-07,AC02079,Tabungan Perorangan - Mudharabah,1028.73,2.42,2.07,ACTIVE
2026-07,AC02080,Deposito Lembaga - Mudharabah,910.67,4.14,3.14,ACTIVE
2026-07,AC02081,Deposito Perorangan - Mudharabah,248.34,4.08,0.84,ACTIVE
2026-07,AC02082,Tabungan Perorangan - Mudharabah,500.74,2.58,1.08,ACTIVE
2026-07,AC02084,Giro Lembaga - Wadiah,740.56,0.45,0.28,ACTIVE
2026-07,AC02085,Tabungan Perorangan - Mudharabah,439.15,2.56,0.94,ACTIVE
2026-07,AC02086,Deposito Lembaga - Mudharabah,263.99,4.36,0.96,ACTIVE
2026-07,AC02089,Giro Lembaga - Wadiah,656.88,0.16,0.09,ACTIVE
2026-07,AC02090,Tabungan Perorangan - Mudharabah,1052.78,2.4,2.11,ACTIVE
2026-07,AC02091,Giro Lembaga - Wadiah,348.36,0.23,0.07,ACTIVE
2026-07,AC02092,Giro Perorangan - Wadiah,681.45,0.27,0.15,ACTIVE
2026-07,AC02093,Tabungan Perorangan - Wadiah,207.24,0.6,0.1,ACTIVE
2026-07,AC02094,Giro Lembaga - Wadiah,137.07,0.22,0.03,ACTIVE
2026-07,AC02095,Giro Lembaga - Mudharabah,773.43,2.24,1.44,ACTIVE
2026-07,AC02096,Tabungan Perorangan - Mudharabah,231.66,2.57,0.5,ACTIVE
2026-07,AC02097,Giro Lembaga - Mudharabah,492.42,2.13,0.87,ACTIVE
2026-07,AC02098,Tabungan Lembaga - Wadiah,441.63,0.79,0.29,ACTIVE
2026-07,AC02100,Giro Perorangan - Mudharabah,957.27,2.1,1.68,ACTIVE
2026-07,AC02101,Deposito Lembaga - Mudharabah,226.37,4.3,0.81,ACTIVE
2026-07,AC02102,Deposito Perorangan - Mudharabah,223.08,3.9,0.73,ACTIVE
2026-07,AC02103,Giro Perorangan - Wadiah,615.66,0.2,0.1,ACTIVE
2026-07,AC02105,Deposito Perorangan - Mudharabah,750.5,3.93,2.46,ACTIVE
2026-07,AC02106,Tabungan Lembaga - Wadiah,965.73,0.59,0.47,ACTIVE
2026-07,AC02107,Tabungan Lembaga - Wadiah,772.36,0.55,0.35,ACTIVE
2026-07,AC02108,Giro Lembaga - Mudharabah,788.32,2.23,1.46,ACTIVE
2026-07,AC02109,Giro Lembaga - Mudharabah,615.68,2.12,1.09,ACTIVE
2026-07,AC02111,Giro Lembaga - Mudharabah,159.13,1.96,0.26,ACTIVE
2026-07,AC02112,Tabungan Perorangan - Mudharabah,284.83,2.5,0.59,ACTIVE
2026-07,AC02113,Giro Perorangan - Wadiah,599.66,0.24,0.12,ACTIVE
2026-07,AC02114,Deposito Perorangan - Mudharabah,292.04,4.13,1.01,ACTIVE
2026-07,AC02115,Tabungan Perorangan - Wadiah,658.06,0.52,0.29,ACTIVE
2026-07,AC02116,Giro Perorangan - Wadiah,276.81,0.39,0.09,ACTIVE
2026-07,AC02117,Giro Perorangan - Wadiah,299.61,0.17,0.04,ACTIVE
2026-07,AC02118,Tabungan Perorangan - Wadiah,587.18,0.39,0.19,ACTIVE
2026-07,AC02119,Tabungan Lembaga - Wadiah,1010.03,0.75,0.63,ACTIVE
2026-07,AC02121,Deposito Perorangan - Mudharabah,708.52,4.09,2.41,ACTIVE
2026-07,AC02122,Giro Perorangan - Wadiah,693.66,0.13,0.08,ACTIVE
2026-07,AC02125,Tabungan Perorangan - Wadiah,1003.16,0.38,0.32,ACTIVE
2026-07,AC02126,Tabungan Lembaga - Mudharabah,401.66,2.51,0.84,ACTIVE
2026-07,AC02127,Giro Lembaga - Wadiah,986.09,0.24,0.2,ACTIVE
2026-07,AC02128,Deposito Perorangan - Mudharabah,740.37,4.08,2.52,ACTIVE
2026-07,AC02129,Tabungan Lembaga - Wadiah,410.26,0.67,0.23,ACTIVE
2026-07,AC02131,Tabungan Lembaga - Wadiah,281.4,0.6,0.14,ACTIVE
2026-07,AC02132,Giro Lembaga - Wadiah,1026.4,0.37,0.32,ACTIVE
2026-07,AC02133,Tabungan Lembaga - Wadiah,794.93,0.76,0.5,ACTIVE
2026-07,AC02135,Giro Lembaga - Wadiah,725.74,0.2,0.12,ACTIVE
2026-07,AC02136,Tabungan Perorangan - Mudharabah,390.16,2.46,0.8,ACTIVE
2026-07,AC02137,Giro Perorangan - Wadiah,207.86,0.18,0.03,ACTIVE
2026-07,AC02138,Tabungan Perorangan - Mudharabah,707.96,2.4,1.42,ACTIVE
2026-07,AC02139,Tabungan Perorangan - Wadiah,918.0,0.64,0.49,ACTIVE
2026-07,AC02140,Tabungan Perorangan - Wadiah,413.49,0.51,0.18,ACTIVE
2026-07,AC02143,Giro Lembaga - Wadiah,120.88,0.43,0.04,ACTIVE
2026-07,AC02145,Giro Lembaga - Wadiah,572.91,0.41,0.2,ACTIVE
2026-07,AC02146,Giro Lembaga - Wadiah,319.19,0.3,0.08,ACTIVE
2026-07,AC02147,Giro Perorangan - Mudharabah,393.96,1.95,0.64,ACTIVE
2026-07,AC02150,Tabungan Lembaga - Mudharabah,783.97,2.69,1.76,ACTIVE
2026-07,AC02153,Giro Lembaga - Wadiah,839.5,0.28,0.2,ACTIVE
2026-07,AC02154,Giro Perorangan - Wadiah,225.27,0.17,0.03,ACTIVE
2026-07,AC02155,Giro Lembaga - Wadiah,522.93,0.31,0.14,ACTIVE
2026-07,AC02156,Tabungan Perorangan - Wadiah,760.67,0.47,0.3,ACTIVE
2026-07,AC02157,Tabungan Lembaga - Wadiah,363.71,0.68,0.21,ACTIVE
2026-07,AC02160,Tabungan Perorangan - Mudharabah,110.81,2.37,0.22,ACTIVE
2026-07,AC02161,Tabungan Lembaga - Mudharabah,129.71,2.58,0.28,ACTIVE
2026-07,AC02162,Tabungan Perorangan - Wadiah,915.51,0.64,0.49,ACTIVE
2026-07,AC02163,Tabungan Perorangan - Wadiah,312.53,0.58,0.15,ACTIVE
2026-07,AC02164,Giro Lembaga - Mudharabah,202.88,2.13,0.36,ACTIVE
2026-07,AC02165,Tabungan Lembaga - Wadiah,747.96,0.75,0.47,ACTIVE
2026-07,AC02166,Deposito Lembaga - Mudharabah,307.58,4.27,1.09,ACTIVE
2026-07,AC02167,Tabungan Lembaga - Wadiah,473.14,0.71,0.28,ACTIVE
2026-07,AC02168,Tabungan Perorangan - Mudharabah,172.25,2.45,0.35,ACTIVE
2026-07,AC02169,Tabungan Perorangan - Wadiah,562.64,0.59,0.28,ACTIVE
2026-07,AC02171,Tabungan Perorangan - Mudharabah,791.92,2.46,1.62,ACTIVE
2026-07,AC02172,Giro Perorangan - Wadiah,906.24,0.21,0.16,ACTIVE
2026-07,AC02173,Deposito Lembaga - Mudharabah,552.53,4.11,1.89,ACTIVE
2026-08,AC02026,Deposito Perorangan - Mudharabah,158.61,4.14,0.55,ACTIVE
2026-08,AC02027,Deposito Lembaga - Mudharabah,714.86,4.21,2.51,ACTIVE
2026-08,AC02029,Deposito Lembaga - Mudharabah,739.65,4.19,2.58,ACTIVE
2026-08,AC02030,Tabungan Perorangan - Mudharabah,708.67,2.37,1.4,ACTIVE
2026-08,AC02031,Deposito Lembaga - Mudharabah,367.21,4.2,1.29,ACTIVE
2026-08,AC02032,Tabungan Lembaga - Mudharabah,783.61,2.64,1.72,ACTIVE
2026-08,AC02033,Giro Perorangan - Wadiah,544.51,0.13,0.06,ACTIVE
2026-08,AC02035,Deposito Perorangan - Mudharabah,755.56,3.95,2.49,ACTIVE
2026-08,AC02036,Tabungan Lembaga - Wadiah,935.19,0.67,0.52,ACTIVE
2026-08,AC02037,Tabungan Perorangan - Mudharabah,663.09,2.58,1.43,ACTIVE
2026-08,AC02038,Tabungan Perorangan - Mudharabah,1016.15,2.37,2.01,ACTIVE
2026-08,AC02040,Deposito Perorangan - Mudharabah,525.03,4.1,1.79,ACTIVE
2026-08,AC02041,Tabungan Perorangan - Mudharabah,828.53,2.61,1.8,ACTIVE
2026-08,AC02042,Tabungan Perorangan - Mudharabah,154.41,2.62,0.34,ACTIVE
2026-08,AC02043,Giro Perorangan - Wadiah,133.84,0.12,0.01,ACTIVE
2026-08,AC02047,Tabungan Perorangan - Mudharabah,596.32,2.57,1.28,ACTIVE
2026-08,AC02048,Tabungan Lembaga - Mudharabah,894.11,2.68,2.0,ACTIVE
2026-08,AC02050,Tabungan Perorangan - Mudharabah,1031.97,2.41,2.07,ACTIVE
2026-08,AC02051,Tabungan Perorangan - Wadiah,933.18,0.51,0.4,ACTIVE
2026-08,AC02052,Tabungan Perorangan - Mudharabah,700.92,2.54,1.48,ACTIVE
2026-08,AC02053,Tabungan Perorangan - Wadiah,512.76,0.47,0.2,ACTIVE
2026-08,AC02054,Deposito Perorangan - Mudharabah,118.71,3.93,0.39,ACTIVE
2026-08,AC02055,Giro Lembaga - Mudharabah,620.93,2.02,1.05,ACTIVE
2026-08,AC02056,Giro Perorangan - Wadiah,186.31,0.24,0.04,ACTIVE
2026-08,AC02057,Tabungan Perorangan - Wadiah,183.62,0.5,0.08,ACTIVE
2026-08,AC02058,Giro Lembaga - Mudharabah,626.15,1.96,1.02,ACTIVE
2026-08,AC02059,Deposito Lembaga - Mudharabah,394.51,4.17,1.37,ACTIVE
2026-08,AC02060,Deposito Perorangan - Mudharabah,768.27,4.09,2.62,ACTIVE
2026-08,AC02061,Giro Lembaga - Mudharabah,431.32,2.2,0.79,ACTIVE
2026-08,AC02062,Giro Perorangan - Wadiah,809.92,0.27,0.18,ACTIVE
2026-08,AC02063,Giro Lembaga - Wadiah,315.61,0.31,0.08,ACTIVE
2026-08,AC02064,Giro Perorangan - Mudharabah,686.86,1.94,1.11,ACTIVE
2026-08,AC02065,Giro Perorangan - Wadiah,761.67,0.23,0.15,ACTIVE
2026-08,AC02066,Tabungan Lembaga - Wadiah,189.37,0.77,0.12,ACTIVE
2026-08,AC02068,Tabungan Lembaga - Wadiah,764.69,0.5,0.32,ACTIVE
2026-08,AC02069,Giro Lembaga - Mudharabah,869.47,2.22,1.61,ACTIVE
2026-08,AC02070,Tabungan Perorangan - Wadiah,165.93,0.57,0.08,ACTIVE
2026-08,AC02071,Tabungan Lembaga - Wadiah,832.72,0.53,0.37,ACTIVE
2026-08,AC02073,Giro Lembaga - Wadiah,614.08,0.28,0.14,ACTIVE
2026-08,AC02076,Giro Lembaga - Wadiah,402.97,0.38,0.13,ACTIVE
2026-08,AC02077,Giro Lembaga - Wadiah,594.79,0.4,0.2,ACTIVE
2026-08,AC02080,Deposito Lembaga - Mudharabah,890.26,4.14,3.07,ACTIVE
2026-08,AC02081,Deposito Perorangan - Mudharabah,240.24,4.08,0.82,ACTIVE
2026-08,AC02082,Tabungan Perorangan - Mudharabah,489.41,2.58,1.05,ACTIVE
2026-08,AC02084,Giro Lembaga - Wadiah,724.11,0.45,0.27,ACTIVE
2026-08,AC02085,Tabungan Perorangan - Mudharabah,429.5,2.56,0.92,ACTIVE
2026-08,AC02086,Deposito Lembaga - Mudharabah,255.38,4.36,0.93,ACTIVE
2026-08,AC02089,Giro Lembaga - Wadiah,642.15,0.16,0.09,ACTIVE
2026-08,AC02090,Tabungan Perorangan - Mudharabah,1018.46,2.4,2.04,ACTIVE
2026-08,AC02091,Giro Lembaga - Wadiah,340.37,0.23,0.07,ACTIVE
2026-08,AC02092,Giro Perorangan - Wadiah,659.23,0.27,0.15,ACTIVE
2026-08,AC02093,Tabungan Perorangan - Wadiah,202.71,0.6,0.1,ACTIVE
2026-08,AC02094,Giro Lembaga - Wadiah,132.6,0.22,0.02,ACTIVE
2026-08,AC02095,Giro Lembaga - Mudharabah,748.21,2.24,1.4,ACTIVE
2026-08,AC02096,Tabungan Perorangan - Mudharabah,224.1,2.57,0.48,ACTIVE
2026-08,AC02097,Giro Lembaga - Mudharabah,481.49,2.13,0.85,ACTIVE
2026-08,AC02098,Tabungan Lembaga - Wadiah,431.68,0.79,0.28,ACTIVE
2026-08,AC02100,Giro Perorangan - Mudharabah,935.8,2.1,1.64,ACTIVE
2026-08,AC02101,Deposito Lembaga - Mudharabah,221.15,4.3,0.79,ACTIVE
2026-08,AC02102,Deposito Perorangan - Mudharabah,215.8,3.9,0.7,ACTIVE
2026-08,AC02103,Giro Perorangan - Wadiah,601.79,0.2,0.1,ACTIVE
2026-08,AC02105,Deposito Perorangan - Mudharabah,733.51,3.93,2.4,ACTIVE
2026-08,AC02106,Tabungan Lembaga - Wadiah,934.24,0.59,0.46,ACTIVE
2026-08,AC02107,Tabungan Lembaga - Wadiah,747.18,0.55,0.34,ACTIVE
2026-08,AC02108,Giro Lembaga - Mudharabah,770.91,2.23,1.43,ACTIVE
2026-08,AC02109,Giro Lembaga - Mudharabah,602.01,2.12,1.06,ACTIVE
2026-08,AC02110,Tabungan Perorangan - Wadiah,448.91,0.39,0.15,ACTIVE
2026-08,AC02111,Giro Lembaga - Mudharabah,155.49,1.96,0.25,ACTIVE
2026-08,AC02112,Tabungan Perorangan - Mudharabah,275.54,2.5,0.57,ACTIVE
2026-08,AC02113,Giro Perorangan - Wadiah,580.11,0.24,0.12,ACTIVE
2026-08,AC02114,Deposito Perorangan - Mudharabah,285.66,4.13,0.98,ACTIVE
2026-08,AC02115,Tabungan Perorangan - Wadiah,636.61,0.52,0.28,ACTIVE
2026-08,AC02116,Giro Perorangan - Wadiah,267.79,0.39,0.09,ACTIVE
2026-08,AC02117,Giro Perorangan - Wadiah,289.84,0.17,0.04,ACTIVE
2026-08,AC02118,Tabungan Perorangan - Wadiah,568.04,0.39,0.18,ACTIVE
2026-08,AC02119,Tabungan Lembaga - Wadiah,987.39,0.75,0.62,ACTIVE
2026-08,AC02120,Giro Perorangan - Mudharabah,752.64,1.92,1.2,ACTIVE
2026-08,AC02121,Deposito Perorangan - Mudharabah,685.42,4.09,2.34,ACTIVE
2026-08,AC02122,Giro Perorangan - Wadiah,671.04,0.13,0.07,ACTIVE
2026-08,AC02125,Tabungan Perorangan - Wadiah,970.45,0.38,0.31,ACTIVE
2026-08,AC02126,Tabungan Lembaga - Mudharabah,392.45,2.51,0.82,ACTIVE
2026-08,AC02127,Giro Lembaga - Wadiah,953.94,0.24,0.19,ACTIVE
2026-08,AC02128,Deposito Perorangan - Mudharabah,716.23,4.08,2.44,ACTIVE
2026-08,AC02129,Tabungan Lembaga - Wadiah,400.89,0.67,0.22,ACTIVE
2026-08,AC02131,Tabungan Lembaga - Wadiah,272.22,0.6,0.14,ACTIVE
2026-08,AC02132,Giro Lembaga - Wadiah,992.94,0.37,0.31,ACTIVE
2026-08,AC02133,Tabungan Lembaga - Wadiah,769.01,0.76,0.49,ACTIVE
2026-08,AC02135,Giro Lembaga - Wadiah,702.08,0.2,0.12,ACTIVE
2026-08,AC02136,Tabungan Perorangan - Mudharabah,377.44,2.46,0.77,ACTIVE
2026-08,AC02137,Giro Perorangan - Wadiah,203.14,0.18,0.03,ACTIVE
2026-08,AC02138,Tabungan Perorangan - Mudharabah,684.87,2.4,1.37,ACTIVE
2026-08,AC02139,Tabungan Perorangan - Wadiah,896.95,0.64,0.48,ACTIVE
2026-08,AC02140,Tabungan Perorangan - Wadiah,404.17,0.51,0.17,ACTIVE
2026-08,AC02141,Tabungan Lembaga - Wadiah,815.68,0.79,0.54,ACTIVE
2026-08,AC02143,Giro Lembaga - Wadiah,116.94,0.43,0.04,ACTIVE
2026-08,AC02145,Giro Lembaga - Wadiah,560.0,0.41,0.19,ACTIVE
2026-08,AC02146,Giro Lembaga - Wadiah,308.78,0.3,0.08,ACTIVE
2026-08,AC02147,Giro Perorangan - Mudharabah,381.11,1.95,0.62,ACTIVE
2026-08,AC02148,Tabungan Perorangan - Wadiah,105.32,0.64,0.06,ACTIVE
2026-08,AC02150,Tabungan Lembaga - Mudharabah,766.48,2.69,1.72,ACTIVE
2026-08,AC02153,Giro Lembaga - Wadiah,812.13,0.28,0.19,ACTIVE
2026-08,AC02154,Giro Perorangan - Wadiah,217.93,0.17,0.03,ACTIVE
2026-08,AC02155,Giro Lembaga - Wadiah,505.88,0.31,0.13,ACTIVE
2026-08,AC02156,Tabungan Perorangan - Wadiah,735.87,0.47,0.29,ACTIVE
2026-08,AC02157,Tabungan Lembaga - Wadiah,351.85,0.68,0.2,ACTIVE
2026-08,AC02160,Tabungan Perorangan - Mudharabah,108.32,2.37,0.21,ACTIVE
2026-08,AC02161,Tabungan Lembaga - Mudharabah,125.48,2.58,0.27,ACTIVE
2026-08,AC02162,Tabungan Perorangan - Wadiah,894.43,0.64,0.48,ACTIVE
2026-08,AC02163,Tabungan Perorangan - Wadiah,305.67,0.58,0.15,ACTIVE
2026-08,AC02164,Giro Lembaga - Mudharabah,196.27,2.13,0.35,ACTIVE
2026-08,AC02165,Tabungan Lembaga - Wadiah,723.57,0.75,0.45,ACTIVE
2026-08,AC02166,Deposito Lembaga - Mudharabah,300.5,4.27,1.07,ACTIVE
2026-08,AC02167,Tabungan Lembaga - Wadiah,462.43,0.71,0.27,ACTIVE
2026-08,AC02168,Tabungan Perorangan - Mudharabah,168.37,2.45,0.34,ACTIVE
2026-08,AC02169,Tabungan Perorangan - Wadiah,550.21,0.59,0.27,ACTIVE
2026-08,AC02171,Tabungan Perorangan - Mudharabah,766.1,2.46,1.57,ACTIVE
2026-08,AC02172,Giro Perorangan - Wadiah,886.02,0.21,0.16,ACTIVE
2026-08,AC02173,Deposito Lembaga - Mudharabah,539.86,4.11,1.85,ACTIVE
2026-09,AC02026,Deposito Perorangan - Mudharabah,154.44,4.14,0.53,ACTIVE
2026-09,AC02027,Deposito Lembaga - Mudharabah,696.03,4.21,2.44,ACTIVE
2026-09,AC02028,Giro Perorangan - Wadiah,853.64,0.15,0.11,ACTIVE
2026-09,AC02029,Deposito Lembaga - Mudharabah,727.68,4.19,2.54,ACTIVE
2026-09,AC02030,Tabungan Perorangan - Mudharabah,690.0,2.37,1.36,ACTIVE
2026-09,AC02031,Deposito Lembaga - Mudharabah,357.54,4.2,1.25,ACTIVE
2026-09,AC02032,Tabungan Lembaga - Mudharabah,762.98,2.64,1.68,ACTIVE
2026-09,AC02033,Giro Perorangan - Wadiah,530.18,0.13,0.06,ACTIVE
2026-09,AC02035,Deposito Perorangan - Mudharabah,743.17,3.95,2.45,ACTIVE
2026-09,AC02036,Tabungan Lembaga - Wadiah,910.56,0.67,0.51,ACTIVE
2026-09,AC02037,Tabungan Perorangan - Mudharabah,652.5,2.58,1.4,ACTIVE
2026-09,AC02038,Tabungan Perorangan - Mudharabah,989.39,2.37,1.95,ACTIVE
2026-09,AC02040,Deposito Perorangan - Mudharabah,516.32,4.1,1.76,ACTIVE
2026-09,AC02041,Tabungan Perorangan - Mudharabah,815.38,2.61,1.77,ACTIVE
2026-09,AC02042,Tabungan Perorangan - Mudharabah,150.35,2.62,0.33,ACTIVE
2026-09,AC02043,Giro Perorangan - Wadiah,130.32,0.12,0.01,ACTIVE
2026-09,AC02047,Tabungan Perorangan - Mudharabah,586.73,2.57,1.26,ACTIVE
2026-09,AC02048,Tabungan Lembaga - Mudharabah,879.36,2.68,1.96,ACTIVE
2026-09,AC02050,Tabungan Perorangan - Mudharabah,1004.74,2.41,2.02,ACTIVE
2026-09,AC02051,Tabungan Perorangan - Wadiah,918.27,0.51,0.39,ACTIVE
2026-09,AC02052,Tabungan Perorangan - Mudharabah,682.47,2.54,1.44,ACTIVE
2026-09,AC02053,Tabungan Perorangan - Wadiah,499.26,0.47,0.2,ACTIVE
2026-09,AC02054,Deposito Perorangan - Mudharabah,115.58,3.93,0.38,ACTIVE
2026-09,AC02055,Giro Lembaga - Mudharabah,604.58,2.02,1.02,ACTIVE
2026-09,AC02056,Giro Perorangan - Wadiah,181.41,0.24,0.04,ACTIVE
2026-09,AC02057,Tabungan Perorangan - Wadiah,180.68,0.5,0.08,ACTIVE
2026-09,AC02058,Giro Lembaga - Mudharabah,609.66,1.96,1.0,ACTIVE
2026-09,AC02059,Deposito Lembaga - Mudharabah,387.97,4.17,1.35,ACTIVE
2026-09,AC02060,Deposito Perorangan - Mudharabah,755.44,4.09,2.57,ACTIVE
2026-09,AC02061,Giro Lembaga - Mudharabah,424.38,2.2,0.78,ACTIVE
2026-09,AC02062,Giro Perorangan - Wadiah,796.56,0.27,0.18,ACTIVE
2026-09,AC02063,Giro Lembaga - Wadiah,310.67,0.31,0.08,ACTIVE
2026-09,AC02064,Giro Perorangan - Mudharabah,675.53,1.94,1.09,ACTIVE
2026-09,AC02065,Giro Perorangan - Wadiah,749.18,0.23,0.14,ACTIVE
2026-09,AC02066,Tabungan Lembaga - Wadiah,184.38,0.77,0.12,ACTIVE
2026-09,AC02067,Tabungan Lembaga - Wadiah,361.02,0.54,0.16,ACTIVE
2026-09,AC02068,Tabungan Lembaga - Wadiah,752.07,0.5,0.31,ACTIVE
2026-09,AC02070,Tabungan Perorangan - Wadiah,161.56,0.57,0.08,ACTIVE
2026-09,AC02071,Tabungan Lembaga - Wadiah,810.79,0.53,0.36,ACTIVE
2026-09,AC02073,Giro Lembaga - Wadiah,604.55,0.28,0.14,ACTIVE
2026-09,AC02074,Tabungan Perorangan - Wadiah,456.89,0.37,0.14,ACTIVE
2026-09,AC02076,Giro Lembaga - Wadiah,396.45,0.38,0.13,ACTIVE
2026-09,AC02077,Giro Lembaga - Wadiah,579.13,0.4,0.19,ACTIVE
2026-09,AC02078,Deposito Perorangan - Mudharabah,290.92,4.01,0.97,ACTIVE
2026-09,AC02080,Deposito Lembaga - Mudharabah,875.84,4.14,3.02,ACTIVE
2026-09,AC02081,Deposito Perorangan - Mudharabah,233.91,4.08,0.8,ACTIVE
2026-09,AC02082,Tabungan Perorangan - Mudharabah,481.39,2.58,1.03,ACTIVE
2026-09,AC02083,Deposito Perorangan - Mudharabah,220.11,4.0,0.73,ACTIVE
2026-09,AC02084,Giro Lembaga - Wadiah,712.55,0.45,0.27,ACTIVE
2026-09,AC02085,Tabungan Perorangan - Mudharabah,422.73,2.56,0.9,ACTIVE
2026-09,AC02086,Deposito Lembaga - Mudharabah,248.66,4.36,0.9,ACTIVE
2026-09,AC02089,Giro Lembaga - Wadiah,631.75,0.16,0.08,ACTIVE
2026-09,AC02090,Tabungan Perorangan - Mudharabah,991.64,2.4,1.98,ACTIVE
2026-09,AC02091,Giro Lembaga - Wadiah,334.69,0.23,0.06,ACTIVE
2026-09,AC02092,Giro Perorangan - Wadiah,641.87,0.27,0.14,ACTIVE
2026-09,AC02093,Tabungan Perorangan - Wadiah,199.54,0.6,0.1,ACTIVE
2026-09,AC02094,Giro Lembaga - Wadiah,129.11,0.22,0.02,ACTIVE
2026-09,AC02095,Giro Lembaga - Mudharabah,728.51,2.24,1.36,ACTIVE
2026-09,AC02096,Tabungan Perorangan - Mudharabah,218.2,2.57,0.47,ACTIVE
2026-09,AC02097,Giro Lembaga - Mudharabah,473.8,2.13,0.84,ACTIVE
2026-09,AC02098,Tabungan Lembaga - Wadiah,424.65,0.79,0.28,ACTIVE
2026-09,AC02100,Giro Perorangan - Mudharabah,920.65,2.1,1.61,ACTIVE
2026-09,AC02101,Deposito Lembaga - Mudharabah,215.33,4.3,0.77,ACTIVE
2026-09,AC02102,Deposito Perorangan - Mudharabah,210.12,3.9,0.68,ACTIVE
2026-09,AC02103,Giro Perorangan - Wadiah,591.99,0.2,0.1,ACTIVE
2026-09,AC02105,Deposito Perorangan - Mudharabah,721.49,3.93,2.36,ACTIVE
2026-09,AC02106,Tabungan Lembaga - Wadiah,909.64,0.59,0.45,ACTIVE
2026-09,AC02107,Tabungan Lembaga - Wadiah,727.51,0.55,0.33,ACTIVE
2026-09,AC02108,Giro Lembaga - Mudharabah,758.68,2.23,1.41,ACTIVE
2026-09,AC02109,Giro Lembaga - Mudharabah,592.39,2.12,1.05,ACTIVE
2026-09,AC02110,Tabungan Perorangan - Wadiah,441.95,0.39,0.14,ACTIVE
2026-09,AC02111,Giro Lembaga - Mudharabah,152.91,1.96,0.25,ACTIVE
2026-09,AC02112,Tabungan Perorangan - Mudharabah,268.29,2.5,0.56,ACTIVE
2026-09,AC02113,Giro Perorangan - Wadiah,564.83,0.24,0.11,ACTIVE
2026-09,AC02114,Deposito Perorangan - Mudharabah,281.19,4.13,0.97,ACTIVE
2026-09,AC02115,Tabungan Perorangan - Wadiah,619.84,0.52,0.27,ACTIVE
2026-09,AC02116,Giro Perorangan - Wadiah,260.74,0.39,0.08,ACTIVE
2026-09,AC02117,Giro Perorangan - Wadiah,282.21,0.17,0.04,ACTIVE
2026-09,AC02118,Tabungan Perorangan - Wadiah,553.08,0.39,0.18,ACTIVE
2026-09,AC02119,Tabungan Lembaga - Wadiah,971.4,0.75,0.61,ACTIVE
2026-09,AC02120,Giro Perorangan - Mudharabah,740.96,1.92,1.19,ACTIVE
2026-09,AC02121,Deposito Perorangan - Mudharabah,667.37,4.09,2.27,ACTIVE
2026-09,AC02122,Giro Perorangan - Wadiah,653.37,0.13,0.07,ACTIVE
2026-09,AC02125,Tabungan Perorangan - Wadiah,944.89,0.38,0.3,ACTIVE
2026-09,AC02126,Tabungan Lembaga - Mudharabah,385.9,2.51,0.81,ACTIVE
2026-09,AC02127,Giro Lembaga - Wadiah,928.82,0.24,0.19,ACTIVE
2026-09,AC02128,Deposito Perorangan - Mudharabah,697.37,4.08,2.37,ACTIVE
2026-09,AC02129,Tabungan Lembaga - Wadiah,394.24,0.67,0.22,ACTIVE
2026-09,AC02131,Tabungan Lembaga - Wadiah,265.05,0.6,0.13,ACTIVE
2026-09,AC02132,Giro Lembaga - Wadiah,966.79,0.37,0.3,ACTIVE
2026-09,AC02133,Tabungan Lembaga - Wadiah,748.76,0.76,0.47,ACTIVE
2026-09,AC02135,Giro Lembaga - Wadiah,683.59,0.2,0.11,ACTIVE
2026-09,AC02136,Tabungan Perorangan - Mudharabah,367.5,2.46,0.75,ACTIVE
2026-09,AC02137,Giro Perorangan - Wadiah,199.78,0.18,0.03,ACTIVE
2026-09,AC02138,Tabungan Perorangan - Mudharabah,666.84,2.4,1.33,ACTIVE
2026-09,AC02139,Tabungan Perorangan - Wadiah,881.97,0.64,0.47,ACTIVE
2026-09,AC02140,Tabungan Perorangan - Wadiah,397.59,0.51,0.17,ACTIVE
2026-09,AC02141,Tabungan Lembaga - Wadiah,803.03,0.79,0.53,ACTIVE
2026-09,AC02143,Giro Lembaga - Wadiah,113.86,0.43,0.04,ACTIVE
2026-09,AC02145,Giro Lembaga - Wadiah,550.88,0.41,0.19,ACTIVE
2026-09,AC02146,Giro Lembaga - Wadiah,300.65,0.3,0.08,ACTIVE
2026-09,AC02147,Giro Perorangan - Mudharabah,371.07,1.95,0.6,ACTIVE
2026-09,AC02148,Tabungan Perorangan - Wadiah,103.69,0.64,0.06,ACTIVE
2026-09,AC02150,Tabungan Lembaga - Mudharabah,754.15,2.69,1.69,ACTIVE
2026-09,AC02153,Giro Lembaga - Wadiah,790.75,0.28,0.18,ACTIVE
2026-09,AC02154,Giro Perorangan - Wadiah,212.19,0.17,0.03,ACTIVE
2026-09,AC02155,Giro Lembaga - Wadiah,492.56,0.31,0.13,ACTIVE
2026-09,AC02156,Tabungan Perorangan - Wadiah,716.5,0.47,0.28,ACTIVE
2026-09,AC02157,Tabungan Lembaga - Wadiah,342.59,0.68,0.19,ACTIVE
2026-09,AC02160,Tabungan Perorangan - Mudharabah,106.57,2.37,0.21,ACTIVE
2026-09,AC02161,Tabungan Lembaga - Mudharabah,122.18,2.58,0.26,ACTIVE
2026-09,AC02162,Tabungan Perorangan - Wadiah,870.88,0.64,0.46,ACTIVE
2026-09,AC02163,Tabungan Perorangan - Wadiah,300.85,0.58,0.15,ACTIVE
2026-09,AC02164,Giro Lembaga - Mudharabah,191.1,2.13,0.34,ACTIVE
2026-09,AC02165,Tabungan Lembaga - Wadiah,704.52,0.75,0.44,ACTIVE
2026-09,AC02166,Deposito Lembaga - Mudharabah,292.59,4.27,1.04,ACTIVE
2026-09,AC02167,Tabungan Lembaga - Wadiah,454.85,0.71,0.27,ACTIVE
2026-09,AC02168,Tabungan Perorangan - Mudharabah,165.63,2.45,0.34,ACTIVE
2026-09,AC02169,Tabungan Perorangan - Wadiah,541.48,0.59,0.27,ACTIVE
2026-09,AC02171,Tabungan Perorangan - Mudharabah,745.93,2.46,1.53,ACTIVE
2026-09,AC02172,Giro Perorangan - Wadiah,871.77,0.21,0.15,ACTIVE
2026-09,AC02173,Deposito Lembaga - Mudharabah,530.85,4.11,1.82,ACTIVE
