period,loan_no,product_type,facility_amount,outstanding,collectibility,rate_pa,total_revenue,status
2024-01,LN2024,Consumer - KPR Non Subsidi,626.93,184.94,1,8.59,1.32,ACTIVE
2024-01,LN2025,Commercial - Investasi,1441.07,425.11,1,8.44,2.99,ACTIVE
2024-01,LN2026,Consumer - KPR Non Subsidi,1497.01,441.61,1,8.92,3.28,ACTIVE
2024-01,LN2027,Consumer - KPR Subsidi,1406.44,414.89,1,4.93,1.7,ACTIVE
2024-01,LN2028,Commercial - Investasi,669.74,197.57,1,9.1,1.5,ACTIVE
2024-01,LN2029,Consumer - KPR Non Subsidi,1782.56,525.84,2,8.63,3.78,ACTIVE
2024-01,LN2030,Commercial - Investasi,722.1,213.02,2,8.46,1.5,ACTIVE
2024-01,LN2031,Commercial - Investasi,495.23,146.09,1,8.26,1.01,ACTIVE
2024-01,LN2032,Commercial - Investasi,1189.7,350.95,1,8.96,2.62,ACTIVE
2024-01,LN2033,Consumer - KPR Subsidi,1443.01,425.68,1,4.68,1.66,ACTIVE
2024-01,LN2034,Commercial - Investasi,1317.68,388.71,1,8.17,2.65,ACTIVE
2024-01,LN2035,Consumer - KPR Subsidi,1712.29,505.12,2,4.99,2.1,ACTIVE
2024-01,LN2036,Consumer - KPR Subsidi,1796.41,529.93,1,5.18,2.29,ACTIVE
2024-01,LN2037,Consumer - Multimanfaat,1543.95,455.46,1,9.04,3.43,ACTIVE
2024-01,LN2038,Consumer - KPR Subsidi,1054.46,311.06,1,4.85,1.26,ACTIVE
2024-01,LN2039,Consumer - KPR Subsidi,516.38,152.33,1,4.53,0.58,ACTIVE
2024-01,LN2040,Consumer - KPR Non Subsidi,851.69,251.24,2,8.23,1.72,ACTIVE
2024-01,LN2041,Consumer - KPR Non Subsidi,1652.31,487.42,1,8.45,3.43,ACTIVE
2024-01,LN2042,Commercial - Modal Kerja,1084.09,319.8,1,9.2,2.45,ACTIVE
2024-01,LN2043,Commercial - Modal Kerja,645.35,190.37,1,9.59,1.52,ACTIVE
2024-01,LN2044,Commercial - Modal Kerja,377.2,111.27,1,8.85,0.82,ACTIVE
2024-01,LN2045,Commercial - Modal Kerja,1278.93,377.28,1,8.97,2.82,ACTIVE
2024-01,LN2046,Consumer - KPR Subsidi,1373.17,405.08,1,5.44,1.84,ACTIVE
2024-01,LN2047,Commercial - Konstruksi,1591.3,469.42,1,10.46,4.09,ACTIVE
2024-01,LN2048,Commercial - Modal Kerja,433.25,127.81,2,8.41,0.9,ACTIVE
2024-01,LN2049,Commercial - Konstruksi,1247.08,367.88,1,10.53,3.23,ACTIVE
2024-01,LN2050,Commercial - Modal Kerja,946.22,279.13,2,9.03,2.1,ACTIVE
2024-01,LN2051,Consumer - KPR Subsidi,812.2,239.59,1,4.68,0.93,ACTIVE
2024-01,LN2052,Consumer - Multimanfaat,1485.85,438.32,2,9.42,3.44,ACTIVE
2024-01,LN2053,Commercial - Investasi,1304.17,384.72,1,9.19,2.95,ACTIVE
2024-01,LN2054,Consumer - KPR Non Subsidi,1276.06,376.43,1,8.84,2.77,ACTIVE
2024-01,LN2055,Commercial - Konstruksi,1633.64,481.91,1,9.86,3.96,ACTIVE
2024-01,LN2056,Consumer - KPR Subsidi,1154.42,340.55,1,4.84,1.37,ACTIVE
2024-01,LN2057,Commercial - Investasi,393.22,116.0,1,8.74,0.84,ACTIVE
2024-01,LN2058,Commercial - Konstruksi,921.76,271.91,1,10.31,2.34,ACTIVE
2024-01,LN2059,Consumer - Non KPR,1159.16,341.95,2,10.26,2.92,ACTIVE
2024-01,LN2060,Commercial - Investasi,849.97,250.74,1,8.72,1.82,ACTIVE
2024-01,LN2061,Consumer - KPR Non Subsidi,1120.23,330.46,1,8.24,2.27,ACTIVE
2024-01,LN2062,Consumer - KPR Non Subsidi,625.14,184.41,1,8.42,1.29,ACTIVE
2024-01,LN2063,Commercial - Investasi,742.11,218.92,3,8.41,1.53,ACTIVE
2024-01,LN2064,Commercial - Investasi,1111.02,327.74,1,9.29,2.54,ACTIVE
2024-01,LN2065,Consumer - KPR Non Subsidi,678.9,200.27,1,8.76,1.46,ACTIVE
2024-01,LN2066,Consumer - KPR Subsidi,1125.14,331.91,1,5.42,1.5,ACTIVE
2024-01,LN2067,Consumer - KPR Subsidi,1329.45,392.18,1,5.54,1.81,ACTIVE
2024-01,LN2068,Consumer - KPR Subsidi,939.95,277.28,1,4.77,1.1,ACTIVE
2024-01,LN2069,Consumer - KPR Non Subsidi,1731.13,510.67,1,8.46,3.6,ACTIVE
2024-01,LN2070,Consumer - KPR Non Subsidi,1642.02,484.39,1,8.55,3.45,ACTIVE
2024-01,LN2071,Consumer - Multimanfaat,508.27,149.94,1,9.91,1.24,ACTIVE
2024-01,LN2072,Commercial - Investasi,1475.32,435.21,1,8.73,3.17,ACTIVE
2024-01,LN2073,Consumer - KPR Subsidi,604.2,178.24,1,4.5,0.67,ACTIVE
2024-01,LN2074,Commercial - Konstruksi,894.99,264.02,1,10.54,2.32,ACTIVE
2024-01,LN2075,Consumer - Non KPR,997.02,294.11,1,10.48,2.57,ACTIVE
2024-01,LN2076,Commercial - Investasi,1077.94,317.99,1,8.76,2.32,ACTIVE
2024-01,LN2077,Commercial - Modal Kerja,916.66,270.41,1,8.55,1.93,ACTIVE
2024-01,LN2078,Commercial - Konstruksi,2139.28,631.06,3,10.51,5.53,ACTIVE
2024-01,LN2079,Consumer - Multimanfaat,706.8,208.5,1,10.07,1.75,ACTIVE
2024-01,LN2080,Consumer - Multimanfaat,389.54,114.91,1,9.26,0.89,ACTIVE
2024-01,LN2081,Commercial - Konstruksi,1881.11,554.92,1,9.85,4.55,ACTIVE
2024-01,LN2082,Consumer - KPR Non Subsidi,512.48,151.18,1,8.97,1.13,ACTIVE
2024-01,LN2083,Consumer - KPR Non Subsidi,1790.38,528.15,1,8.05,3.54,ACTIVE
2024-01,LN2084,Consumer - KPR Subsidi,824.51,243.23,5,5.15,1.04,ACTIVE
2024-01,LN2085,Consumer - KPR Non Subsidi,1009.19,297.71,1,8.05,2.0,ACTIVE
2024-01,LN2086,Commercial - Investasi,1317.8,388.74,1,8.97,2.91,ACTIVE
2024-01,LN2087,Commercial - Konstruksi,973.24,287.1,1,10.35,2.48,ACTIVE
2024-01,LN2088,Commercial - Konstruksi,1530.17,451.39,1,9.5,3.57,ACTIVE
2024-01,LN2089,Consumer - Non KPR,970.66,286.34,1,10.5,2.51,ACTIVE
2024-01,LN2090,Consumer - Multimanfaat,1369.66,404.04,1,9.46,3.19,ACTIVE
2024-01,LN2091,Consumer - KPR Non Subsidi,1760.12,519.22,1,8.38,3.63,ACTIVE
2024-01,LN2092,Consumer - Multimanfaat,1211.81,357.48,2,8.96,2.67,ACTIVE
2024-01,LN2093,Consumer - KPR Non Subsidi,833.35,245.83,1,9.08,1.86,ACTIVE
2024-01,LN2094,Commercial - Modal Kerja,1466.29,432.55,1,9.33,3.36,ACTIVE
2024-01,LN2095,Consumer - KPR Subsidi,1556.61,459.19,1,5.25,2.01,ACTIVE
2024-01,LN2096,Consumer - KPR Subsidi,630.76,186.07,1,5.17,0.8,ACTIVE
2024-01,LN2097,Consumer - KPR Non Subsidi,1647.96,486.14,1,8.75,3.54,ACTIVE
2024-01,LN2098,Consumer - Non KPR,1100.34,324.59,1,10.66,2.88,ACTIVE
2024-01,LN2099,Consumer - KPR Subsidi,1266.73,373.68,1,5.58,1.74,ACTIVE
2024-01,LN2100,Consumer - KPR Non Subsidi,1107.37,326.67,1,8.64,2.35,ACTIVE
2024-01,LN2101,Consumer - KPR Subsidi,591.9,174.61,1,4.88,0.71,ACTIVE
2024-01,LN2102,Consumer - KPR Subsidi,1074.76,317.05,1,5.32,1.41,ACTIVE
2024-01,LN2103,Consumer - KPR Non Subsidi,958.12,282.64,1,8.42,1.98,ACTIVE
2024-01,LN2104,Consumer - Multimanfaat,887.88,261.92,1,9.34,2.04,ACTIVE
2024-01,LN2105,Commercial - Investasi,1136.57,335.28,1,8.24,2.3,ACTIVE
2024-01,LN2106,Consumer - KPR Subsidi,1531.5,451.78,1,5.04,1.9,ACTIVE
2024-01,LN2107,Consumer - KPR Non Subsidi,629.51,185.7,1,9.0,1.39,ACTIVE
2024-01,LN2108,Consumer - KPR Non Subsidi,1029.01,303.55,2,8.68,2.2,ACTIVE
2024-01,LN2109,Commercial - Investasi,1006.58,296.94,1,8.71,2.16,ACTIVE
2024-01,LN2110,Consumer - KPR Subsidi,1774.75,523.54,1,4.49,1.96,ACTIVE
2024-01,LN2111,Consumer - KPR Subsidi,1740.03,513.3,1,5.12,2.19,ACTIVE
2024-01,LN2112,Commercial - Investasi,974.58,287.5,1,9.11,2.18,ACTIVE
2024-01,LN2113,Consumer - KPR Non Subsidi,940.0,277.29,2,7.91,1.83,ACTIVE
2024-01,LN2114,Consumer - KPR Subsidi,1170.27,345.22,1,4.76,1.37,ACTIVE
2024-01,LN2115,Commercial - Modal Kerja,805.73,237.69,3,9.45,1.87,ACTIVE
2024-01,LN2116,Consumer - KPR Non Subsidi,1775.18,523.67,1,8.6,3.75,ACTIVE
2024-01,LN2117,Consumer - KPR Subsidi,747.36,220.47,1,4.96,0.91,ACTIVE
2024-01,LN2118,Commercial - Investasi,972.65,286.93,1,9.18,2.2,ACTIVE
2024-01,LN2119,Commercial - Modal Kerja,448.44,132.29,1,8.55,0.94,ACTIVE
2024-01,LN2120,Consumer - KPR Non Subsidi,678.29,200.09,1,9.1,1.52,ACTIVE
2024-01,LN2121,Commercial - Konstruksi,1576.9,465.18,1,10.49,4.07,ACTIVE
2024-01,LN2122,Consumer - KPR Subsidi,1463.15,431.62,1,5.01,1.8,ACTIVE
2024-01,LN2123,Commercial - Investasi,1341.67,395.78,1,8.99,2.97,ACTIVE
2024-01,LN2124,Consumer - Non KPR,1563.64,461.26,1,10.51,4.04,ACTIVE
2024-01,LN2125,Consumer - KPR Subsidi,1687.25,497.73,3,5.27,2.19,ACTIVE
2024-01,LN2126,Commercial - Investasi,1016.2,299.77,1,8.42,2.1,ACTIVE
2024-01,LN2127,Consumer - KPR Non Subsidi,1141.56,336.75,1,8.42,2.36,ACTIVE
2024-01,LN2128,Consumer - KPR Non Subsidi,621.43,183.32,1,8.92,1.36,ACTIVE
2024-01,LN2129,Commercial - Konstruksi,1849.3,545.53,1,9.51,4.32,ACTIVE
2024-01,LN2130,Consumer - KPR Non Subsidi,714.99,210.92,1,8.72,1.53,ACTIVE
2024-01,LN2131,Consumer - KPR Subsidi,916.19,270.27,1,5.17,1.16,ACTIVE
2024-01,LN2132,Consumer - Non KPR,1244.06,366.99,1,10.3,3.15,ACTIVE
2024-01,LN2133,Commercial - Konstruksi,1727.28,509.54,1,9.66,4.1,ACTIVE
2024-01,LN2134,Consumer - KPR Subsidi,567.24,167.33,1,4.93,0.69,ACTIVE
2024-01,LN2135,Commercial - Modal Kerja,1402.25,413.66,1,8.97,3.09,ACTIVE
2024-01,LN2136,Consumer - Non KPR,785.96,231.85,1,10.43,2.02,ACTIVE
2024-01,LN2137,Commercial - Investasi,1229.52,362.7,1,9.27,2.8,ACTIVE
2024-01,LN2138,Consumer - KPR Non Subsidi,1687.86,497.91,1,8.92,3.7,ACTIVE
2024-01,LN2139,Commercial - Modal Kerja,1280.55,377.75,1,9.6,3.02,ACTIVE
2024-01,LN2140,Consumer - KPR Non Subsidi,1298.65,383.09,1,8.32,2.66,ACTIVE
2024-01,LN2141,Consumer - Non KPR,1646.82,485.8,1,10.21,4.13,ACTIVE
2024-01,LN2142,Consumer - Multimanfaat,454.32,134.02,1,8.93,1.0,ACTIVE
2024-01,LN2143,Consumer - Multimanfaat,505.36,149.08,1,9.04,1.12,ACTIVE
2024-01,LN2153,Commercial - Modal Kerja,1387.78,409.39,1,8.78,3.0,ACTIVE
2024-01,LN2165,Consumer - KPR Subsidi,1396.57,411.98,1,5.03,1.73,ACTIVE
2024-01,LN2172,Consumer - Multimanfaat,1091.29,321.92,3,9.87,2.65,ACTIVE
2024-01,LN2178,Consumer - Multimanfaat,1560.01,460.19,2,9.86,3.78,ACTIVE
2024-01,LN2180,Consumer - Non KPR,1719.16,507.14,1,10.16,4.29,ACTIVE
2024-01,LN2183,Commercial - Modal Kerja,725.65,214.06,1,9.1,1.62,ACTIVE
2024-01,LN2184,Consumer - KPR Non Subsidi,1335.74,394.04,1,8.1,2.66,ACTIVE
2024-01,LN2197,Consumer - KPR Non Subsidi,752.56,222.0,1,8.83,1.63,ACTIVE
2024-02,LN2024,Consumer - KPR Non Subsidi,626.93,177.16,1,8.59,1.27,ACTIVE
2024-02,LN2025,Commercial - Investasi,1441.07,407.22,1,8.44,2.86,ACTIVE
2024-02,LN2026,Consumer - KPR Non Subsidi,1497.01,423.03,1,8.92,3.14,ACTIVE
2024-02,LN2027,Consumer - KPR Subsidi,1406.44,397.43,1,4.93,1.63,ACTIVE
2024-02,LN2028,Commercial - Investasi,669.74,189.26,1,9.1,1.44,ACTIVE
2024-02,LN2029,Consumer - KPR Non Subsidi,1782.56,503.72,2,8.63,3.62,ACTIVE
2024-02,LN2030,Commercial - Investasi,722.1,204.05,2,8.46,1.44,ACTIVE
2024-02,LN2031,Commercial - Investasi,495.23,139.94,1,8.26,0.96,ACTIVE
2024-02,LN2032,Commercial - Investasi,1189.7,336.19,1,8.96,2.51,ACTIVE
2024-02,LN2033,Consumer - KPR Subsidi,1443.01,407.77,1,4.68,1.59,ACTIVE
2024-02,LN2034,Commercial - Investasi,1317.68,372.35,1,8.17,2.54,ACTIVE
2024-02,LN2035,Consumer - KPR Subsidi,1712.29,483.86,2,4.99,2.01,ACTIVE
2024-02,LN2036,Consumer - KPR Subsidi,1796.41,507.63,1,5.18,2.19,ACTIVE
2024-02,LN2037,Consumer - Multimanfaat,1543.95,436.29,1,9.04,3.29,ACTIVE
2024-02,LN2038,Consumer - KPR Subsidi,1054.46,297.97,1,4.85,1.2,ACTIVE
2024-02,LN2039,Consumer - KPR Subsidi,516.38,145.92,1,4.53,0.55,ACTIVE
2024-02,LN2040,Consumer - KPR Non Subsidi,851.69,240.67,2,8.23,1.65,ACTIVE
2024-02,LN2041,Consumer - KPR Non Subsidi,1652.31,466.91,1,8.45,3.29,ACTIVE
2024-02,LN2042,Commercial - Modal Kerja,1084.09,306.34,1,9.2,2.35,ACTIVE
2024-02,LN2043,Commercial - Modal Kerja,645.35,182.36,1,9.59,1.46,ACTIVE
2024-02,LN2044,Commercial - Modal Kerja,377.2,106.59,1,8.85,0.79,ACTIVE
2024-02,LN2045,Commercial - Modal Kerja,1278.93,361.4,1,8.97,2.7,ACTIVE
2024-02,LN2046,Consumer - KPR Subsidi,1373.17,388.03,1,5.44,1.76,ACTIVE
2024-02,LN2047,Commercial - Konstruksi,1591.3,449.67,1,10.46,3.92,ACTIVE
2024-02,LN2048,Commercial - Modal Kerja,433.25,122.43,2,8.41,0.86,ACTIVE
2024-02,LN2049,Commercial - Konstruksi,1247.08,352.4,1,10.53,3.09,ACTIVE
2024-02,LN2050,Commercial - Modal Kerja,946.22,267.38,2,9.03,2.01,ACTIVE
2024-02,LN2051,Consumer - KPR Subsidi,812.2,229.51,1,4.68,0.9,ACTIVE
2024-02,LN2052,Consumer - Multimanfaat,1485.85,419.87,2,9.42,3.3,ACTIVE
2024-02,LN2053,Commercial - Investasi,1304.17,368.53,1,9.19,2.82,ACTIVE
2024-02,LN2054,Consumer - KPR Non Subsidi,1276.06,360.59,1,8.84,2.66,ACTIVE
2024-02,LN2055,Commercial - Konstruksi,1633.64,461.63,1,9.86,3.79,ACTIVE
2024-02,LN2056,Consumer - KPR Subsidi,1154.42,326.22,1,4.84,1.32,ACTIVE
2024-02,LN2057,Commercial - Investasi,393.22,111.12,1,8.74,0.81,ACTIVE
2024-02,LN2058,Commercial - Konstruksi,921.76,260.47,1,10.31,2.24,ACTIVE
2024-02,LN2059,Consumer - Non KPR,1159.16,327.56,2,10.26,2.8,ACTIVE
2024-02,LN2060,Commercial - Investasi,849.97,240.18,1,8.72,1.75,ACTIVE
2024-02,LN2061,Consumer - KPR Non Subsidi,1120.23,316.55,1,8.24,2.17,ACTIVE
2024-02,LN2062,Consumer - KPR Non Subsidi,625.14,176.65,1,8.42,1.24,ACTIVE
2024-02,LN2063,Commercial - Investasi,742.11,209.71,3,8.41,1.47,ACTIVE
2024-02,LN2064,Commercial - Investasi,1111.02,313.95,1,9.29,2.43,ACTIVE
2024-02,LN2065,Consumer - KPR Non Subsidi,678.9,191.84,1,8.76,1.4,ACTIVE
2024-02,LN2066,Consumer - KPR Subsidi,1125.14,317.94,1,5.42,1.44,ACTIVE
2024-02,LN2067,Consumer - KPR Subsidi,1329.45,375.68,1,5.54,1.73,ACTIVE
2024-02,LN2068,Consumer - KPR Subsidi,939.95,265.61,1,4.77,1.06,ACTIVE
2024-02,LN2069,Consumer - KPR Non Subsidi,1731.13,489.18,1,8.46,3.45,ACTIVE
2024-02,LN2070,Consumer - KPR Non Subsidi,1642.02,464.0,1,8.55,3.31,ACTIVE
2024-02,LN2071,Consumer - Multimanfaat,508.27,143.63,1,9.91,1.19,ACTIVE
2024-02,LN2072,Commercial - Investasi,1475.32,416.9,1,8.73,3.03,ACTIVE
2024-02,LN2073,Consumer - KPR Subsidi,604.2,170.73,1,4.5,0.64,ACTIVE
2024-02,LN2074,Commercial - Konstruksi,894.99,252.91,1,10.54,2.22,ACTIVE
2024-02,LN2075,Consumer - Non KPR,997.02,281.74,1,10.48,2.46,ACTIVE
2024-02,LN2076,Commercial - Investasi,1077.94,304.6,1,8.76,2.22,ACTIVE
2024-02,LN2077,Commercial - Modal Kerja,916.66,259.03,1,8.55,1.85,ACTIVE
2024-02,LN2078,Commercial - Konstruksi,2139.28,604.48,3,10.51,5.29,ACTIVE
2024-02,LN2079,Consumer - Multimanfaat,706.8,199.73,1,10.07,1.68,ACTIVE
2024-02,LN2080,Consumer - Multimanfaat,389.54,110.08,1,9.26,0.85,ACTIVE
2024-02,LN2081,Commercial - Konstruksi,1881.11,531.56,1,9.85,4.36,ACTIVE
2024-02,LN2082,Consumer - KPR Non Subsidi,512.48,144.82,1,8.97,1.08,ACTIVE
2024-02,LN2083,Consumer - KPR Non Subsidi,1790.38,505.93,1,8.05,3.39,ACTIVE
2024-02,LN2084,Consumer - KPR Subsidi,824.51,232.99,5,5.15,1.0,ACTIVE
2024-02,LN2085,Consumer - KPR Non Subsidi,1009.19,285.18,1,8.05,1.91,ACTIVE
2024-02,LN2086,Commercial - Investasi,1317.8,372.38,1,8.97,2.78,ACTIVE
2024-02,LN2087,Commercial - Konstruksi,973.24,275.02,1,10.35,2.37,ACTIVE
2024-02,LN2088,Commercial - Konstruksi,1530.17,432.4,1,9.5,3.42,ACTIVE
2024-02,LN2089,Consumer - Non KPR,970.66,274.29,1,10.5,2.4,ACTIVE
2024-02,LN2090,Consumer - Multimanfaat,1369.66,387.04,1,9.46,3.05,ACTIVE
2024-02,LN2091,Consumer - KPR Non Subsidi,1760.12,497.37,1,8.38,3.47,ACTIVE
2024-02,LN2092,Consumer - Multimanfaat,1211.81,342.43,2,8.96,2.56,ACTIVE
2024-02,LN2093,Consumer - KPR Non Subsidi,833.35,235.49,1,9.08,1.78,ACTIVE
2024-02,LN2094,Commercial - Modal Kerja,1466.29,414.34,1,9.33,3.22,ACTIVE
2024-02,LN2095,Consumer - KPR Subsidi,1556.61,439.87,1,5.25,1.92,ACTIVE
2024-02,LN2096,Consumer - KPR Subsidi,630.76,178.24,1,5.17,0.77,ACTIVE
2024-02,LN2097,Consumer - KPR Non Subsidi,1647.96,465.68,1,8.75,3.4,ACTIVE
2024-02,LN2098,Consumer - Non KPR,1100.34,310.93,1,10.66,2.76,ACTIVE
2024-02,LN2099,Consumer - KPR Subsidi,1266.73,357.95,1,5.58,1.66,ACTIVE
2024-02,LN2100,Consumer - KPR Non Subsidi,1107.37,312.92,1,8.64,2.25,ACTIVE
2024-02,LN2101,Consumer - KPR Subsidi,591.9,167.26,1,4.88,0.68,ACTIVE
2024-02,LN2102,Consumer - KPR Subsidi,1074.76,303.71,1,5.32,1.35,ACTIVE
2024-02,LN2103,Consumer - KPR Non Subsidi,958.12,270.75,1,8.42,1.9,ACTIVE
2024-02,LN2104,Consumer - Multimanfaat,887.88,250.9,1,9.34,1.95,ACTIVE
2024-02,LN2105,Commercial - Investasi,1136.57,321.17,1,8.24,2.21,ACTIVE
2024-02,LN2106,Consumer - KPR Subsidi,1531.5,432.77,1,5.04,1.82,ACTIVE
2024-02,LN2107,Consumer - KPR Non Subsidi,629.51,177.89,1,9.0,1.33,ACTIVE
2024-02,LN2108,Consumer - KPR Non Subsidi,1029.01,290.78,2,8.68,2.1,ACTIVE
2024-02,LN2109,Commercial - Investasi,1006.58,284.44,1,8.71,2.06,ACTIVE
2024-02,LN2110,Consumer - KPR Subsidi,1774.75,501.51,1,4.49,1.88,ACTIVE
2024-02,LN2111,Consumer - KPR Subsidi,1740.03,491.7,1,5.12,2.1,ACTIVE
2024-02,LN2112,Commercial - Investasi,974.58,275.4,1,9.11,2.09,ACTIVE
2024-02,LN2113,Consumer - KPR Non Subsidi,940.0,265.63,2,7.91,1.75,ACTIVE
2024-02,LN2114,Consumer - KPR Subsidi,1170.27,330.69,1,4.76,1.31,ACTIVE
2024-02,LN2115,Commercial - Modal Kerja,805.73,227.68,3,9.45,1.79,ACTIVE
2024-02,LN2116,Consumer - KPR Non Subsidi,1775.18,501.63,1,8.6,3.6,ACTIVE
2024-02,LN2117,Consumer - KPR Subsidi,747.36,211.19,1,4.96,0.87,ACTIVE
2024-02,LN2118,Commercial - Investasi,972.65,274.85,1,9.18,2.1,ACTIVE
2024-02,LN2119,Commercial - Modal Kerja,448.44,126.72,1,8.55,0.9,ACTIVE
2024-02,LN2120,Consumer - KPR Non Subsidi,678.29,191.67,1,9.1,1.45,ACTIVE
2024-02,LN2121,Commercial - Konstruksi,1576.9,445.6,1,10.49,3.9,ACTIVE
2024-02,LN2122,Consumer - KPR Subsidi,1463.15,413.46,1,5.01,1.73,ACTIVE
2024-02,LN2123,Commercial - Investasi,1341.67,379.13,1,8.99,2.84,ACTIVE
2024-02,LN2124,Consumer - Non KPR,1563.64,441.85,1,10.51,3.87,ACTIVE
2024-02,LN2125,Consumer - KPR Subsidi,1687.25,476.78,3,5.27,2.09,ACTIVE
2024-02,LN2126,Commercial - Investasi,1016.2,287.16,1,8.42,2.01,ACTIVE
2024-02,LN2127,Consumer - KPR Non Subsidi,1141.56,322.58,1,8.42,2.26,ACTIVE
2024-02,LN2128,Consumer - KPR Non Subsidi,621.43,175.6,1,8.92,1.31,ACTIVE
2024-02,LN2129,Commercial - Konstruksi,1849.3,522.58,1,9.51,4.14,ACTIVE
2024-02,LN2130,Consumer - KPR Non Subsidi,714.99,202.04,1,8.72,1.47,ACTIVE
2024-02,LN2131,Consumer - KPR Subsidi,916.19,258.9,1,5.17,1.12,ACTIVE
2024-02,LN2132,Consumer - Non KPR,1244.06,351.55,1,10.3,3.02,ACTIVE
2024-02,LN2133,Commercial - Konstruksi,1727.28,488.09,1,9.66,3.93,ACTIVE
2024-02,LN2134,Consumer - KPR Subsidi,567.24,160.29,1,4.93,0.66,ACTIVE
2024-02,LN2135,Commercial - Modal Kerja,1402.25,396.25,1,8.97,2.96,ACTIVE
2024-02,LN2136,Consumer - Non KPR,785.96,222.1,1,10.43,1.93,ACTIVE
2024-02,LN2137,Commercial - Investasi,1229.52,347.44,1,9.27,2.68,ACTIVE
2024-02,LN2138,Consumer - KPR Non Subsidi,1687.86,476.96,1,8.92,3.55,ACTIVE
2024-02,LN2139,Commercial - Modal Kerja,1280.55,361.86,1,9.6,2.89,ACTIVE
2024-02,LN2140,Consumer - KPR Non Subsidi,1298.65,366.97,1,8.32,2.54,ACTIVE
2024-02,LN2141,Consumer - Non KPR,1646.82,465.36,1,10.21,3.96,ACTIVE
2024-02,LN2142,Consumer - Multimanfaat,454.32,128.38,1,8.93,0.96,ACTIVE
2024-02,LN2143,Consumer - Multimanfaat,505.36,142.8,1,9.04,1.08,ACTIVE
2024-02,LN2147,Consumer - KPR Subsidi,749.58,209.49,1,4.73,0.83,ACTIVE
2024-02,LN2153,Commercial - Modal Kerja,1387.78,392.16,1,8.78,2.87,ACTIVE
2024-02,LN2165,Consumer - KPR Subsidi,1396.57,394.64,1,5.03,1.65,ACTIVE
2024-02,LN2168,Commercial - Modal Kerja,905.27,253.0,1,8.46,1.78,ACTIVE
2024-02,LN2169,Commercial - Konstruksi,2091.54,584.53,2,10.04,4.89,ACTIVE
2024-02,LN2172,Consumer - Multimanfaat,1091.29,308.38,3,9.87,2.54,ACTIVE
2024-02,LN2178,Consumer - Multimanfaat,1560.01,440.83,2,9.86,3.62,ACTIVE
2024-02,LN2180,Consumer - Non KPR,1719.16,485.8,1,10.16,4.11,ACTIVE
2024-02,LN2181,Consumer - KPR Subsidi,657.74,183.82,1,4.79,0.73,ACTIVE
2024-02,LN2182,Consumer - Non KPR,891.27,249.09,1,10.16,2.11,ACTIVE
2024-02,LN2183,Commercial - Modal Kerja,725.65,205.05,1,9.1,1.55,ACTIVE
2024-02,LN2184,Consumer - KPR Non Subsidi,1335.74,377.45,1,8.1,2.55,ACTIVE
2024-02,LN2196,Commercial - Investasi,1179.39,329.61,1,8.36,2.3,ACTIVE
2024-02,LN2197,Consumer - KPR Non Subsidi,752.56,212.66,1,8.83,1.56,ACTIVE
2024-03,LN2024,Consumer - KPR Non Subsidi,626.93,168.62,1,8.59,1.21,ACTIVE
2024-03,LN2025,Commercial - Investasi,1441.07,387.59,1,8.44,2.73,ACTIVE
2024-03,LN2026,Consumer - KPR Non Subsidi,1497.01,402.64,1,8.92,2.99,ACTIVE
2024-03,LN2027,Consumer - KPR Subsidi,1406.44,378.28,1,4.93,1.55,ACTIVE
2024-03,LN2028,Commercial - Investasi,669.74,180.13,1,9.1,1.37,ACTIVE
2024-03,LN2029,Consumer - KPR Non Subsidi,1782.56,479.44,2,8.63,3.45,ACTIVE
2024-03,LN2030,Commercial - Investasi,722.1,194.22,2,8.46,1.37,ACTIVE
2024-03,LN2031,Commercial - Investasi,495.23,133.2,1,8.26,0.92,ACTIVE
2024-03,LN2032,Commercial - Investasi,1189.7,319.98,1,8.96,2.39,ACTIVE
2024-03,LN2033,Consumer - KPR Subsidi,1443.01,388.11,1,4.68,1.51,ACTIVE
2024-03,LN2034,Commercial - Investasi,1317.68,354.4,1,8.17,2.41,ACTIVE
2024-03,LN2035,Consumer - KPR Subsidi,1712.29,460.54,2,4.99,1.92,ACTIVE
2024-03,LN2036,Consumer - KPR Subsidi,1796.41,483.16,1,5.18,2.09,ACTIVE
2024-03,LN2037,Consumer - Multimanfaat,1543.95,415.26,1,9.04,3.13,ACTIVE
2024-03,LN2038,Consumer - KPR Subsidi,1054.46,283.61,1,4.85,1.15,ACTIVE
2024-03,LN2039,Consumer - KPR Subsidi,516.38,138.89,1,4.53,0.52,ACTIVE
2024-03,LN2040,Consumer - KPR Non Subsidi,851.69,229.07,2,8.23,1.57,ACTIVE
2024-03,LN2041,Consumer - KPR Non Subsidi,1652.31,444.41,1,8.45,3.13,ACTIVE
2024-03,LN2042,Commercial - Modal Kerja,1084.09,291.58,1,9.2,2.24,ACTIVE
2024-03,LN2043,Commercial - Modal Kerja,645.35,173.57,1,9.59,1.39,ACTIVE
2024-03,LN2044,Commercial - Modal Kerja,377.2,101.45,1,8.85,0.75,ACTIVE
2024-03,LN2045,Commercial - Modal Kerja,1278.93,343.98,1,8.97,2.57,ACTIVE
2024-03,LN2046,Consumer - KPR Subsidi,1373.17,369.33,1,5.44,1.67,ACTIVE
2024-03,LN2047,Commercial - Konstruksi,1591.3,428.0,1,10.46,3.73,ACTIVE
2024-03,LN2048,Commercial - Modal Kerja,433.25,116.53,2,8.41,0.82,ACTIVE
2024-03,LN2049,Commercial - Konstruksi,1247.08,335.42,1,10.53,2.94,ACTIVE
2024-03,LN2050,Commercial - Modal Kerja,946.22,254.5,2,9.03,1.92,ACTIVE
2024-03,LN2051,Consumer - KPR Subsidi,812.2,218.45,1,4.68,0.85,ACTIVE
2024-03,LN2052,Consumer - Multimanfaat,1485.85,399.64,2,9.42,3.14,ACTIVE
2024-03,LN2053,Commercial - Investasi,1304.17,350.77,1,9.19,2.69,ACTIVE
2024-03,LN2054,Consumer - KPR Non Subsidi,1276.06,343.21,1,8.84,2.53,ACTIVE
2024-03,LN2055,Commercial - Konstruksi,1633.64,439.39,1,9.86,3.61,ACTIVE
2024-03,LN2056,Consumer - KPR Subsidi,1154.42,310.49,1,4.84,1.25,ACTIVE
2024-03,LN2057,Commercial - Investasi,393.22,105.76,1,8.74,0.77,ACTIVE
2024-03,LN2058,Commercial - Konstruksi,921.76,247.92,1,10.31,2.13,ACTIVE
2024-03,LN2059,Consumer - Non KPR,1159.16,311.77,2,10.26,2.67,ACTIVE
2024-03,LN2060,Commercial - Investasi,849.97,228.61,1,8.72,1.66,ACTIVE
2024-03,LN2061,Consumer - KPR Non Subsidi,1120.23,301.3,1,8.24,2.07,ACTIVE
2024-03,LN2062,Consumer - KPR Non Subsidi,625.14,168.14,1,8.42,1.18,ACTIVE
2024-03,LN2063,Commercial - Investasi,742.11,199.6,3,8.41,1.4,ACTIVE
2024-03,LN2064,Commercial - Investasi,1111.02,298.82,1,9.29,2.31,ACTIVE
2024-03,LN2065,Consumer - KPR Non Subsidi,678.9,182.6,1,8.76,1.33,ACTIVE
2024-03,LN2066,Consumer - KPR Subsidi,1125.14,302.62,1,5.42,1.37,ACTIVE
2024-03,LN2067,Consumer - KPR Subsidi,1329.45,357.57,1,5.54,1.65,ACTIVE
2024-03,LN2068,Consumer - KPR Subsidi,939.95,252.81,1,4.77,1.0,ACTIVE
2024-03,LN2069,Consumer - KPR Non Subsidi,1731.13,465.61,1,8.46,3.28,ACTIVE
2024-03,LN2070,Consumer - KPR Non Subsidi,1642.02,441.64,1,8.55,3.15,ACTIVE
2024-03,LN2071,Consumer - Multimanfaat,508.27,136.7,1,9.91,1.13,ACTIVE
2024-03,LN2072,Commercial - Investasi,1475.32,396.8,1,8.73,2.89,ACTIVE
2024-03,LN2073,Consumer - KPR Subsidi,604.2,162.51,1,4.5,0.61,ACTIVE
2024-03,LN2074,Commercial - Konstruksi,894.99,240.72,1,10.54,2.11,ACTIVE
2024-03,LN2075,Consumer - Non KPR,997.02,268.16,1,10.48,2.34,ACTIVE
2024-03,LN2076,Commercial - Investasi,1077.94,289.92,1,8.76,2.12,ACTIVE
2024-03,LN2077,Commercial - Modal Kerja,916.66,246.55,1,8.55,1.76,ACTIVE
2024-03,LN2078,Commercial - Konstruksi,2139.28,575.4,3,10.51,5.04,ACTIVE
2024-03,LN2079,Consumer - Multimanfaat,706.8,190.1,1,10.07,1.6,ACTIVE
2024-03,LN2080,Consumer - Multimanfaat,389.54,104.77,1,9.26,0.81,ACTIVE
2024-03,LN2081,Commercial - Konstruksi,1881.11,505.95,1,9.85,4.15,ACTIVE
2024-03,LN2082,Consumer - KPR Non Subsidi,512.48,137.84,1,8.97,1.03,ACTIVE
2024-03,LN2083,Consumer - KPR Non Subsidi,1790.38,481.54,1,8.05,3.23,ACTIVE
2024-03,LN2084,Consumer - KPR Subsidi,824.51,221.76,5,5.15,0.95,ACTIVE
2024-03,LN2085,Consumer - KPR Non Subsidi,1009.19,271.43,1,8.05,1.82,ACTIVE
2024-03,LN2086,Commercial - Investasi,1317.8,354.44,1,8.97,2.65,ACTIVE
2024-03,LN2087,Commercial - Konstruksi,973.24,261.76,1,10.35,2.26,ACTIVE
2024-03,LN2088,Commercial - Konstruksi,1530.17,411.56,1,9.5,3.26,ACTIVE
2024-03,LN2089,Consumer - Non KPR,970.66,261.07,1,10.5,2.28,ACTIVE
2024-03,LN2090,Consumer - Multimanfaat,1369.66,368.39,1,9.46,2.9,ACTIVE
2024-03,LN2091,Consumer - KPR Non Subsidi,1760.12,473.4,1,8.38,3.31,ACTIVE
2024-03,LN2092,Consumer - Multimanfaat,1211.81,325.93,2,8.96,2.43,ACTIVE
2024-03,LN2093,Consumer - KPR Non Subsidi,833.35,224.14,1,9.08,1.7,ACTIVE
2024-03,LN2094,Commercial - Modal Kerja,1466.29,394.38,1,9.33,3.07,ACTIVE
2024-03,LN2095,Consumer - KPR Subsidi,1556.61,418.67,1,5.25,1.83,ACTIVE
2024-03,LN2096,Consumer - KPR Subsidi,630.76,169.65,1,5.17,0.73,ACTIVE
2024-03,LN2097,Consumer - KPR Non Subsidi,1647.96,443.24,1,8.75,3.23,ACTIVE
2024-03,LN2098,Consumer - Non KPR,1100.34,295.95,1,10.66,2.63,ACTIVE
2024-03,LN2099,Consumer - KPR Subsidi,1266.73,340.7,1,5.58,1.58,ACTIVE
2024-03,LN2100,Consumer - KPR Non Subsidi,1107.37,297.84,1,8.64,2.14,ACTIVE
2024-03,LN2101,Consumer - KPR Subsidi,591.9,159.2,1,4.88,0.65,ACTIVE
2024-03,LN2102,Consumer - KPR Subsidi,1074.76,289.07,1,5.32,1.28,ACTIVE
2024-03,LN2103,Consumer - KPR Non Subsidi,958.12,257.7,1,8.42,1.81,ACTIVE
2024-03,LN2104,Consumer - Multimanfaat,887.88,238.81,1,9.34,1.86,ACTIVE
2024-03,LN2105,Commercial - Investasi,1136.57,305.69,1,8.24,2.1,ACTIVE
2024-03,LN2106,Consumer - KPR Subsidi,1531.5,411.91,1,5.04,1.73,ACTIVE
2024-03,LN2107,Consumer - KPR Non Subsidi,629.51,169.31,1,9.0,1.27,ACTIVE
2024-03,LN2108,Consumer - KPR Non Subsidi,1029.01,276.76,2,8.68,2.0,ACTIVE
2024-03,LN2109,Commercial - Investasi,1006.58,270.73,1,8.71,1.97,ACTIVE
2024-03,LN2110,Consumer - KPR Subsidi,1774.75,477.34,1,4.49,1.79,ACTIVE
2024-03,LN2111,Consumer - KPR Subsidi,1740.03,468.0,1,5.12,2.0,ACTIVE
2024-03,LN2112,Commercial - Investasi,974.58,262.12,1,9.11,1.99,ACTIVE
2024-03,LN2113,Consumer - KPR Non Subsidi,940.0,252.82,2,7.91,1.67,ACTIVE
2024-03,LN2114,Consumer - KPR Subsidi,1170.27,314.76,1,4.76,1.25,ACTIVE
2024-03,LN2115,Commercial - Modal Kerja,805.73,216.71,3,9.45,1.71,ACTIVE
2024-03,LN2116,Consumer - KPR Non Subsidi,1775.18,477.45,1,8.6,3.42,ACTIVE
2024-03,LN2117,Consumer - KPR Subsidi,747.36,201.01,1,4.96,0.83,ACTIVE
2024-03,LN2118,Commercial - Investasi,972.65,261.61,1,9.18,2.0,ACTIVE
2024-03,LN2119,Commercial - Modal Kerja,448.44,120.61,1,8.55,0.86,ACTIVE
2024-03,LN2120,Consumer - KPR Non Subsidi,678.29,182.43,1,9.1,1.38,ACTIVE
2024-03,LN2121,Commercial - Konstruksi,1576.9,424.12,1,10.49,3.71,ACTIVE
2024-03,LN2122,Consumer - KPR Subsidi,1463.15,393.53,1,5.01,1.64,ACTIVE
2024-03,LN2123,Commercial - Investasi,1341.67,360.86,1,8.99,2.7,ACTIVE
2024-03,LN2124,Consumer - Non KPR,1563.64,420.56,1,10.51,3.68,ACTIVE
2024-03,LN2125,Consumer - KPR Subsidi,1687.25,453.8,3,5.27,1.99,ACTIVE
2024-03,LN2126,Commercial - Investasi,1016.2,273.32,1,8.42,1.92,ACTIVE
2024-03,LN2127,Consumer - KPR Non Subsidi,1141.56,307.04,1,8.42,2.15,ACTIVE
2024-03,LN2128,Consumer - KPR Non Subsidi,621.43,167.14,1,8.92,1.24,ACTIVE
2024-03,LN2129,Commercial - Konstruksi,1849.3,497.39,1,9.51,3.94,ACTIVE
2024-03,LN2130,Consumer - KPR Non Subsidi,714.99,192.3,1,8.72,1.4,ACTIVE
2024-03,LN2131,Consumer - KPR Subsidi,916.19,246.42,1,5.17,1.06,ACTIVE
2024-03,LN2132,Consumer - Non KPR,1244.06,334.6,1,10.3,2.87,ACTIVE
2024-03,LN2133,Commercial - Konstruksi,1727.28,464.57,1,9.66,3.74,ACTIVE
2024-03,LN2134,Consumer - KPR Subsidi,567.24,152.57,1,4.93,0.63,ACTIVE
2024-03,LN2135,Commercial - Modal Kerja,1402.25,377.15,1,8.97,2.82,ACTIVE
2024-03,LN2136,Consumer - Non KPR,785.96,211.39,1,10.43,1.84,ACTIVE
2024-03,LN2137,Commercial - Investasi,1229.52,330.69,1,9.27,2.55,ACTIVE
2024-03,LN2138,Consumer - KPR Non Subsidi,1687.86,453.97,1,8.92,3.37,ACTIVE
2024-03,LN2139,Commercial - Modal Kerja,1280.55,344.42,1,9.6,2.76,ACTIVE
2024-03,LN2140,Consumer - KPR Non Subsidi,1298.65,349.29,1,8.32,2.42,ACTIVE
2024-03,LN2141,Consumer - Non KPR,1646.82,442.93,1,10.21,3.77,ACTIVE
2024-03,LN2142,Consumer - Multimanfaat,454.32,122.19,1,8.93,0.91,ACTIVE
2024-03,LN2143,Consumer - Multimanfaat,505.36,135.92,1,9.04,1.02,ACTIVE
2024-03,LN2146,Commercial - Modal Kerja,1366.91,359.65,1,8.5,2.55,ACTIVE
2024-03,LN2147,Consumer - KPR Subsidi,749.58,199.42,1,4.73,0.79,ACTIVE
2024-03,LN2153,Commercial - Modal Kerja,1387.78,373.26,1,8.78,2.73,ACTIVE
2024-03,LN2160,Consumer - Non KPR,1072.67,282.23,1,10.45,2.46,ACTIVE
2024-03,LN2165,Consumer - KPR Subsidi,1396.57,375.62,1,5.03,1.57,ACTIVE
2024-03,LN2168,Commercial - Modal Kerja,905.27,240.84,1,8.46,1.7,ACTIVE
2024-03,LN2169,Commercial - Konstruksi,2091.54,556.43,2,10.04,4.66,ACTIVE
2024-03,LN2172,Consumer - Multimanfaat,1091.29,293.51,3,9.87,2.41,ACTIVE
2024-03,LN2178,Consumer - Multimanfaat,1560.01,419.58,2,9.86,3.45,ACTIVE
2024-03,LN2180,Consumer - Non KPR,1719.16,462.39,1,10.16,3.91,ACTIVE
2024-03,LN2181,Consumer - KPR Subsidi,657.74,174.98,1,4.79,0.7,ACTIVE
2024-03,LN2182,Consumer - Non KPR,891.27,237.11,1,10.16,2.01,ACTIVE
2024-03,LN2183,Commercial - Modal Kerja,725.65,195.17,1,9.1,1.48,ACTIVE
2024-03,LN2184,Consumer - KPR Non Subsidi,1335.74,359.26,1,8.1,2.43,ACTIVE
2024-03,LN2186,Consumer - KPR Subsidi,1136.05,298.91,2,4.42,1.1,ACTIVE
2024-03,LN2187,Consumer - KPR Subsidi,1693.87,445.68,2,5.2,1.93,ACTIVE
2024-03,LN2195,Commercial - Konstruksi,1629.38,428.71,1,9.57,3.42,ACTIVE
2024-03,LN2196,Commercial - Investasi,1179.39,313.76,1,8.36,2.19,ACTIVE
2024-03,LN2197,Consumer - KPR Non Subsidi,752.56,202.41,1,8.83,1.49,ACTIVE
2024-03,LN2201,Commercial - Konstruksi,976.65,256.97,1,10.55,2.26,ACTIVE
2024-04,LN2024,Consumer - KPR Non Subsidi,626.93,159.32,1,8.59,1.14,ACTIVE
2024-04,LN2025,Commercial - Investasi,1441.07,366.21,1,8.44,2.58,ACTIVE
2024-04,LN2026,Consumer - KPR Non Subsidi,1497.01,380.43,1,8.92,2.83,ACTIVE
2024-04,LN2027,Consumer - KPR Subsidi,1406.44,357.41,1,4.93,1.47,ACTIVE
2024-04,LN2028,Commercial - Investasi,669.74,170.2,1,9.1,1.29,ACTIVE
2024-04,LN2029,Consumer - KPR Non Subsidi,1782.56,452.99,2,8.63,3.26,ACTIVE
2024-04,LN2030,Commercial - Investasi,722.1,183.5,2,8.46,1.29,ACTIVE
2024-04,LN2031,Commercial - Investasi,495.23,125.85,1,8.26,0.87,ACTIVE
2024-04,LN2032,Commercial - Investasi,1189.7,302.33,1,8.96,2.26,ACTIVE
2024-04,LN2033,Consumer - KPR Subsidi,1443.01,366.71,1,4.68,1.43,ACTIVE
2024-04,LN2034,Commercial - Investasi,1317.68,334.86,1,8.17,2.28,ACTIVE
2024-04,LN2035,Consumer - KPR Subsidi,1712.29,435.14,2,4.99,1.81,ACTIVE
2024-04,LN2036,Consumer - KPR Subsidi,1796.41,456.51,1,5.18,1.97,ACTIVE
2024-04,LN2037,Consumer - Multimanfaat,1543.95,392.36,1,9.04,2.96,ACTIVE
2024-04,LN2038,Consumer - KPR Subsidi,1054.46,267.97,1,4.85,1.08,ACTIVE
2024-04,LN2039,Consumer - KPR Subsidi,516.38,131.23,1,4.53,0.5,ACTIVE
2024-04,LN2040,Consumer - KPR Non Subsidi,851.69,216.44,2,8.23,1.48,ACTIVE
2024-04,LN2041,Consumer - KPR Non Subsidi,1652.31,419.89,1,8.45,2.96,ACTIVE
2024-04,LN2042,Commercial - Modal Kerja,1084.09,275.49,1,9.2,2.11,ACTIVE
2024-04,LN2043,Commercial - Modal Kerja,645.35,164.0,1,9.59,1.31,ACTIVE
2024-04,LN2044,Commercial - Modal Kerja,377.2,95.86,1,8.85,0.71,ACTIVE
2024-04,LN2045,Commercial - Modal Kerja,1278.93,325.01,1,8.97,2.43,ACTIVE
2024-04,LN2046,Consumer - KPR Subsidi,1373.17,348.96,1,5.44,1.58,ACTIVE
2024-04,LN2047,Commercial - Konstruksi,1591.3,404.39,1,10.46,3.52,ACTIVE
2024-04,LN2048,Commercial - Modal Kerja,433.25,110.1,2,8.41,0.77,ACTIVE
2024-04,LN2049,Commercial - Konstruksi,1247.08,316.91,1,10.53,2.78,ACTIVE
2024-04,LN2050,Commercial - Modal Kerja,946.22,240.46,2,9.03,1.81,ACTIVE
2024-04,LN2051,Consumer - KPR Subsidi,812.2,206.4,1,4.68,0.8,ACTIVE
2024-04,LN2052,Consumer - Multimanfaat,1485.85,377.59,2,9.42,2.96,ACTIVE
2024-04,LN2053,Commercial - Investasi,1304.17,331.42,1,9.19,2.54,ACTIVE
2024-04,LN2054,Consumer - KPR Non Subsidi,1276.06,324.28,1,8.84,2.39,ACTIVE
2024-04,LN2055,Commercial - Konstruksi,1633.64,415.15,1,9.86,3.41,ACTIVE
2024-04,LN2056,Consumer - KPR Subsidi,1154.42,293.37,1,4.84,1.18,ACTIVE
2024-04,LN2057,Commercial - Investasi,393.22,99.93,1,8.74,0.73,ACTIVE
2024-04,LN2058,Commercial - Konstruksi,921.76,234.24,1,10.31,2.01,ACTIVE
2024-04,LN2059,Consumer - Non KPR,1159.16,294.57,2,10.26,2.52,ACTIVE
2024-04,LN2060,Commercial - Investasi,849.97,216.0,1,8.72,1.57,ACTIVE
2024-04,LN2061,Consumer - KPR Non Subsidi,1120.23,284.68,1,8.24,1.95,ACTIVE
2024-04,LN2062,Consumer - KPR Non Subsidi,625.14,158.86,1,8.42,1.11,ACTIVE
2024-04,LN2063,Commercial - Investasi,742.11,188.59,3,8.41,1.32,ACTIVE
2024-04,LN2064,Commercial - Investasi,1111.02,282.34,1,9.29,2.19,ACTIVE
2024-04,LN2065,Consumer - KPR Non Subsidi,678.9,172.53,1,8.76,1.26,ACTIVE
2024-04,LN2066,Consumer - KPR Subsidi,1125.14,285.93,1,5.42,1.29,ACTIVE
2024-04,LN2067,Consumer - KPR Subsidi,1329.45,337.85,1,5.54,1.56,ACTIVE
2024-04,LN2068,Consumer - KPR Subsidi,939.95,238.87,1,4.77,0.95,ACTIVE
2024-04,LN2069,Consumer - KPR Non Subsidi,1731.13,439.92,1,8.46,3.1,ACTIVE
2024-04,LN2070,Consumer - KPR Non Subsidi,1642.02,417.28,1,8.55,2.97,ACTIVE
2024-04,LN2071,Consumer - Multimanfaat,508.27,129.16,1,9.91,1.07,ACTIVE
2024-04,LN2072,Commercial - Investasi,1475.32,374.92,1,8.73,2.73,ACTIVE
2024-04,LN2073,Consumer - KPR Subsidi,604.2,153.54,1,4.5,0.58,ACTIVE
2024-04,LN2074,Commercial - Konstruksi,894.99,227.44,1,10.54,2.0,ACTIVE
2024-04,LN2075,Consumer - Non KPR,997.02,253.37,1,10.48,2.21,ACTIVE
2024-04,LN2076,Commercial - Investasi,1077.94,273.93,1,8.76,2.0,ACTIVE
2024-04,LN2077,Commercial - Modal Kerja,916.66,232.95,1,8.55,1.66,ACTIVE
2024-04,LN2078,Commercial - Konstruksi,2139.28,543.63,3,10.51,4.76,ACTIVE
2024-04,LN2079,Consumer - Multimanfaat,706.8,179.62,1,10.07,1.51,ACTIVE
2024-04,LN2080,Consumer - Multimanfaat,389.54,98.99,1,9.26,0.76,ACTIVE
2024-04,LN2081,Commercial - Konstruksi,1881.11,478.04,1,9.85,3.92,ACTIVE
2024-04,LN2082,Consumer - KPR Non Subsidi,512.48,130.23,1,8.97,0.97,ACTIVE
2024-04,LN2083,Consumer - KPR Non Subsidi,1790.38,454.98,1,8.05,3.05,ACTIVE
2024-04,LN2084,Consumer - KPR Subsidi,824.51,209.53,5,5.15,0.9,ACTIVE
2024-04,LN2085,Consumer - KPR Non Subsidi,1009.19,256.46,1,8.05,1.72,ACTIVE
2024-04,LN2086,Commercial - Investasi,1317.8,334.89,1,8.97,2.5,ACTIVE
2024-04,LN2087,Commercial - Konstruksi,973.24,247.32,1,10.35,2.13,ACTIVE
2024-04,LN2088,Commercial - Konstruksi,1530.17,388.86,1,9.5,3.08,ACTIVE
2024-04,LN2089,Consumer - Non KPR,970.66,246.67,1,10.5,2.16,ACTIVE
2024-04,LN2090,Consumer - Multimanfaat,1369.66,348.07,1,9.46,2.74,ACTIVE
2024-04,LN2091,Consumer - KPR Non Subsidi,1760.12,447.29,1,8.38,3.12,ACTIVE
2024-04,LN2092,Consumer - Multimanfaat,1211.81,307.95,2,8.96,2.3,ACTIVE
2024-04,LN2093,Consumer - KPR Non Subsidi,833.35,211.78,1,9.08,1.6,ACTIVE
2024-04,LN2094,Commercial - Modal Kerja,1466.29,372.62,1,9.33,2.9,ACTIVE
2024-04,LN2095,Consumer - KPR Subsidi,1556.61,395.57,1,5.25,1.73,ACTIVE
2024-04,LN2096,Consumer - KPR Subsidi,630.76,160.29,1,5.17,0.69,ACTIVE
2024-04,LN2097,Consumer - KPR Non Subsidi,1647.96,418.79,1,8.75,3.05,ACTIVE
2024-04,LN2098,Consumer - Non KPR,1100.34,279.62,1,10.66,2.48,ACTIVE
2024-04,LN2099,Consumer - KPR Subsidi,1266.73,321.91,1,5.58,1.5,ACTIVE
2024-04,LN2100,Consumer - KPR Non Subsidi,1107.37,281.41,1,8.64,2.03,ACTIVE
2024-04,LN2101,Consumer - KPR Subsidi,591.9,150.42,1,4.88,0.61,ACTIVE
2024-04,LN2102,Consumer - KPR Subsidi,1074.76,273.12,1,5.32,1.21,ACTIVE
2024-04,LN2103,Consumer - KPR Non Subsidi,958.12,243.48,1,8.42,1.71,ACTIVE
2024-04,LN2104,Consumer - Multimanfaat,887.88,225.63,1,9.34,1.76,ACTIVE
2024-04,LN2105,Commercial - Investasi,1136.57,288.83,1,8.24,1.98,ACTIVE
2024-04,LN2106,Consumer - KPR Subsidi,1531.5,389.19,1,5.04,1.63,ACTIVE
2024-04,LN2107,Consumer - KPR Non Subsidi,629.51,159.97,1,9.0,1.2,ACTIVE
2024-04,LN2108,Consumer - KPR Non Subsidi,1029.01,261.5,2,8.68,1.89,ACTIVE
2024-04,LN2109,Commercial - Investasi,1006.58,255.8,1,8.71,1.86,ACTIVE
2024-04,LN2110,Consumer - KPR Subsidi,1774.75,451.01,1,4.49,1.69,ACTIVE
2024-04,LN2111,Consumer - KPR Subsidi,1740.03,442.19,1,5.12,1.89,ACTIVE
2024-04,LN2112,Commercial - Investasi,974.58,247.67,1,9.11,1.88,ACTIVE
2024-04,LN2113,Consumer - KPR Non Subsidi,940.0,238.88,2,7.91,1.57,ACTIVE
2024-04,LN2114,Consumer - KPR Subsidi,1170.27,297.4,1,4.76,1.18,ACTIVE
2024-04,LN2115,Commercial - Modal Kerja,805.73,204.76,3,9.45,1.61,ACTIVE
2024-04,LN2116,Consumer - KPR Non Subsidi,1775.18,451.12,1,8.6,3.23,ACTIVE
2024-04,LN2117,Consumer - KPR Subsidi,747.36,189.92,1,4.96,0.79,ACTIVE
2024-04,LN2118,Commercial - Investasi,972.65,247.18,1,9.18,1.89,ACTIVE
2024-04,LN2119,Commercial - Modal Kerja,448.44,113.96,1,8.55,0.81,ACTIVE
2024-04,LN2120,Consumer - KPR Non Subsidi,678.29,172.37,1,9.1,1.31,ACTIVE
2024-04,LN2121,Commercial - Konstruksi,1576.9,400.73,1,10.49,3.5,ACTIVE
2024-04,LN2122,Consumer - KPR Subsidi,1463.15,371.82,1,5.01,1.55,ACTIVE
2024-04,LN2123,Commercial - Investasi,1341.67,340.95,1,8.99,2.55,ACTIVE
2024-04,LN2124,Consumer - Non KPR,1563.64,397.36,1,10.51,3.48,ACTIVE
2024-04,LN2125,Consumer - KPR Subsidi,1687.25,428.77,3,5.27,1.88,ACTIVE
2024-04,LN2126,Commercial - Investasi,1016.2,258.24,1,8.42,1.81,ACTIVE
2024-04,LN2127,Consumer - KPR Non Subsidi,1141.56,290.1,1,8.42,2.04,ACTIVE
2024-04,LN2128,Consumer - KPR Non Subsidi,621.43,157.92,1,8.92,1.17,ACTIVE
2024-04,LN2129,Commercial - Konstruksi,1849.3,469.95,1,9.51,3.72,ACTIVE
2024-04,LN2130,Consumer - KPR Non Subsidi,714.99,181.7,1,8.72,1.32,ACTIVE
2024-04,LN2131,Consumer - KPR Subsidi,916.19,232.83,1,5.17,1.0,ACTIVE
2024-04,LN2132,Consumer - Non KPR,1244.06,316.15,1,10.3,2.71,ACTIVE
2024-04,LN2133,Commercial - Konstruksi,1727.28,438.95,1,9.66,3.53,ACTIVE
2024-04,LN2134,Consumer - KPR Subsidi,567.24,144.15,1,4.93,0.59,ACTIVE
2024-04,LN2135,Commercial - Modal Kerja,1402.25,356.35,1,8.97,2.66,ACTIVE
2024-04,LN2136,Consumer - Non KPR,785.96,199.73,1,10.43,1.74,ACTIVE
2024-04,LN2137,Commercial - Investasi,1229.52,312.45,1,9.27,2.41,ACTIVE
2024-04,LN2138,Consumer - KPR Non Subsidi,1687.86,428.93,1,8.92,3.19,ACTIVE
2024-04,LN2139,Commercial - Modal Kerja,1280.55,325.42,1,9.6,2.6,ACTIVE
2024-04,LN2140,Consumer - KPR Non Subsidi,1298.65,330.02,1,8.32,2.29,ACTIVE
2024-04,LN2141,Consumer - Non KPR,1646.82,418.5,1,10.21,3.56,ACTIVE
2024-04,LN2142,Consumer - Multimanfaat,454.32,115.45,1,8.93,0.86,ACTIVE
2024-04,LN2143,Consumer - Multimanfaat,505.36,128.42,1,9.04,0.97,ACTIVE
2024-04,LN2146,Commercial - Modal Kerja,1366.91,339.9,1,8.5,2.41,ACTIVE
2024-04,LN2147,Consumer - KPR Subsidi,749.58,188.44,1,4.73,0.74,ACTIVE
2024-04,LN2150,Consumer - KPR Non Subsidi,1718.03,422.51,3,8.07,2.84,ACTIVE
2024-04,LN2153,Commercial - Modal Kerja,1387.78,352.67,1,8.78,2.58,ACTIVE
2024-04,LN2160,Consumer - Non KPR,1072.67,266.73,1,10.45,2.32,ACTIVE
2024-04,LN2161,Consumer - Multimanfaat,1220.17,300.07,1,9.89,2.47,ACTIVE
2024-04,LN2165,Consumer - KPR Subsidi,1396.57,354.9,1,5.03,1.49,ACTIVE
2024-04,LN2167,Commercial - Modal Kerja,1142.1,280.87,1,8.41,1.97,ACTIVE
2024-04,LN2168,Commercial - Modal Kerja,905.27,227.58,1,8.46,1.6,ACTIVE
2024-04,LN2169,Commercial - Konstruksi,2091.54,525.8,2,10.04,4.4,ACTIVE
2024-04,LN2170,Consumer - KPR Non Subsidi,504.72,124.12,1,9.06,0.94,ACTIVE
2024-04,LN2172,Consumer - Multimanfaat,1091.29,277.32,3,9.87,2.28,ACTIVE
2024-04,LN2175,Consumer - KPR Non Subsidi,1238.72,304.64,1,8.84,2.24,ACTIVE
2024-04,LN2178,Consumer - Multimanfaat,1560.01,396.44,2,9.86,3.26,ACTIVE
2024-04,LN2180,Consumer - Non KPR,1719.16,436.88,1,10.16,3.7,ACTIVE
2024-04,LN2181,Consumer - KPR Subsidi,657.74,165.35,1,4.79,0.66,ACTIVE
2024-04,LN2182,Consumer - Non KPR,891.27,224.06,1,10.16,1.9,ACTIVE
2024-04,LN2183,Commercial - Modal Kerja,725.65,184.41,1,9.1,1.4,ACTIVE
2024-04,LN2184,Consumer - KPR Non Subsidi,1335.74,339.45,1,8.1,2.29,ACTIVE
2024-04,LN2186,Consumer - KPR Subsidi,1136.05,282.49,2,4.42,1.04,ACTIVE
2024-04,LN2187,Consumer - KPR Subsidi,1693.87,421.2,2,5.2,1.83,ACTIVE
2024-04,LN2190,Consumer - KPR Non Subsidi,1631.84,401.31,1,8.88,2.97,ACTIVE
2024-04,LN2195,Commercial - Konstruksi,1629.38,405.16,1,9.57,3.23,ACTIVE
2024-04,LN2196,Commercial - Investasi,1179.39,296.49,1,8.36,2.07,ACTIVE
2024-04,LN2197,Consumer - KPR Non Subsidi,752.56,191.24,1,8.83,1.41,ACTIVE
2024-04,LN2198,Consumer - KPR Non Subsidi,1473.67,362.42,1,9.05,2.73,ACTIVE
2024-04,LN2199,Commercial - Modal Kerja,712.59,175.25,2,9.05,1.32,ACTIVE
2024-04,LN2201,Commercial - Konstruksi,976.65,242.85,1,10.55,2.14,ACTIVE
2024-05,LN2024,Consumer - KPR Non Subsidi,626.93,151.83,1,8.59,1.09,ACTIVE
2024-05,LN2025,Commercial - Investasi,1441.07,349.0,1,8.44,2.45,ACTIVE
2024-05,LN2026,Consumer - KPR Non Subsidi,1497.01,362.54,1,8.92,2.69,ACTIVE
2024-05,LN2027,Consumer - KPR Subsidi,1406.44,340.61,1,4.93,1.4,ACTIVE
2024-05,LN2028,Commercial - Investasi,669.74,162.2,1,9.1,1.23,ACTIVE
2024-05,LN2029,Consumer - KPR Non Subsidi,1782.56,431.7,2,8.63,3.1,ACTIVE
2024-05,LN2030,Commercial - Investasi,722.1,174.88,2,8.46,1.23,ACTIVE
2024-05,LN2031,Commercial - Investasi,495.23,119.93,1,8.26,0.83,ACTIVE
2024-05,LN2032,Commercial - Investasi,1189.7,288.12,1,8.96,2.15,ACTIVE
2024-05,LN2033,Consumer - KPR Subsidi,1443.01,349.47,1,4.68,1.36,ACTIVE
2024-05,LN2034,Commercial - Investasi,1317.68,319.11,1,8.17,2.17,ACTIVE
2024-05,LN2035,Consumer - KPR Subsidi,1712.29,414.68,2,4.99,1.72,ACTIVE
2024-05,LN2036,Consumer - KPR Subsidi,1796.41,435.05,1,5.18,1.88,ACTIVE
2024-05,LN2037,Consumer - Multimanfaat,1543.95,373.91,1,9.04,2.82,ACTIVE
2024-05,LN2038,Consumer - KPR Subsidi,1054.46,255.37,1,4.85,1.03,ACTIVE
2024-05,LN2039,Consumer - KPR Subsidi,516.38,125.06,1,4.53,0.47,ACTIVE
2024-05,LN2040,Consumer - KPR Non Subsidi,851.69,206.26,2,8.23,1.41,ACTIVE
2024-05,LN2041,Consumer - KPR Non Subsidi,1652.31,400.15,1,8.45,2.82,ACTIVE
2024-05,LN2042,Commercial - Modal Kerja,1084.09,262.54,1,9.2,2.01,ACTIVE
2024-05,LN2043,Commercial - Modal Kerja,645.35,156.29,1,9.59,1.25,ACTIVE
2024-05,LN2044,Commercial - Modal Kerja,377.2,91.35,1,8.85,0.67,ACTIVE
2024-05,LN2045,Commercial - Modal Kerja,1278.93,309.73,1,8.97,2.32,ACTIVE
2024-05,LN2046,Consumer - KPR Subsidi,1373.17,332.55,1,5.44,1.51,ACTIVE
2024-05,LN2047,Commercial - Konstruksi,1591.3,385.38,1,10.46,3.36,ACTIVE
2024-05,LN2048,Commercial - Modal Kerja,433.25,104.92,2,8.41,0.74,ACTIVE
2024-05,LN2049,Commercial - Konstruksi,1247.08,302.02,1,10.53,2.65,ACTIVE
2024-05,LN2050,Commercial - Modal Kerja,946.22,229.15,2,9.03,1.72,ACTIVE
2024-05,LN2051,Consumer - KPR Subsidi,812.2,196.7,1,4.68,0.77,ACTIVE
2024-05,LN2052,Consumer - Multimanfaat,1485.85,359.84,2,9.42,2.82,ACTIVE
2024-05,LN2053,Commercial - Investasi,1304.17,315.84,1,9.19,2.42,ACTIVE
2024-05,LN2054,Consumer - KPR Non Subsidi,1276.06,309.03,1,8.84,2.28,ACTIVE
2024-05,LN2055,Commercial - Konstruksi,1633.64,395.63,1,9.86,3.25,ACTIVE
2024-05,LN2056,Consumer - KPR Subsidi,1154.42,279.58,1,4.84,1.13,ACTIVE
2024-05,LN2057,Commercial - Investasi,393.22,95.23,1,8.74,0.69,ACTIVE
2024-05,LN2058,Commercial - Konstruksi,921.76,223.23,1,10.31,1.92,ACTIVE
2024-05,LN2059,Consumer - Non KPR,1159.16,280.72,2,10.26,2.4,ACTIVE
2024-05,LN2060,Commercial - Investasi,849.97,205.84,1,8.72,1.5,ACTIVE
2024-05,LN2061,Consumer - KPR Non Subsidi,1120.23,271.29,1,8.24,1.86,ACTIVE
2024-05,LN2062,Consumer - KPR Non Subsidi,625.14,151.4,1,8.42,1.06,ACTIVE
2024-05,LN2063,Commercial - Investasi,742.11,179.72,3,8.41,1.26,ACTIVE
2024-05,LN2064,Commercial - Investasi,1111.02,269.06,1,9.29,2.08,ACTIVE
2024-05,LN2065,Consumer - KPR Non Subsidi,678.9,164.41,1,8.76,1.2,ACTIVE
2024-05,LN2066,Consumer - KPR Subsidi,1125.14,272.48,1,5.42,1.23,ACTIVE
2024-05,LN2067,Consumer - KPR Subsidi,1329.45,321.96,1,5.54,1.49,ACTIVE
2024-05,LN2068,Consumer - KPR Subsidi,939.95,227.64,1,4.77,0.9,ACTIVE
2024-05,LN2069,Consumer - KPR Non Subsidi,1731.13,419.24,1,8.46,2.96,ACTIVE
2024-05,LN2070,Consumer - KPR Non Subsidi,1642.02,397.66,1,8.55,2.83,ACTIVE
2024-05,LN2071,Consumer - Multimanfaat,508.27,123.09,1,9.91,1.02,ACTIVE
2024-05,LN2072,Commercial - Investasi,1475.32,357.29,1,8.73,2.6,ACTIVE
2024-05,LN2073,Consumer - KPR Subsidi,604.2,146.32,1,4.5,0.55,ACTIVE
2024-05,LN2074,Commercial - Konstruksi,894.99,216.75,1,10.54,1.9,ACTIVE
2024-05,LN2075,Consumer - Non KPR,997.02,241.46,1,10.48,2.11,ACTIVE
2024-05,LN2076,Commercial - Investasi,1077.94,261.05,1,8.76,1.91,ACTIVE
2024-05,LN2077,Commercial - Modal Kerja,916.66,221.99,1,8.55,1.58,ACTIVE
2024-05,LN2078,Commercial - Konstruksi,2139.28,518.16,3,10.51,4.54,ACTIVE
2024-05,LN2079,Consumer - Multimanfaat,706.8,171.17,1,10.07,1.44,ACTIVE
2024-05,LN2080,Consumer - Multimanfaat,389.54,94.34,1,9.26,0.73,ACTIVE
2024-05,LN2081,Commercial - Konstruksi,1881.11,455.56,1,9.85,3.74,ACTIVE
2024-05,LN2082,Consumer - KPR Non Subsidi,512.48,124.11,1,8.97,0.93,ACTIVE
2024-05,LN2083,Consumer - KPR Non Subsidi,1790.38,433.59,1,8.05,2.91,ACTIVE
2024-05,LN2084,Consumer - KPR Subsidi,824.51,199.68,5,5.15,0.86,ACTIVE
2024-05,LN2085,Consumer - KPR Non Subsidi,1009.19,244.4,1,8.05,1.64,ACTIVE
2024-05,LN2086,Commercial - Investasi,1317.8,319.14,1,8.97,2.39,ACTIVE
2024-05,LN2087,Commercial - Konstruksi,973.24,235.7,1,10.35,2.03,ACTIVE
2024-05,LN2088,Commercial - Konstruksi,1530.17,370.57,1,9.5,2.93,ACTIVE
2024-05,LN2089,Consumer - Non KPR,970.66,235.07,1,10.5,2.06,ACTIVE
2024-05,LN2090,Consumer - Multimanfaat,1369.66,331.7,1,9.46,2.61,ACTIVE
2024-05,LN2091,Consumer - KPR Non Subsidi,1760.12,426.26,1,8.38,2.98,ACTIVE
2024-05,LN2092,Consumer - Multimanfaat,1211.81,293.47,2,8.96,2.19,ACTIVE
2024-05,LN2093,Consumer - KPR Non Subsidi,833.35,201.82,1,9.08,1.53,ACTIVE
2024-05,LN2094,Commercial - Modal Kerja,1466.29,355.1,1,9.33,2.76,ACTIVE
2024-05,LN2095,Consumer - KPR Subsidi,1556.61,376.98,1,5.25,1.65,ACTIVE
2024-05,LN2096,Consumer - KPR Subsidi,630.76,152.76,1,5.17,0.66,ACTIVE
2024-05,LN2097,Consumer - KPR Non Subsidi,1647.96,399.1,1,8.75,2.91,ACTIVE
2024-05,LN2098,Consumer - Non KPR,1100.34,266.48,1,10.66,2.37,ACTIVE
2024-05,LN2099,Consumer - KPR Subsidi,1266.73,306.77,1,5.58,1.43,ACTIVE
2024-05,LN2100,Consumer - KPR Non Subsidi,1107.37,268.18,1,8.64,1.93,ACTIVE
2024-05,LN2101,Consumer - KPR Subsidi,591.9,143.35,1,4.88,0.58,ACTIVE
2024-05,LN2102,Consumer - KPR Subsidi,1074.76,260.28,1,5.32,1.15,ACTIVE
2024-05,LN2103,Consumer - KPR Non Subsidi,958.12,232.04,1,8.42,1.63,ACTIVE
2024-05,LN2104,Consumer - Multimanfaat,887.88,215.02,1,9.34,1.67,ACTIVE
2024-05,LN2105,Commercial - Investasi,1136.57,275.25,1,8.24,1.89,ACTIVE
2024-05,LN2106,Consumer - KPR Subsidi,1531.5,370.9,1,5.04,1.56,ACTIVE
2024-05,LN2107,Consumer - KPR Non Subsidi,629.51,152.45,1,9.0,1.14,ACTIVE
2024-05,LN2108,Consumer - KPR Non Subsidi,1029.01,249.2,2,8.68,1.8,ACTIVE
2024-05,LN2109,Commercial - Investasi,1006.58,243.77,1,8.71,1.77,ACTIVE
2024-05,LN2110,Consumer - KPR Subsidi,1774.75,429.81,1,4.49,1.61,ACTIVE
2024-05,LN2111,Consumer - KPR Subsidi,1740.03,421.4,1,5.12,1.8,ACTIVE
2024-05,LN2112,Commercial - Investasi,974.58,236.02,1,9.11,1.79,ACTIVE
2024-05,LN2113,Consumer - KPR Non Subsidi,940.0,227.65,2,7.91,1.5,ACTIVE
2024-05,LN2114,Consumer - KPR Subsidi,1170.27,283.41,1,4.76,1.12,ACTIVE
2024-05,LN2115,Commercial - Modal Kerja,805.73,195.13,3,9.45,1.54,ACTIVE
2024-05,LN2116,Consumer - KPR Non Subsidi,1775.18,429.91,1,8.6,3.08,ACTIVE
2024-05,LN2117,Consumer - KPR Subsidi,747.36,180.99,1,4.96,0.75,ACTIVE
2024-05,LN2118,Commercial - Investasi,972.65,235.55,1,9.18,1.8,ACTIVE
2024-05,LN2119,Commercial - Modal Kerja,448.44,108.6,1,8.55,0.77,ACTIVE
2024-05,LN2120,Consumer - KPR Non Subsidi,678.29,164.27,1,9.1,1.25,ACTIVE
2024-05,LN2121,Commercial - Konstruksi,1576.9,381.89,1,10.49,3.34,ACTIVE
2024-05,LN2122,Consumer - KPR Subsidi,1463.15,354.34,1,5.01,1.48,ACTIVE
2024-05,LN2123,Commercial - Investasi,1341.67,324.92,1,8.99,2.43,ACTIVE
2024-05,LN2124,Consumer - Non KPR,1563.64,378.68,1,10.51,3.32,ACTIVE
2024-05,LN2125,Consumer - KPR Subsidi,1687.25,408.61,3,5.27,1.79,ACTIVE
2024-05,LN2126,Commercial - Investasi,1016.2,246.1,1,8.42,1.73,ACTIVE
2024-05,LN2127,Consumer - KPR Non Subsidi,1141.56,276.46,1,8.42,1.94,ACTIVE
2024-05,LN2128,Consumer - KPR Non Subsidi,621.43,150.5,1,8.92,1.12,ACTIVE
2024-05,LN2129,Commercial - Konstruksi,1849.3,447.86,1,9.51,3.55,ACTIVE
2024-05,LN2130,Consumer - KPR Non Subsidi,714.99,173.15,1,8.72,1.26,ACTIVE
2024-05,LN2131,Consumer - KPR Subsidi,916.19,221.88,1,5.17,0.96,ACTIVE
2024-05,LN2132,Consumer - Non KPR,1244.06,301.28,1,10.3,2.59,ACTIVE
2024-05,LN2133,Commercial - Konstruksi,1727.28,418.31,1,9.66,3.37,ACTIVE
2024-05,LN2134,Consumer - KPR Subsidi,567.24,137.37,1,4.93,0.56,ACTIVE
2024-05,LN2135,Commercial - Modal Kerja,1402.25,339.59,1,8.97,2.54,ACTIVE
2024-05,LN2136,Consumer - Non KPR,785.96,190.34,1,10.43,1.65,ACTIVE
2024-05,LN2137,Commercial - Investasi,1229.52,297.76,1,9.27,2.3,ACTIVE
2024-05,LN2138,Consumer - KPR Non Subsidi,1687.86,408.76,1,8.92,3.04,ACTIVE
2024-05,LN2139,Commercial - Modal Kerja,1280.55,310.12,1,9.6,2.48,ACTIVE
2024-05,LN2140,Consumer - KPR Non Subsidi,1298.65,314.5,1,8.32,2.18,ACTIVE
2024-05,LN2141,Consumer - Non KPR,1646.82,398.82,1,10.21,3.39,ACTIVE
2024-05,LN2142,Consumer - Multimanfaat,454.32,110.03,1,8.93,0.82,ACTIVE
2024-05,LN2143,Consumer - Multimanfaat,505.36,122.39,1,9.04,0.92,ACTIVE
2024-05,LN2146,Commercial - Modal Kerja,1366.91,323.99,1,8.5,2.29,ACTIVE
2024-05,LN2147,Consumer - KPR Subsidi,749.58,179.6,1,4.73,0.71,ACTIVE
2024-05,LN2150,Consumer - KPR Non Subsidi,1718.03,402.79,3,8.07,2.71,ACTIVE
2024-05,LN2153,Commercial - Modal Kerja,1387.78,336.09,1,8.78,2.46,ACTIVE
2024-05,LN2154,Consumer - KPR Subsidi,1760.23,408.15,1,5.16,1.76,ACTIVE
2024-05,LN2158,Commercial - Konstruksi,811.45,188.15,1,9.76,1.53,ACTIVE
2024-05,LN2160,Consumer - Non KPR,1072.67,254.25,1,10.45,2.21,ACTIVE
2024-05,LN2161,Consumer - Multimanfaat,1220.17,286.07,1,9.89,2.36,ACTIVE
2024-05,LN2165,Consumer - KPR Subsidi,1396.57,338.22,1,5.03,1.42,ACTIVE
2024-05,LN2167,Commercial - Modal Kerja,1142.1,267.76,1,8.41,1.88,ACTIVE
2024-05,LN2168,Commercial - Modal Kerja,905.27,216.9,1,8.46,1.53,ACTIVE
2024-05,LN2169,Commercial - Konstruksi,2091.54,501.14,2,10.04,4.19,ACTIVE
2024-05,LN2170,Consumer - KPR Non Subsidi,504.72,118.33,1,9.06,0.89,ACTIVE
2024-05,LN2172,Consumer - Multimanfaat,1091.29,264.29,3,9.87,2.17,ACTIVE
2024-05,LN2173,Commercial - Modal Kerja,398.42,92.38,1,8.6,0.66,ACTIVE
2024-05,LN2174,Commercial - Investasi,1588.92,368.43,1,8.39,2.58,ACTIVE
2024-05,LN2175,Consumer - KPR Non Subsidi,1238.72,290.42,1,8.84,2.14,ACTIVE
2024-05,LN2176,Consumer - KPR Subsidi,1430.23,331.63,1,4.76,1.32,ACTIVE
2024-05,LN2178,Consumer - Multimanfaat,1560.01,377.8,2,9.86,3.1,ACTIVE
2024-05,LN2180,Consumer - Non KPR,1719.16,416.34,1,10.16,3.53,ACTIVE
2024-05,LN2181,Consumer - KPR Subsidi,657.74,157.6,1,4.79,0.63,ACTIVE
2024-05,LN2182,Consumer - Non KPR,891.27,213.55,1,10.16,1.81,ACTIVE
2024-05,LN2183,Commercial - Modal Kerja,725.65,175.74,1,9.1,1.33,ACTIVE
2024-05,LN2184,Consumer - KPR Non Subsidi,1335.74,323.49,1,8.1,2.18,ACTIVE
2024-05,LN2186,Consumer - KPR Subsidi,1136.05,269.27,2,4.42,0.99,ACTIVE
2024-05,LN2187,Consumer - KPR Subsidi,1693.87,401.49,2,5.2,1.74,ACTIVE
2024-05,LN2189,Consumer - KPR Subsidi,1674.99,388.38,1,5.37,1.74,ACTIVE
2024-05,LN2190,Consumer - KPR Non Subsidi,1631.84,382.58,1,8.88,2.83,ACTIVE
2024-05,LN2193,Consumer - KPR Subsidi,530.87,123.09,1,4.79,0.49,ACTIVE
2024-05,LN2195,Commercial - Konstruksi,1629.38,386.2,1,9.57,3.08,ACTIVE
2024-05,LN2196,Commercial - Investasi,1179.39,282.58,1,8.36,1.97,ACTIVE
2024-05,LN2197,Consumer - KPR Non Subsidi,752.56,182.25,1,8.83,1.34,ACTIVE
2024-05,LN2198,Consumer - KPR Non Subsidi,1473.67,345.5,1,9.05,2.61,ACTIVE
2024-05,LN2199,Commercial - Modal Kerja,712.59,167.07,2,9.05,1.26,ACTIVE
2024-05,LN2200,Consumer - Non KPR,517.38,119.97,1,10.61,1.06,ACTIVE
2024-05,LN2201,Commercial - Konstruksi,976.65,231.49,1,10.55,2.04,ACTIVE
2024-06,LN2024,Consumer - KPR Non Subsidi,626.93,147.66,1,8.59,1.06,ACTIVE
2024-06,LN2025,Commercial - Investasi,1441.07,339.42,1,8.44,2.39,ACTIVE
2024-06,LN2026,Consumer - KPR Non Subsidi,1497.01,352.6,1,8.92,2.62,ACTIVE
2024-06,LN2027,Consumer - KPR Subsidi,1406.44,331.26,1,4.93,1.36,ACTIVE
2024-06,LN2028,Commercial - Investasi,669.74,157.75,1,9.1,1.2,ACTIVE
2024-06,LN2029,Consumer - KPR Non Subsidi,1782.56,419.85,2,8.63,3.02,ACTIVE
2024-06,LN2030,Commercial - Investasi,722.1,170.08,2,8.46,1.2,ACTIVE
2024-06,LN2031,Commercial - Investasi,495.23,116.64,1,8.26,0.8,ACTIVE
2024-06,LN2032,Commercial - Investasi,1189.7,280.21,1,8.96,2.09,ACTIVE
2024-06,LN2033,Consumer - KPR Subsidi,1443.01,339.88,1,4.68,1.33,ACTIVE
2024-06,LN2034,Commercial - Investasi,1317.68,310.36,1,8.17,2.11,ACTIVE
2024-06,LN2035,Consumer - KPR Subsidi,1712.29,403.3,2,4.99,1.68,ACTIVE
2024-06,LN2036,Consumer - KPR Subsidi,1796.41,423.12,1,5.18,1.83,ACTIVE
2024-06,LN2037,Consumer - Multimanfaat,1543.95,363.65,1,9.04,2.74,ACTIVE
2024-06,LN2038,Consumer - KPR Subsidi,1054.46,248.36,1,4.85,1.0,ACTIVE
2024-06,LN2039,Consumer - KPR Subsidi,516.38,121.63,1,4.53,0.46,ACTIVE
2024-06,LN2040,Consumer - KPR Non Subsidi,851.69,200.6,2,8.23,1.38,ACTIVE
2024-06,LN2041,Consumer - KPR Non Subsidi,1652.31,389.18,1,8.45,2.74,ACTIVE
2024-06,LN2042,Commercial - Modal Kerja,1084.09,255.34,1,9.2,1.96,ACTIVE
2024-06,LN2043,Commercial - Modal Kerja,645.35,152.0,1,9.59,1.21,ACTIVE
2024-06,LN2044,Commercial - Modal Kerja,377.2,88.84,1,8.85,0.66,ACTIVE
2024-06,LN2045,Commercial - Modal Kerja,1278.93,301.23,1,8.97,2.25,ACTIVE
2024-06,LN2046,Consumer - KPR Subsidi,1373.17,323.43,1,5.44,1.47,ACTIVE
2024-06,LN2047,Commercial - Konstruksi,1591.3,374.81,1,10.46,3.27,ACTIVE
2024-06,LN2048,Commercial - Modal Kerja,433.25,102.05,2,8.41,0.72,ACTIVE
2024-06,LN2049,Commercial - Konstruksi,1247.08,293.73,1,10.53,2.58,ACTIVE
2024-06,LN2050,Commercial - Modal Kerja,946.22,222.87,2,9.03,1.68,ACTIVE
2024-06,LN2051,Consumer - KPR Subsidi,812.2,191.3,1,4.68,0.75,ACTIVE
2024-06,LN2052,Consumer - Multimanfaat,1485.85,349.97,2,9.42,2.75,ACTIVE
2024-06,LN2053,Commercial - Investasi,1304.17,307.18,1,9.19,2.35,ACTIVE
2024-06,LN2054,Consumer - KPR Non Subsidi,1276.06,300.56,1,8.84,2.21,ACTIVE
2024-06,LN2055,Commercial - Konstruksi,1633.64,384.78,1,9.86,3.16,ACTIVE
2024-06,LN2056,Consumer - KPR Subsidi,1154.42,271.91,1,4.84,1.1,ACTIVE
2024-06,LN2057,Commercial - Investasi,393.22,92.62,1,8.74,0.67,ACTIVE
2024-06,LN2058,Commercial - Konstruksi,921.76,217.11,1,10.31,1.87,ACTIVE
2024-06,LN2059,Consumer - Non KPR,1159.16,273.02,2,10.26,2.33,ACTIVE
2024-06,LN2060,Commercial - Investasi,849.97,200.2,1,8.72,1.45,ACTIVE
2024-06,LN2061,Consumer - KPR Non Subsidi,1120.23,263.85,1,8.24,1.81,ACTIVE
2024-06,LN2062,Consumer - KPR Non Subsidi,625.14,147.24,1,8.42,1.03,ACTIVE
2024-06,LN2063,Commercial - Investasi,742.11,174.79,3,8.41,1.22,ACTIVE
2024-06,LN2064,Commercial - Investasi,1111.02,261.68,1,9.29,2.03,ACTIVE
2024-06,LN2065,Consumer - KPR Non Subsidi,678.9,159.9,1,8.76,1.17,ACTIVE
2024-06,LN2066,Consumer - KPR Subsidi,1125.14,265.01,1,5.42,1.2,ACTIVE
2024-06,LN2067,Consumer - KPR Subsidi,1329.45,313.13,1,5.54,1.45,ACTIVE
2024-06,LN2068,Consumer - KPR Subsidi,939.95,221.39,1,4.77,0.88,ACTIVE
2024-06,LN2069,Consumer - KPR Non Subsidi,1731.13,407.74,1,8.46,2.87,ACTIVE
2024-06,LN2070,Consumer - KPR Non Subsidi,1642.02,386.75,1,8.55,2.76,ACTIVE
2024-06,LN2071,Consumer - Multimanfaat,508.27,119.71,1,9.91,0.99,ACTIVE
2024-06,LN2072,Commercial - Investasi,1475.32,347.49,1,8.73,2.53,ACTIVE
2024-06,LN2073,Consumer - KPR Subsidi,604.2,142.31,1,4.5,0.53,ACTIVE
2024-06,LN2074,Commercial - Konstruksi,894.99,210.8,1,10.54,1.85,ACTIVE
2024-06,LN2075,Consumer - Non KPR,997.02,234.83,1,10.48,2.05,ACTIVE
2024-06,LN2076,Commercial - Investasi,1077.94,253.89,1,8.76,1.85,ACTIVE
2024-06,LN2077,Commercial - Modal Kerja,916.66,215.9,1,8.55,1.54,ACTIVE
2024-06,LN2078,Commercial - Konstruksi,2139.28,503.85,3,10.51,4.41,ACTIVE
2024-06,LN2079,Consumer - Multimanfaat,706.8,166.48,1,10.07,1.4,ACTIVE
2024-06,LN2080,Consumer - Multimanfaat,389.54,91.75,1,9.26,0.71,ACTIVE
2024-06,LN2081,Commercial - Konstruksi,1881.11,443.07,1,9.85,3.64,ACTIVE
2024-06,LN2082,Consumer - KPR Non Subsidi,512.48,120.71,1,8.97,0.9,ACTIVE
2024-06,LN2083,Consumer - KPR Non Subsidi,1790.38,421.7,1,8.05,2.83,ACTIVE
2024-06,LN2084,Consumer - KPR Subsidi,824.51,194.2,5,5.15,0.83,ACTIVE
2024-06,LN2085,Consumer - KPR Non Subsidi,1009.19,237.7,1,8.05,1.59,ACTIVE
2024-06,LN2086,Commercial - Investasi,1317.8,310.39,1,8.97,2.32,ACTIVE
2024-06,LN2087,Commercial - Konstruksi,973.24,229.23,1,10.35,1.98,ACTIVE
2024-06,LN2088,Commercial - Konstruksi,1530.17,360.41,1,9.5,2.85,ACTIVE
2024-06,LN2089,Consumer - Non KPR,970.66,228.62,1,10.5,2.0,ACTIVE
2024-06,LN2090,Consumer - Multimanfaat,1369.66,322.6,1,9.46,2.54,ACTIVE
2024-06,LN2091,Consumer - KPR Non Subsidi,1760.12,414.57,1,8.38,2.9,ACTIVE
2024-06,LN2092,Consumer - Multimanfaat,1211.81,285.42,2,8.96,2.13,ACTIVE
2024-06,LN2093,Consumer - KPR Non Subsidi,833.35,196.28,1,9.08,1.49,ACTIVE
2024-06,LN2094,Commercial - Modal Kerja,1466.29,345.36,1,9.33,2.69,ACTIVE
2024-06,LN2095,Consumer - KPR Subsidi,1556.61,366.63,1,5.25,1.6,ACTIVE
2024-06,LN2096,Consumer - KPR Subsidi,630.76,148.57,1,5.17,0.64,ACTIVE
2024-06,LN2097,Consumer - KPR Non Subsidi,1647.96,388.15,1,8.75,2.83,ACTIVE
2024-06,LN2098,Consumer - Non KPR,1100.34,259.17,1,10.66,2.3,ACTIVE
2024-06,LN2099,Consumer - KPR Subsidi,1266.73,298.36,1,5.58,1.39,ACTIVE
2024-06,LN2100,Consumer - KPR Non Subsidi,1107.37,260.82,1,8.64,1.88,ACTIVE
2024-06,LN2101,Consumer - KPR Subsidi,591.9,139.41,1,4.88,0.57,ACTIVE
2024-06,LN2102,Consumer - KPR Subsidi,1074.76,253.14,1,5.32,1.12,ACTIVE
2024-06,LN2103,Consumer - KPR Non Subsidi,958.12,225.67,1,8.42,1.58,ACTIVE
2024-06,LN2104,Consumer - Multimanfaat,887.88,209.13,1,9.34,1.63,ACTIVE
2024-06,LN2105,Commercial - Investasi,1136.57,267.7,1,8.24,1.84,ACTIVE
2024-06,LN2106,Consumer - KPR Subsidi,1531.5,360.72,1,5.04,1.52,ACTIVE
2024-06,LN2107,Consumer - KPR Non Subsidi,629.51,148.27,1,9.0,1.11,ACTIVE
2024-06,LN2108,Consumer - KPR Non Subsidi,1029.01,242.37,2,8.68,1.75,ACTIVE
2024-06,LN2109,Commercial - Investasi,1006.58,237.08,1,8.71,1.72,ACTIVE
2024-06,LN2110,Consumer - KPR Subsidi,1774.75,418.01,1,4.49,1.56,ACTIVE
2024-06,LN2111,Consumer - KPR Subsidi,1740.03,409.84,1,5.12,1.75,ACTIVE
2024-06,LN2112,Commercial - Investasi,974.58,229.55,1,9.11,1.74,ACTIVE
2024-06,LN2113,Consumer - KPR Non Subsidi,940.0,221.4,2,7.91,1.46,ACTIVE
2024-06,LN2114,Consumer - KPR Subsidi,1170.27,275.64,1,4.76,1.09,ACTIVE
2024-06,LN2115,Commercial - Modal Kerja,805.73,189.78,3,9.45,1.49,ACTIVE
2024-06,LN2116,Consumer - KPR Non Subsidi,1775.18,418.12,1,8.6,3.0,ACTIVE
2024-06,LN2117,Consumer - KPR Subsidi,747.36,176.03,1,4.96,0.73,ACTIVE
2024-06,LN2118,Commercial - Investasi,972.65,229.09,1,9.18,1.75,ACTIVE
2024-06,LN2119,Commercial - Modal Kerja,448.44,105.62,1,8.55,0.75,ACTIVE
2024-06,LN2120,Consumer - KPR Non Subsidi,678.29,159.76,1,9.1,1.21,ACTIVE
2024-06,LN2121,Commercial - Konstruksi,1576.9,371.41,1,10.49,3.25,ACTIVE
2024-06,LN2122,Consumer - KPR Subsidi,1463.15,344.62,1,5.01,1.44,ACTIVE
2024-06,LN2123,Commercial - Investasi,1341.67,316.01,1,8.99,2.37,ACTIVE
2024-06,LN2124,Consumer - Non KPR,1563.64,368.29,1,10.51,3.23,ACTIVE
2024-06,LN2125,Consumer - KPR Subsidi,1687.25,397.4,3,5.27,1.75,ACTIVE
2024-06,LN2126,Commercial - Investasi,1016.2,239.35,1,8.42,1.68,ACTIVE
2024-06,LN2127,Consumer - KPR Non Subsidi,1141.56,268.88,1,8.42,1.89,ACTIVE
2024-06,LN2128,Consumer - KPR Non Subsidi,621.43,146.37,1,8.92,1.09,ACTIVE
2024-06,LN2129,Commercial - Konstruksi,1849.3,435.57,1,9.51,3.45,ACTIVE
2024-06,LN2130,Consumer - KPR Non Subsidi,714.99,168.4,1,8.72,1.22,ACTIVE
2024-06,LN2131,Consumer - KPR Subsidi,916.19,215.79,1,5.17,0.93,ACTIVE
2024-06,LN2132,Consumer - Non KPR,1244.06,293.02,1,10.3,2.52,ACTIVE
2024-06,LN2133,Commercial - Konstruksi,1727.28,406.83,1,9.66,3.27,ACTIVE
2024-06,LN2134,Consumer - KPR Subsidi,567.24,133.6,1,4.93,0.55,ACTIVE
2024-06,LN2135,Commercial - Modal Kerja,1402.25,330.28,1,8.97,2.47,ACTIVE
2024-06,LN2136,Consumer - Non KPR,785.96,185.12,1,10.43,1.61,ACTIVE
2024-06,LN2137,Commercial - Investasi,1229.52,289.59,1,9.27,2.24,ACTIVE
2024-06,LN2138,Consumer - KPR Non Subsidi,1687.86,397.55,1,8.92,2.96,ACTIVE
2024-06,LN2139,Commercial - Modal Kerja,1280.55,301.61,1,9.6,2.41,ACTIVE
2024-06,LN2140,Consumer - KPR Non Subsidi,1298.65,305.88,1,8.32,2.12,ACTIVE
2024-06,LN2141,Consumer - Non KPR,1646.82,387.88,1,10.21,3.3,ACTIVE
2024-06,LN2142,Consumer - Multimanfaat,454.32,107.01,1,8.93,0.8,ACTIVE
2024-06,LN2143,Consumer - Multimanfaat,505.36,119.03,1,9.04,0.9,ACTIVE
2024-06,LN2144,Commercial - Investasi,1150.9,256.81,2,9.18,1.96,ACTIVE
2024-06,LN2146,Commercial - Modal Kerja,1366.91,315.18,1,8.5,2.23,ACTIVE
2024-06,LN2147,Consumer - KPR Subsidi,749.58,174.69,1,4.73,0.69,ACTIVE
2024-06,LN2150,Consumer - KPR Non Subsidi,1718.03,391.88,3,8.07,2.64,ACTIVE
2024-06,LN2153,Commercial - Modal Kerja,1387.78,326.87,1,8.78,2.39,ACTIVE
2024-06,LN2154,Consumer - KPR Subsidi,1760.23,397.14,1,5.16,1.71,ACTIVE
2024-06,LN2155,Consumer - KPR Non Subsidi,1512.51,337.5,1,8.79,2.47,ACTIVE
2024-06,LN2158,Commercial - Konstruksi,811.45,183.08,1,9.76,1.49,ACTIVE
2024-06,LN2160,Consumer - Non KPR,1072.67,247.33,1,10.45,2.15,ACTIVE
2024-06,LN2161,Consumer - Multimanfaat,1220.17,278.32,1,9.89,2.29,ACTIVE
2024-06,LN2163,Commercial - Modal Kerja,537.53,119.94,1,9.58,0.96,ACTIVE
2024-06,LN2165,Consumer - KPR Subsidi,1396.57,328.94,1,5.03,1.38,ACTIVE
2024-06,LN2167,Commercial - Modal Kerja,1142.1,260.51,1,8.41,1.83,ACTIVE
2024-06,LN2168,Commercial - Modal Kerja,905.27,210.98,1,8.46,1.49,ACTIVE
2024-06,LN2169,Commercial - Konstruksi,2091.54,487.44,2,10.04,4.08,ACTIVE
2024-06,LN2170,Consumer - KPR Non Subsidi,504.72,115.12,1,9.06,0.87,ACTIVE
2024-06,LN2172,Consumer - Multimanfaat,1091.29,257.04,3,9.87,2.11,ACTIVE
2024-06,LN2173,Commercial - Modal Kerja,398.42,89.89,1,8.6,0.64,ACTIVE
2024-06,LN2174,Commercial - Investasi,1588.92,358.49,1,8.39,2.51,ACTIVE
2024-06,LN2175,Consumer - KPR Non Subsidi,1238.72,282.55,1,8.84,2.08,ACTIVE
2024-06,LN2176,Consumer - KPR Subsidi,1430.23,322.68,1,4.76,1.28,ACTIVE
2024-06,LN2178,Consumer - Multimanfaat,1560.01,367.44,2,9.86,3.02,ACTIVE
2024-06,LN2180,Consumer - Non KPR,1719.16,404.92,1,10.16,3.43,ACTIVE
2024-06,LN2181,Consumer - KPR Subsidi,657.74,153.29,1,4.79,0.61,ACTIVE
2024-06,LN2182,Consumer - Non KPR,891.27,207.71,1,10.16,1.76,ACTIVE
2024-06,LN2183,Commercial - Modal Kerja,725.65,170.92,1,9.1,1.3,ACTIVE
2024-06,LN2184,Consumer - KPR Non Subsidi,1335.74,314.61,1,8.1,2.12,ACTIVE
2024-06,LN2185,Consumer - KPR Non Subsidi,1494.79,333.54,1,7.91,2.2,ACTIVE
2024-06,LN2186,Consumer - KPR Subsidi,1136.05,261.95,2,4.42,0.96,ACTIVE
2024-06,LN2187,Consumer - KPR Subsidi,1693.87,390.56,2,5.2,1.69,ACTIVE
2024-06,LN2189,Consumer - KPR Subsidi,1674.99,377.91,1,5.37,1.69,ACTIVE
2024-06,LN2190,Consumer - KPR Non Subsidi,1631.84,372.22,1,8.88,2.75,ACTIVE
2024-06,LN2191,Commercial - Investasi,580.86,129.61,1,8.56,0.92,ACTIVE
2024-06,LN2193,Consumer - KPR Subsidi,530.87,119.77,1,4.79,0.48,ACTIVE
2024-06,LN2195,Commercial - Konstruksi,1629.38,375.69,1,9.57,3.0,ACTIVE
2024-06,LN2196,Commercial - Investasi,1179.39,274.86,1,8.36,1.91,ACTIVE
2024-06,LN2197,Consumer - KPR Non Subsidi,752.56,177.25,1,8.83,1.3,ACTIVE
2024-06,LN2198,Consumer - KPR Non Subsidi,1473.67,336.14,1,9.05,2.54,ACTIVE
2024-06,LN2199,Commercial - Modal Kerja,712.59,162.54,2,9.05,1.23,ACTIVE
2024-06,LN2200,Consumer - Non KPR,517.38,116.73,1,10.61,1.03,ACTIVE
2024-06,LN2201,Commercial - Konstruksi,976.65,225.19,1,10.55,1.98,ACTIVE
2024-07,LN2024,Consumer - KPR Non Subsidi,626.93,139.64,1,8.59,1.0,ACTIVE
2024-07,LN2025,Commercial - Investasi,1441.07,320.97,1,8.44,2.26,ACTIVE
2024-07,LN2026,Consumer - KPR Non Subsidi,1497.01,333.43,1,8.92,2.48,ACTIVE
2024-07,LN2027,Consumer - KPR Subsidi,1406.44,313.26,1,4.93,1.29,ACTIVE
2024-07,LN2028,Commercial - Investasi,669.74,149.17,1,9.1,1.13,ACTIVE
2024-07,LN2029,Consumer - KPR Non Subsidi,1782.56,397.03,2,8.63,2.86,ACTIVE
2024-07,LN2030,Commercial - Investasi,722.1,160.84,2,8.46,1.13,ACTIVE
2024-07,LN2031,Commercial - Investasi,495.23,110.3,1,8.26,0.76,ACTIVE
2024-07,LN2032,Commercial - Investasi,1189.7,264.99,1,8.96,1.98,ACTIVE
2024-07,LN2033,Consumer - KPR Subsidi,1443.01,321.41,1,4.68,1.25,ACTIVE
2024-07,LN2034,Commercial - Investasi,1317.68,293.49,1,8.17,2.0,ACTIVE
2024-07,LN2035,Consumer - KPR Subsidi,1712.29,381.38,2,4.99,1.59,ACTIVE
2024-07,LN2036,Consumer - KPR Subsidi,1796.41,400.12,1,5.18,1.73,ACTIVE
2024-07,LN2037,Consumer - Multimanfaat,1543.95,343.89,1,9.04,2.59,ACTIVE
2024-07,LN2038,Consumer - KPR Subsidi,1054.46,234.86,1,4.85,0.95,ACTIVE
2024-07,LN2039,Consumer - KPR Subsidi,516.38,115.01,1,4.53,0.43,ACTIVE
2024-07,LN2040,Consumer - KPR Non Subsidi,851.69,189.7,2,8.23,1.3,ACTIVE
2024-07,LN2041,Consumer - KPR Non Subsidi,1652.31,368.02,1,8.45,2.59,ACTIVE
2024-07,LN2042,Commercial - Modal Kerja,1084.09,241.46,1,9.2,1.85,ACTIVE
2024-07,LN2043,Commercial - Modal Kerja,645.35,143.74,1,9.59,1.15,ACTIVE
2024-07,LN2044,Commercial - Modal Kerja,377.2,84.01,1,8.85,0.62,ACTIVE
2024-07,LN2045,Commercial - Modal Kerja,1278.93,284.86,1,8.97,2.13,ACTIVE
2024-07,LN2046,Consumer - KPR Subsidi,1373.17,305.85,1,5.44,1.39,ACTIVE
2024-07,LN2047,Commercial - Konstruksi,1591.3,354.43,1,10.46,3.09,ACTIVE
2024-07,LN2048,Commercial - Modal Kerja,433.25,96.5,2,8.41,0.68,ACTIVE
2024-07,LN2049,Commercial - Konstruksi,1247.08,277.77,1,10.53,2.44,ACTIVE
2024-07,LN2050,Commercial - Modal Kerja,946.22,210.75,2,9.03,1.59,ACTIVE
2024-07,LN2051,Consumer - KPR Subsidi,812.2,180.9,1,4.68,0.71,ACTIVE
2024-07,LN2052,Consumer - Multimanfaat,1485.85,330.95,2,9.42,2.6,ACTIVE
2024-07,LN2053,Commercial - Investasi,1304.17,290.48,1,9.19,2.22,ACTIVE
2024-07,LN2054,Consumer - KPR Non Subsidi,1276.06,284.22,1,8.84,2.09,ACTIVE
2024-07,LN2055,Commercial - Konstruksi,1633.64,363.87,1,9.86,2.99,ACTIVE
2024-07,LN2056,Consumer - KPR Subsidi,1154.42,257.13,1,4.84,1.04,ACTIVE
2024-07,LN2057,Commercial - Investasi,393.22,87.58,1,8.74,0.64,ACTIVE
2024-07,LN2058,Commercial - Konstruksi,921.76,205.31,1,10.31,1.76,ACTIVE
2024-07,LN2059,Consumer - Non KPR,1159.16,258.18,2,10.26,2.21,ACTIVE
2024-07,LN2060,Commercial - Investasi,849.97,189.32,1,8.72,1.38,ACTIVE
2024-07,LN2061,Consumer - KPR Non Subsidi,1120.23,249.51,1,8.24,1.71,ACTIVE
2024-07,LN2062,Consumer - KPR Non Subsidi,625.14,139.24,1,8.42,0.98,ACTIVE
2024-07,LN2063,Commercial - Investasi,742.11,165.29,3,8.41,1.16,ACTIVE
2024-07,LN2064,Commercial - Investasi,1111.02,247.46,1,9.29,1.92,ACTIVE
2024-07,LN2065,Consumer - KPR Non Subsidi,678.9,151.21,1,8.76,1.1,ACTIVE
2024-07,LN2066,Consumer - KPR Subsidi,1125.14,250.61,1,5.42,1.13,ACTIVE
2024-07,LN2067,Consumer - KPR Subsidi,1329.45,296.11,1,5.54,1.37,ACTIVE
2024-07,LN2068,Consumer - KPR Subsidi,939.95,209.36,1,4.77,0.83,ACTIVE
2024-07,LN2069,Consumer - KPR Non Subsidi,1731.13,385.58,1,8.46,2.72,ACTIVE
2024-07,LN2070,Consumer - KPR Non Subsidi,1642.02,365.73,1,8.55,2.61,ACTIVE
2024-07,LN2071,Consumer - Multimanfaat,508.27,113.21,1,9.91,0.93,ACTIVE
2024-07,LN2072,Commercial - Investasi,1475.32,328.6,1,8.73,2.39,ACTIVE
2024-07,LN2073,Consumer - KPR Subsidi,604.2,134.58,1,4.5,0.5,ACTIVE
2024-07,LN2074,Commercial - Konstruksi,894.99,199.34,1,10.54,1.75,ACTIVE
2024-07,LN2075,Consumer - Non KPR,997.02,222.07,1,10.48,1.94,ACTIVE
2024-07,LN2076,Commercial - Investasi,1077.94,240.09,1,8.76,1.75,ACTIVE
2024-07,LN2077,Commercial - Modal Kerja,916.66,204.17,1,8.55,1.45,ACTIVE
2024-07,LN2078,Commercial - Konstruksi,2139.28,476.51,3,10.51,4.17,ACTIVE
2024-07,LN2079,Consumer - Multimanfaat,706.8,157.43,1,10.07,1.32,ACTIVE
2024-07,LN2081,Commercial - Konstruksi,1881.11,418.98,1,9.85,3.44,ACTIVE
2024-07,LN2082,Consumer - KPR Non Subsidi,512.48,114.15,1,8.97,0.85,ACTIVE
2024-07,LN2083,Consumer - KPR Non Subsidi,1790.38,398.78,1,8.05,2.68,ACTIVE
2024-07,LN2084,Consumer - KPR Subsidi,824.51,183.65,5,5.15,0.79,ACTIVE
2024-07,LN2085,Consumer - KPR Non Subsidi,1009.19,224.78,1,8.05,1.51,ACTIVE
2024-07,LN2086,Commercial - Investasi,1317.8,293.52,1,8.97,2.19,ACTIVE
2024-07,LN2087,Commercial - Konstruksi,973.24,216.77,1,10.35,1.87,ACTIVE
2024-07,LN2088,Commercial - Konstruksi,1530.17,340.82,1,9.5,2.7,ACTIVE
2024-07,LN2089,Consumer - Non KPR,970.66,216.2,1,10.5,1.89,ACTIVE
2024-07,LN2090,Consumer - Multimanfaat,1369.66,305.07,1,9.46,2.4,ACTIVE
2024-07,LN2091,Consumer - KPR Non Subsidi,1760.12,392.04,1,8.38,2.74,ACTIVE
2024-07,LN2092,Consumer - Multimanfaat,1211.81,269.91,2,8.96,2.02,ACTIVE
2024-07,LN2093,Consumer - KPR Non Subsidi,833.35,185.61,1,9.08,1.4,ACTIVE
2024-07,LN2094,Commercial - Modal Kerja,1466.29,326.59,1,9.33,2.54,ACTIVE
2024-07,LN2095,Consumer - KPR Subsidi,1556.61,346.71,1,5.25,1.52,ACTIVE
2024-07,LN2096,Consumer - KPR Subsidi,630.76,140.49,1,5.17,0.61,ACTIVE
2024-07,LN2097,Consumer - KPR Non Subsidi,1647.96,367.05,1,8.75,2.68,ACTIVE
2024-07,LN2098,Consumer - Non KPR,1100.34,245.08,1,10.66,2.18,ACTIVE
2024-07,LN2099,Consumer - KPR Subsidi,1266.73,282.14,1,5.58,1.31,ACTIVE
2024-07,LN2100,Consumer - KPR Non Subsidi,1107.37,246.65,1,8.64,1.78,ACTIVE
2024-07,LN2101,Consumer - KPR Subsidi,591.9,131.84,1,4.88,0.54,ACTIVE
2024-07,LN2102,Consumer - KPR Subsidi,1074.76,239.38,1,5.32,1.06,ACTIVE
2024-07,LN2103,Consumer - KPR Non Subsidi,958.12,213.4,1,8.42,1.5,ACTIVE
2024-07,LN2104,Consumer - Multimanfaat,887.88,197.76,1,9.34,1.54,ACTIVE
2024-07,LN2105,Commercial - Investasi,1136.57,253.15,1,8.24,1.74,ACTIVE
2024-07,LN2106,Consumer - KPR Subsidi,1531.5,341.12,1,5.04,1.43,ACTIVE
2024-07,LN2107,Consumer - KPR Non Subsidi,629.51,140.21,1,9.0,1.05,ACTIVE
2024-07,LN2108,Consumer - KPR Non Subsidi,1029.01,229.19,2,8.68,1.66,ACTIVE
2024-07,LN2109,Commercial - Investasi,1006.58,224.2,1,8.71,1.63,ACTIVE
2024-07,LN2110,Consumer - KPR Subsidi,1774.75,395.3,1,4.49,1.48,ACTIVE
2024-07,LN2111,Consumer - KPR Subsidi,1740.03,387.56,1,5.12,1.65,ACTIVE
2024-07,LN2112,Commercial - Investasi,974.58,217.07,1,9.11,1.65,ACTIVE
2024-07,LN2113,Consumer - KPR Non Subsidi,940.0,209.37,2,7.91,1.38,ACTIVE
2024-07,LN2114,Consumer - KPR Subsidi,1170.27,260.66,1,4.76,1.03,ACTIVE
2024-07,LN2115,Commercial - Modal Kerja,805.73,179.46,3,9.45,1.41,ACTIVE
2024-07,LN2116,Consumer - KPR Non Subsidi,1775.18,395.39,1,8.6,2.83,ACTIVE
2024-07,LN2117,Consumer - KPR Subsidi,747.36,166.46,1,4.96,0.69,ACTIVE
2024-07,LN2118,Commercial - Investasi,972.65,216.64,1,9.18,1.66,ACTIVE
2024-07,LN2119,Commercial - Modal Kerja,448.44,99.88,1,8.55,0.71,ACTIVE
2024-07,LN2120,Consumer - KPR Non Subsidi,678.29,151.08,1,9.1,1.15,ACTIVE
2024-07,LN2121,Commercial - Konstruksi,1576.9,351.23,1,10.49,3.07,ACTIVE
2024-07,LN2122,Consumer - KPR Subsidi,1463.15,325.89,1,5.01,1.36,ACTIVE
2024-07,LN2123,Commercial - Investasi,1341.67,298.83,1,8.99,2.24,ACTIVE
2024-07,LN2124,Consumer - Non KPR,1563.64,348.27,1,10.51,3.05,ACTIVE
2024-07,LN2125,Consumer - KPR Subsidi,1687.25,375.81,3,5.27,1.65,ACTIVE
2024-07,LN2126,Commercial - Investasi,1016.2,226.34,1,8.42,1.59,ACTIVE
2024-07,LN2127,Consumer - KPR Non Subsidi,1141.56,254.26,1,8.42,1.78,ACTIVE
2024-07,LN2128,Consumer - KPR Non Subsidi,621.43,138.41,1,8.92,1.03,ACTIVE
2024-07,LN2129,Commercial - Konstruksi,1849.3,411.9,1,9.51,3.26,ACTIVE
2024-07,LN2130,Consumer - KPR Non Subsidi,714.99,159.25,1,8.72,1.16,ACTIVE
2024-07,LN2131,Consumer - KPR Subsidi,916.19,204.07,1,5.17,0.88,ACTIVE
2024-07,LN2132,Consumer - Non KPR,1244.06,277.09,1,10.3,2.38,ACTIVE
2024-07,LN2133,Commercial - Konstruksi,1727.28,384.72,1,9.66,3.1,ACTIVE
2024-07,LN2134,Consumer - KPR Subsidi,567.24,126.34,1,4.93,0.52,ACTIVE
2024-07,LN2135,Commercial - Modal Kerja,1402.25,312.33,1,8.97,2.33,ACTIVE
2024-07,LN2136,Consumer - Non KPR,785.96,175.06,1,10.43,1.52,ACTIVE
2024-07,LN2137,Commercial - Investasi,1229.52,273.85,1,9.27,2.12,ACTIVE
2024-07,LN2138,Consumer - KPR Non Subsidi,1687.86,375.94,1,8.92,2.79,ACTIVE
2024-07,LN2139,Commercial - Modal Kerja,1280.55,285.22,1,9.6,2.28,ACTIVE
2024-07,LN2140,Consumer - KPR Non Subsidi,1298.65,289.25,1,8.32,2.01,ACTIVE
2024-07,LN2141,Consumer - Non KPR,1646.82,366.8,1,10.21,3.12,ACTIVE
2024-07,LN2142,Consumer - Multimanfaat,454.32,101.19,1,8.93,0.75,ACTIVE
2024-07,LN2144,Commercial - Investasi,1150.9,242.99,2,9.18,1.86,ACTIVE
2024-07,LN2146,Commercial - Modal Kerja,1366.91,298.11,1,8.5,2.11,ACTIVE
2024-07,LN2147,Consumer - KPR Subsidi,749.58,165.22,1,4.73,0.65,ACTIVE
2024-07,LN2149,Consumer - Multimanfaat,1439.56,300.6,1,9.41,2.36,ACTIVE
2024-07,LN2150,Consumer - KPR Non Subsidi,1718.03,370.7,3,8.07,2.49,ACTIVE
2024-07,LN2152,Consumer - Multimanfaat,1182.67,246.96,1,9.44,1.94,ACTIVE
2024-07,LN2153,Commercial - Modal Kerja,1387.78,309.1,1,8.78,2.26,ACTIVE
2024-07,LN2154,Consumer - KPR Subsidi,1760.23,375.73,1,5.16,1.62,ACTIVE
2024-07,LN2155,Consumer - KPR Non Subsidi,1512.51,319.34,1,8.79,2.34,ACTIVE
2024-07,LN2156,Commercial - Modal Kerja,1020.53,213.1,1,9.36,1.66,ACTIVE
2024-07,LN2157,Consumer - KPR Subsidi,609.28,127.22,1,4.55,0.48,ACTIVE
2024-07,LN2158,Commercial - Konstruksi,811.45,173.21,1,9.76,1.41,ACTIVE
2024-07,LN2159,Consumer - KPR Non Subsidi,622.87,130.06,1,8.63,0.94,ACTIVE
2024-07,LN2160,Consumer - Non KPR,1072.67,233.94,1,10.45,2.04,ACTIVE
2024-07,LN2161,Consumer - Multimanfaat,1220.17,263.28,1,9.89,2.17,ACTIVE
2024-07,LN2162,Consumer - Non KPR,1513.41,316.02,1,10.22,2.69,ACTIVE
2024-07,LN2163,Commercial - Modal Kerja,537.53,113.49,1,9.58,0.91,ACTIVE
2024-07,LN2164,Consumer - KPR Subsidi,924.17,192.98,1,4.46,0.72,ACTIVE
2024-07,LN2165,Consumer - KPR Subsidi,1396.57,311.06,1,5.03,1.3,ACTIVE
2024-07,LN2167,Commercial - Modal Kerja,1142.1,246.43,1,8.41,1.73,ACTIVE
2024-07,LN2168,Commercial - Modal Kerja,905.27,199.53,1,8.46,1.41,ACTIVE
2024-07,LN2169,Commercial - Konstruksi,2091.54,461.0,2,10.04,3.86,ACTIVE
2024-07,LN2170,Consumer - KPR Non Subsidi,504.72,108.9,1,9.06,0.82,ACTIVE
2024-07,LN2171,Commercial - Modal Kerja,1456.31,304.1,2,8.81,2.23,ACTIVE
2024-07,LN2172,Consumer - Multimanfaat,1091.29,243.07,3,9.87,2.0,ACTIVE
2024-07,LN2173,Commercial - Modal Kerja,398.42,85.04,1,8.6,0.61,ACTIVE
2024-07,LN2174,Commercial - Investasi,1588.92,339.16,1,8.39,2.37,ACTIVE
2024-07,LN2175,Consumer - KPR Non Subsidi,1238.72,267.28,1,8.84,1.97,ACTIVE
2024-07,LN2176,Consumer - KPR Subsidi,1430.23,305.29,1,4.76,1.21,ACTIVE
2024-07,LN2178,Consumer - Multimanfaat,1560.01,347.47,2,9.86,2.86,ACTIVE
2024-07,LN2180,Consumer - Non KPR,1719.16,382.91,1,10.16,3.24,ACTIVE
2024-07,LN2181,Consumer - KPR Subsidi,657.74,144.97,1,4.79,0.58,ACTIVE
2024-07,LN2182,Consumer - Non KPR,891.27,196.45,1,10.16,1.66,ACTIVE
2024-07,LN2183,Commercial - Modal Kerja,725.65,161.63,1,9.1,1.23,ACTIVE
2024-07,LN2184,Consumer - KPR Non Subsidi,1335.74,297.51,1,8.1,2.01,ACTIVE
2024-07,LN2185,Consumer - KPR Non Subsidi,1494.79,315.6,1,7.91,2.08,ACTIVE
2024-07,LN2186,Consumer - KPR Subsidi,1136.05,247.76,2,4.42,0.91,ACTIVE
2024-07,LN2187,Consumer - KPR Subsidi,1693.87,369.42,2,5.2,1.6,ACTIVE
2024-07,LN2189,Consumer - KPR Subsidi,1674.99,357.53,1,5.37,1.6,ACTIVE
2024-07,LN2190,Consumer - KPR Non Subsidi,1631.84,352.11,1,8.88,2.61,ACTIVE
2024-07,LN2191,Commercial - Investasi,580.86,122.64,1,8.56,0.87,ACTIVE
2024-07,LN2192,Commercial - Modal Kerja,1467.09,306.35,1,9.15,2.34,ACTIVE
2024-07,LN2193,Consumer - KPR Subsidi,530.87,113.32,1,4.79,0.45,ACTIVE
2024-07,LN2194,Consumer - KPR Subsidi,689.74,144.03,1,4.5,0.54,ACTIVE
2024-07,LN2195,Commercial - Konstruksi,1629.38,355.36,1,9.57,2.83,ACTIVE
2024-07,LN2196,Commercial - Investasi,1179.39,259.95,1,8.36,1.81,ACTIVE
2024-07,LN2197,Consumer - KPR Non Subsidi,752.56,167.62,1,8.83,1.23,ACTIVE
2024-07,LN2198,Consumer - KPR Non Subsidi,1473.67,317.98,1,9.05,2.4,ACTIVE
2024-07,LN2199,Commercial - Modal Kerja,712.59,153.76,2,9.05,1.16,ACTIVE
2024-07,LN2200,Consumer - Non KPR,517.38,110.44,1,10.61,0.98,ACTIVE
2024-07,LN2201,Commercial - Konstruksi,976.65,213.0,1,10.55,1.87,ACTIVE
2024-07,LN2203,Commercial - Investasi,1207.8,252.2,1,8.68,1.82,ACTIVE
2024-08,LN2024,Consumer - KPR Non Subsidi,626.93,139.67,1,8.59,1.0,ACTIVE
2024-08,LN2025,Commercial - Investasi,1441.07,321.05,1,8.44,2.26,ACTIVE
2024-08,LN2026,Consumer - KPR Non Subsidi,1497.01,333.51,1,8.92,2.48,ACTIVE
2024-08,LN2027,Consumer - KPR Subsidi,1406.44,313.33,1,4.93,1.29,ACTIVE
2024-08,LN2028,Commercial - Investasi,669.74,149.21,1,9.1,1.13,ACTIVE
2024-08,LN2029,Consumer - KPR Non Subsidi,1782.56,397.13,2,8.63,2.86,ACTIVE
2024-08,LN2030,Commercial - Investasi,722.1,160.87,2,8.46,1.13,ACTIVE
2024-08,LN2031,Commercial - Investasi,495.23,110.33,1,8.26,0.76,ACTIVE
2024-08,LN2032,Commercial - Investasi,1189.7,265.05,1,8.96,1.98,ACTIVE
2024-08,LN2033,Consumer - KPR Subsidi,1443.01,321.48,1,4.68,1.25,ACTIVE
2024-08,LN2034,Commercial - Investasi,1317.68,293.56,1,8.17,2.0,ACTIVE
2024-08,LN2035,Consumer - KPR Subsidi,1712.29,381.47,2,4.99,1.59,ACTIVE
2024-08,LN2036,Consumer - KPR Subsidi,1796.41,400.21,1,5.18,1.73,ACTIVE
2024-08,LN2037,Consumer - Multimanfaat,1543.95,343.97,1,9.04,2.59,ACTIVE
2024-08,LN2038,Consumer - KPR Subsidi,1054.46,234.92,1,4.85,0.95,ACTIVE
2024-08,LN2039,Consumer - KPR Subsidi,516.38,115.04,1,4.53,0.43,ACTIVE
2024-08,LN2040,Consumer - KPR Non Subsidi,851.69,189.74,2,8.23,1.3,ACTIVE
2024-08,LN2041,Consumer - KPR Non Subsidi,1652.31,368.11,1,8.45,2.59,ACTIVE
2024-08,LN2042,Commercial - Modal Kerja,1084.09,241.52,1,9.2,1.85,ACTIVE
2024-08,LN2043,Commercial - Modal Kerja,645.35,143.77,1,9.59,1.15,ACTIVE
2024-08,LN2044,Commercial - Modal Kerja,377.2,84.03,1,8.85,0.62,ACTIVE
2024-08,LN2045,Commercial - Modal Kerja,1278.93,284.93,1,8.97,2.13,ACTIVE
2024-08,LN2046,Consumer - KPR Subsidi,1373.17,305.92,1,5.44,1.39,ACTIVE
2024-08,LN2047,Commercial - Konstruksi,1591.3,354.52,1,10.46,3.09,ACTIVE
2024-08,LN2048,Commercial - Modal Kerja,433.25,96.52,2,8.41,0.68,ACTIVE
2024-08,LN2049,Commercial - Konstruksi,1247.08,277.83,1,10.53,2.44,ACTIVE
2024-08,LN2050,Commercial - Modal Kerja,946.22,210.8,2,9.03,1.59,ACTIVE
2024-08,LN2051,Consumer - KPR Subsidi,812.2,180.95,1,4.68,0.71,ACTIVE
2024-08,LN2052,Consumer - Multimanfaat,1485.85,331.03,2,9.42,2.6,ACTIVE
2024-08,LN2053,Commercial - Investasi,1304.17,290.55,1,9.19,2.23,ACTIVE
2024-08,LN2054,Consumer - KPR Non Subsidi,1276.06,284.29,1,8.84,2.09,ACTIVE
2024-08,LN2055,Commercial - Konstruksi,1633.64,363.95,1,9.86,2.99,ACTIVE
2024-08,LN2056,Consumer - KPR Subsidi,1154.42,257.19,1,4.84,1.04,ACTIVE
2024-08,LN2057,Commercial - Investasi,393.22,87.6,1,8.74,0.64,ACTIVE
2024-08,LN2058,Commercial - Konstruksi,921.76,205.35,1,10.31,1.76,ACTIVE
2024-08,LN2060,Commercial - Investasi,849.97,189.36,1,8.72,1.38,ACTIVE
2024-08,LN2061,Consumer - KPR Non Subsidi,1120.23,249.57,1,8.24,1.71,ACTIVE
2024-08,LN2062,Consumer - KPR Non Subsidi,625.14,139.27,1,8.42,0.98,ACTIVE
2024-08,LN2063,Commercial - Investasi,742.11,165.33,3,8.41,1.16,ACTIVE
2024-08,LN2064,Commercial - Investasi,1111.02,247.52,1,9.29,1.92,ACTIVE
2024-08,LN2065,Consumer - KPR Non Subsidi,678.9,151.25,1,8.76,1.1,ACTIVE
2024-08,LN2066,Consumer - KPR Subsidi,1125.14,250.66,1,5.42,1.13,ACTIVE
2024-08,LN2067,Consumer - KPR Subsidi,1329.45,296.18,1,5.54,1.37,ACTIVE
2024-08,LN2068,Consumer - KPR Subsidi,939.95,209.41,1,4.77,0.83,ACTIVE
2024-08,LN2069,Consumer - KPR Non Subsidi,1731.13,385.67,1,8.46,2.72,ACTIVE
2024-08,LN2070,Consumer - KPR Non Subsidi,1642.02,365.82,1,8.55,2.61,ACTIVE
2024-08,LN2071,Consumer - Multimanfaat,508.27,113.23,1,9.91,0.94,ACTIVE
2024-08,LN2072,Commercial - Investasi,1475.32,328.68,1,8.73,2.39,ACTIVE
2024-08,LN2073,Consumer - KPR Subsidi,604.2,134.61,1,4.5,0.5,ACTIVE
2024-08,LN2074,Commercial - Konstruksi,894.99,199.39,1,10.54,1.75,ACTIVE
2024-08,LN2075,Consumer - Non KPR,997.02,222.12,1,10.48,1.94,ACTIVE
2024-08,LN2076,Commercial - Investasi,1077.94,240.15,1,8.76,1.75,ACTIVE
2024-08,LN2077,Commercial - Modal Kerja,916.66,204.22,1,8.55,1.46,ACTIVE
2024-08,LN2078,Commercial - Konstruksi,2139.28,476.6,3,10.51,4.17,ACTIVE
2024-08,LN2079,Consumer - Multimanfaat,706.8,157.46,1,10.07,1.32,ACTIVE
2024-08,LN2081,Commercial - Konstruksi,1881.11,419.08,1,9.85,3.44,ACTIVE
2024-08,LN2082,Consumer - KPR Non Subsidi,512.48,114.17,1,8.97,0.85,ACTIVE
2024-08,LN2083,Consumer - KPR Non Subsidi,1790.38,398.87,1,8.05,2.68,ACTIVE
2024-08,LN2084,Consumer - KPR Subsidi,824.51,183.69,5,5.15,0.79,ACTIVE
2024-08,LN2085,Consumer - KPR Non Subsidi,1009.19,224.83,1,8.05,1.51,ACTIVE
2024-08,LN2086,Commercial - Investasi,1317.8,293.59,1,8.97,2.19,ACTIVE
2024-08,LN2088,Commercial - Konstruksi,1530.17,340.9,1,9.5,2.7,ACTIVE
2024-08,LN2089,Consumer - Non KPR,970.66,216.25,1,10.5,1.89,ACTIVE
2024-08,LN2090,Consumer - Multimanfaat,1369.66,305.14,1,9.46,2.41,ACTIVE
2024-08,LN2091,Consumer - KPR Non Subsidi,1760.12,392.13,1,8.38,2.74,ACTIVE
2024-08,LN2092,Consumer - Multimanfaat,1211.81,269.97,2,8.96,2.02,ACTIVE
2024-08,LN2093,Consumer - KPR Non Subsidi,833.35,185.66,1,9.08,1.4,ACTIVE
2024-08,LN2094,Commercial - Modal Kerja,1466.29,326.67,1,9.33,2.54,ACTIVE
2024-08,LN2095,Consumer - KPR Subsidi,1556.61,346.79,1,5.25,1.52,ACTIVE
2024-08,LN2096,Consumer - KPR Subsidi,630.76,140.52,1,5.17,0.61,ACTIVE
2024-08,LN2097,Consumer - KPR Non Subsidi,1647.96,367.14,1,8.75,2.68,ACTIVE
2024-08,LN2098,Consumer - Non KPR,1100.34,245.14,1,10.66,2.18,ACTIVE
2024-08,LN2099,Consumer - KPR Subsidi,1266.73,282.21,1,5.58,1.31,ACTIVE
2024-08,LN2100,Consumer - KPR Non Subsidi,1107.37,246.71,1,8.64,1.78,ACTIVE
2024-08,LN2101,Consumer - KPR Subsidi,591.9,131.87,1,4.88,0.54,ACTIVE
2024-08,LN2102,Consumer - KPR Subsidi,1074.76,239.44,1,5.32,1.06,ACTIVE
2024-08,LN2103,Consumer - KPR Non Subsidi,958.12,213.45,1,8.42,1.5,ACTIVE
2024-08,LN2104,Consumer - Multimanfaat,887.88,197.81,1,9.34,1.54,ACTIVE
2024-08,LN2105,Commercial - Investasi,1136.57,253.21,1,8.24,1.74,ACTIVE
2024-08,LN2106,Consumer - KPR Subsidi,1531.5,341.2,1,5.04,1.43,ACTIVE
2024-08,LN2107,Consumer - KPR Non Subsidi,629.51,140.25,1,9.0,1.05,ACTIVE
2024-08,LN2108,Consumer - KPR Non Subsidi,1029.01,229.25,2,8.68,1.66,ACTIVE
2024-08,LN2109,Commercial - Investasi,1006.58,224.25,1,8.71,1.63,ACTIVE
2024-08,LN2110,Consumer - KPR Subsidi,1774.75,395.39,1,4.49,1.48,ACTIVE
2024-08,LN2111,Consumer - KPR Subsidi,1740.03,387.65,1,5.12,1.65,ACTIVE
2024-08,LN2112,Commercial - Investasi,974.58,217.12,1,9.11,1.65,ACTIVE
2024-08,LN2113,Consumer - KPR Non Subsidi,940.0,209.42,2,7.91,1.38,ACTIVE
2024-08,LN2114,Consumer - KPR Subsidi,1170.27,260.72,1,4.76,1.03,ACTIVE
2024-08,LN2116,Consumer - KPR Non Subsidi,1775.18,395.48,1,8.6,2.83,ACTIVE
2024-08,LN2117,Consumer - KPR Subsidi,747.36,166.5,1,4.96,0.69,ACTIVE
2024-08,LN2118,Commercial - Investasi,972.65,216.69,1,9.18,1.66,ACTIVE
2024-08,LN2119,Commercial - Modal Kerja,448.44,99.91,1,8.55,0.71,ACTIVE
2024-08,LN2120,Consumer - KPR Non Subsidi,678.29,151.11,1,9.1,1.15,ACTIVE
2024-08,LN2121,Commercial - Konstruksi,1576.9,351.31,1,10.49,3.07,ACTIVE
2024-08,LN2123,Commercial - Investasi,1341.67,298.9,1,8.99,2.24,ACTIVE
2024-08,LN2124,Consumer - Non KPR,1563.64,348.36,1,10.51,3.05,ACTIVE
2024-08,LN2125,Consumer - KPR Subsidi,1687.25,375.89,3,5.27,1.65,ACTIVE
2024-08,LN2126,Commercial - Investasi,1016.2,226.39,1,8.42,1.59,ACTIVE
2024-08,LN2127,Consumer - KPR Non Subsidi,1141.56,254.32,1,8.42,1.78,ACTIVE
2024-08,LN2128,Consumer - KPR Non Subsidi,621.43,138.45,1,8.92,1.03,ACTIVE
2024-08,LN2129,Commercial - Konstruksi,1849.3,412.0,1,9.51,3.27,ACTIVE
2024-08,LN2130,Consumer - KPR Non Subsidi,714.99,159.29,1,8.72,1.16,ACTIVE
2024-08,LN2131,Consumer - KPR Subsidi,916.19,204.11,1,5.17,0.88,ACTIVE
2024-08,LN2132,Consumer - Non KPR,1244.06,277.16,1,10.3,2.38,ACTIVE
2024-08,LN2133,Commercial - Konstruksi,1727.28,384.81,1,9.66,3.1,ACTIVE
2024-08,LN2134,Consumer - KPR Subsidi,567.24,126.37,1,4.93,0.52,ACTIVE
2024-08,LN2135,Commercial - Modal Kerja,1402.25,312.4,1,8.97,2.34,ACTIVE
2024-08,LN2136,Consumer - Non KPR,785.96,175.1,1,10.43,1.52,ACTIVE
2024-08,LN2137,Commercial - Investasi,1229.52,273.92,1,9.27,2.12,ACTIVE
2024-08,LN2138,Consumer - KPR Non Subsidi,1687.86,376.03,1,8.92,2.8,ACTIVE
2024-08,LN2139,Commercial - Modal Kerja,1280.55,285.29,1,9.6,2.28,ACTIVE
2024-08,LN2140,Consumer - KPR Non Subsidi,1298.65,289.32,1,8.32,2.01,ACTIVE
2024-08,LN2141,Consumer - Non KPR,1646.82,366.89,1,10.21,3.12,ACTIVE
2024-08,LN2142,Consumer - Multimanfaat,454.32,101.22,1,8.93,0.75,ACTIVE
2024-08,LN2144,Commercial - Investasi,1150.9,243.19,2,9.18,1.86,ACTIVE
2024-08,LN2146,Commercial - Modal Kerja,1366.91,298.25,1,8.5,2.11,ACTIVE
2024-08,LN2147,Consumer - KPR Subsidi,749.58,165.27,1,4.73,0.65,ACTIVE
2024-08,LN2149,Consumer - Multimanfaat,1439.56,300.87,1,9.41,2.36,ACTIVE
2024-08,LN2150,Consumer - KPR Non Subsidi,1718.03,370.91,3,8.07,2.49,ACTIVE
2024-08,LN2151,Consumer - KPR Subsidi,1125.23,232.59,1,4.75,0.92,ACTIVE
2024-08,LN2152,Consumer - Multimanfaat,1182.67,247.18,1,9.44,1.94,ACTIVE
2024-08,LN2153,Commercial - Modal Kerja,1387.78,309.18,1,8.78,2.26,ACTIVE
2024-08,LN2154,Consumer - KPR Subsidi,1760.23,375.98,1,5.16,1.62,ACTIVE
2024-08,LN2155,Consumer - KPR Non Subsidi,1512.51,319.6,1,8.79,2.34,ACTIVE
2024-08,LN2156,Commercial - Modal Kerja,1020.53,213.3,1,9.36,1.66,ACTIVE
2024-08,LN2157,Consumer - KPR Subsidi,609.28,127.34,1,4.55,0.48,ACTIVE
2024-08,LN2158,Commercial - Konstruksi,811.45,173.32,1,9.76,1.41,ACTIVE
2024-08,LN2159,Consumer - KPR Non Subsidi,622.87,130.18,1,8.63,0.94,ACTIVE
2024-08,LN2160,Consumer - Non KPR,1072.67,234.05,1,10.45,2.04,ACTIVE
2024-08,LN2161,Consumer - Multimanfaat,1220.17,263.43,1,9.89,2.17,ACTIVE
2024-08,LN2162,Consumer - Non KPR,1513.41,316.31,1,10.22,2.69,ACTIVE
2024-08,LN2163,Commercial - Modal Kerja,537.53,113.58,1,9.58,0.91,ACTIVE
2024-08,LN2164,Consumer - KPR Subsidi,924.17,193.16,1,4.46,0.72,ACTIVE
2024-08,LN2165,Consumer - KPR Subsidi,1396.57,311.13,1,5.03,1.3,ACTIVE
2024-08,LN2166,Commercial - Investasi,912.44,188.61,2,8.29,1.3,ACTIVE
2024-08,LN2167,Commercial - Modal Kerja,1142.1,246.57,1,8.41,1.73,ACTIVE
2024-08,LN2168,Commercial - Modal Kerja,905.27,199.6,1,8.46,1.41,ACTIVE
2024-08,LN2169,Commercial - Konstruksi,2091.54,461.16,2,10.04,3.86,ACTIVE
2024-08,LN2170,Consumer - KPR Non Subsidi,504.72,108.97,1,9.06,0.82,ACTIVE
2024-08,LN2171,Commercial - Modal Kerja,1456.31,304.38,2,8.81,2.23,ACTIVE
2024-08,LN2172,Consumer - Multimanfaat,1091.29,243.12,3,9.87,2.0,ACTIVE
2024-08,LN2173,Commercial - Modal Kerja,398.42,85.1,1,8.6,0.61,ACTIVE
2024-08,LN2174,Commercial - Investasi,1588.92,339.39,1,8.39,2.37,ACTIVE
2024-08,LN2175,Consumer - KPR Non Subsidi,1238.72,267.43,1,8.84,1.97,ACTIVE
2024-08,LN2176,Consumer - KPR Subsidi,1430.23,305.49,1,4.76,1.21,ACTIVE
2024-08,LN2177,Commercial - Investasi,1506.89,311.49,1,8.86,2.3,ACTIVE
2024-08,LN2178,Consumer - Multimanfaat,1560.01,347.55,2,9.86,2.86,ACTIVE
2024-08,LN2180,Consumer - Non KPR,1719.16,383.0,1,10.16,3.24,ACTIVE
2024-08,LN2181,Consumer - KPR Subsidi,657.74,145.02,1,4.79,0.58,ACTIVE
2024-08,LN2182,Consumer - Non KPR,891.27,196.51,1,10.16,1.66,ACTIVE
2024-08,LN2183,Commercial - Modal Kerja,725.65,161.66,1,9.1,1.23,ACTIVE
2024-08,LN2184,Consumer - KPR Non Subsidi,1335.74,297.58,1,8.1,2.01,ACTIVE
2024-08,LN2185,Consumer - KPR Non Subsidi,1494.79,315.85,1,7.91,2.08,ACTIVE
2024-08,LN2186,Consumer - KPR Subsidi,1136.05,247.88,2,4.42,0.91,ACTIVE
2024-08,LN2187,Consumer - KPR Subsidi,1693.87,369.59,2,5.2,1.6,ACTIVE
2024-08,LN2189,Consumer - KPR Subsidi,1674.99,357.77,1,5.37,1.6,ACTIVE
2024-08,LN2190,Consumer - KPR Non Subsidi,1631.84,352.31,1,8.88,2.61,ACTIVE
2024-08,LN2191,Commercial - Investasi,580.86,122.74,1,8.56,0.88,ACTIVE
2024-08,LN2192,Commercial - Modal Kerja,1467.09,306.63,1,9.15,2.34,ACTIVE
2024-08,LN2193,Consumer - KPR Subsidi,530.87,113.39,1,4.79,0.45,ACTIVE
2024-08,LN2194,Consumer - KPR Subsidi,689.74,144.16,1,4.5,0.54,ACTIVE
2024-08,LN2195,Commercial - Konstruksi,1629.38,355.52,1,9.57,2.84,ACTIVE
2024-08,LN2196,Commercial - Investasi,1179.39,260.04,1,8.36,1.81,ACTIVE
2024-08,LN2197,Consumer - KPR Non Subsidi,752.56,167.66,1,8.83,1.23,ACTIVE
2024-08,LN2198,Consumer - KPR Non Subsidi,1473.67,318.16,1,9.05,2.4,ACTIVE
2024-08,LN2199,Commercial - Modal Kerja,712.59,153.84,2,9.05,1.16,ACTIVE
2024-08,LN2200,Consumer - Non KPR,517.38,110.51,1,10.61,0.98,ACTIVE
2024-08,LN2201,Commercial - Konstruksi,976.65,213.1,1,10.55,1.87,ACTIVE
2024-08,LN2202,Commercial - Konstruksi,1128.87,233.35,1,9.45,1.84,ACTIVE
2024-08,LN2203,Commercial - Investasi,1207.8,252.44,1,8.68,1.83,ACTIVE
2024-09,LN2025,Commercial - Investasi,1441.07,316.41,1,8.44,2.23,ACTIVE
2024-09,LN2026,Consumer - KPR Non Subsidi,1497.01,328.69,1,8.92,2.44,ACTIVE
2024-09,LN2027,Consumer - KPR Subsidi,1406.44,308.81,1,4.93,1.27,ACTIVE
2024-09,LN2028,Commercial - Investasi,669.74,147.05,1,9.1,1.12,ACTIVE
2024-09,LN2029,Consumer - KPR Non Subsidi,1782.56,391.39,2,8.63,2.81,ACTIVE
2024-09,LN2030,Commercial - Investasi,722.1,158.55,2,8.46,1.12,ACTIVE
2024-09,LN2031,Commercial - Investasi,495.23,108.74,1,8.26,0.75,ACTIVE
2024-09,LN2032,Commercial - Investasi,1189.7,261.22,1,8.96,1.95,ACTIVE
2024-09,LN2033,Consumer - KPR Subsidi,1443.01,316.83,1,4.68,1.24,ACTIVE
2024-09,LN2034,Commercial - Investasi,1317.68,289.32,1,8.17,1.97,ACTIVE
2024-09,LN2035,Consumer - KPR Subsidi,1712.29,375.96,2,4.99,1.56,ACTIVE
2024-09,LN2036,Consumer - KPR Subsidi,1796.41,394.43,1,5.18,1.7,ACTIVE
2024-09,LN2037,Consumer - Multimanfaat,1543.95,339.0,1,9.04,2.55,ACTIVE
2024-09,LN2038,Consumer - KPR Subsidi,1054.46,231.52,1,4.85,0.94,ACTIVE
2024-09,LN2039,Consumer - KPR Subsidi,516.38,113.38,1,4.53,0.43,ACTIVE
2024-09,LN2040,Consumer - KPR Non Subsidi,851.69,187.0,2,8.23,1.28,ACTIVE
2024-09,LN2041,Consumer - KPR Non Subsidi,1652.31,362.79,1,8.45,2.55,ACTIVE
2024-09,LN2042,Commercial - Modal Kerja,1084.09,238.03,1,9.2,1.82,ACTIVE
2024-09,LN2043,Commercial - Modal Kerja,645.35,141.7,1,9.59,1.13,ACTIVE
2024-09,LN2044,Commercial - Modal Kerja,377.2,82.82,1,8.85,0.61,ACTIVE
2024-09,LN2045,Commercial - Modal Kerja,1278.93,280.81,1,8.97,2.1,ACTIVE
2024-09,LN2046,Consumer - KPR Subsidi,1373.17,301.5,1,5.44,1.37,ACTIVE
2024-09,LN2047,Commercial - Konstruksi,1591.3,349.39,1,10.46,3.05,ACTIVE
2024-09,LN2048,Commercial - Modal Kerja,433.25,95.13,2,8.41,0.67,ACTIVE
2024-09,LN2049,Commercial - Konstruksi,1247.08,273.82,1,10.53,2.4,ACTIVE
2024-09,LN2050,Commercial - Modal Kerja,946.22,207.76,2,9.03,1.56,ACTIVE
2024-09,LN2051,Consumer - KPR Subsidi,812.2,178.33,1,4.68,0.7,ACTIVE
2024-09,LN2052,Consumer - Multimanfaat,1485.85,326.24,2,9.42,2.56,ACTIVE
2024-09,LN2053,Commercial - Investasi,1304.17,286.35,1,9.19,2.19,ACTIVE
2024-09,LN2054,Consumer - KPR Non Subsidi,1276.06,280.18,1,8.84,2.06,ACTIVE
2024-09,LN2055,Commercial - Konstruksi,1633.64,358.69,1,9.86,2.95,ACTIVE
2024-09,LN2056,Consumer - KPR Subsidi,1154.42,253.47,1,4.84,1.02,ACTIVE
2024-09,LN2057,Commercial - Investasi,393.22,86.34,1,8.74,0.63,ACTIVE
2024-09,LN2058,Commercial - Konstruksi,921.76,202.39,1,10.31,1.74,ACTIVE
2024-09,LN2060,Commercial - Investasi,849.97,186.62,1,8.72,1.36,ACTIVE
2024-09,LN2061,Consumer - KPR Non Subsidi,1120.23,245.96,1,8.24,1.69,ACTIVE
2024-09,LN2062,Consumer - KPR Non Subsidi,625.14,137.26,1,8.42,0.96,ACTIVE
2024-09,LN2063,Commercial - Investasi,742.11,162.94,3,8.41,1.14,ACTIVE
2024-09,LN2064,Commercial - Investasi,1111.02,243.94,1,9.29,1.89,ACTIVE
2024-09,LN2065,Consumer - KPR Non Subsidi,678.9,149.06,1,8.76,1.09,ACTIVE
2024-09,LN2066,Consumer - KPR Subsidi,1125.14,247.04,1,5.42,1.12,ACTIVE
2024-09,LN2067,Consumer - KPR Subsidi,1329.45,291.9,1,5.54,1.35,ACTIVE
2024-09,LN2068,Consumer - KPR Subsidi,939.95,206.38,1,4.77,0.82,ACTIVE
2024-09,LN2069,Consumer - KPR Non Subsidi,1731.13,380.1,1,8.46,2.68,ACTIVE
2024-09,LN2070,Consumer - KPR Non Subsidi,1642.02,360.53,1,8.55,2.57,ACTIVE
2024-09,LN2071,Consumer - Multimanfaat,508.27,111.6,1,9.91,0.92,ACTIVE
2024-09,LN2072,Commercial - Investasi,1475.32,323.93,1,8.73,2.36,ACTIVE
2024-09,LN2074,Commercial - Konstruksi,894.99,196.51,1,10.54,1.73,ACTIVE
2024-09,LN2075,Consumer - Non KPR,997.02,218.91,1,10.48,1.91,ACTIVE
2024-09,LN2076,Commercial - Investasi,1077.94,236.68,1,8.76,1.73,ACTIVE
2024-09,LN2077,Commercial - Modal Kerja,916.66,201.27,1,8.55,1.43,ACTIVE
2024-09,LN2078,Commercial - Konstruksi,2139.28,469.75,3,10.51,4.11,ACTIVE
2024-09,LN2079,Consumer - Multimanfaat,706.8,155.19,1,10.07,1.3,ACTIVE
2024-09,LN2081,Commercial - Konstruksi,1881.11,413.03,1,9.85,3.39,ACTIVE
2024-09,LN2082,Consumer - KPR Non Subsidi,512.48,112.52,1,8.97,0.84,ACTIVE
2024-09,LN2083,Consumer - KPR Non Subsidi,1790.38,393.11,1,8.05,2.64,ACTIVE
2024-09,LN2084,Consumer - KPR Subsidi,824.51,181.03,5,5.15,0.78,ACTIVE
2024-09,LN2085,Consumer - KPR Non Subsidi,1009.19,221.58,1,8.05,1.49,ACTIVE
2024-09,LN2086,Commercial - Investasi,1317.8,289.34,1,8.97,2.16,ACTIVE
2024-09,LN2088,Commercial - Konstruksi,1530.17,335.97,1,9.5,2.66,ACTIVE
2024-09,LN2089,Consumer - Non KPR,970.66,213.12,1,10.5,1.86,ACTIVE
2024-09,LN2090,Consumer - Multimanfaat,1369.66,300.73,1,9.46,2.37,ACTIVE
2024-09,LN2091,Consumer - KPR Non Subsidi,1760.12,386.46,1,8.38,2.7,ACTIVE
2024-09,LN2092,Consumer - Multimanfaat,1211.81,266.07,2,8.96,1.99,ACTIVE
2024-09,LN2093,Consumer - KPR Non Subsidi,833.35,182.97,1,9.08,1.38,ACTIVE
2024-09,LN2094,Commercial - Modal Kerja,1466.29,321.95,1,9.33,2.5,ACTIVE
2024-09,LN2095,Consumer - KPR Subsidi,1556.61,341.78,1,5.25,1.5,ACTIVE
2024-09,LN2096,Consumer - KPR Subsidi,630.76,138.49,1,5.17,0.6,ACTIVE
2024-09,LN2097,Consumer - KPR Non Subsidi,1647.96,361.83,1,8.75,2.64,ACTIVE
2024-09,LN2098,Consumer - Non KPR,1100.34,241.6,1,10.66,2.15,ACTIVE
2024-09,LN2099,Consumer - KPR Subsidi,1266.73,278.13,1,5.58,1.29,ACTIVE
2024-09,LN2100,Consumer - KPR Non Subsidi,1107.37,243.14,1,8.64,1.75,ACTIVE
2024-09,LN2101,Consumer - KPR Subsidi,591.9,129.96,1,4.88,0.53,ACTIVE
2024-09,LN2102,Consumer - KPR Subsidi,1074.76,235.98,1,5.32,1.05,ACTIVE
2024-09,LN2103,Consumer - KPR Non Subsidi,958.12,210.37,1,8.42,1.48,ACTIVE
2024-09,LN2104,Consumer - Multimanfaat,887.88,194.95,1,9.34,1.52,ACTIVE
2024-09,LN2105,Commercial - Investasi,1136.57,249.55,1,8.24,1.71,ACTIVE
2024-09,LN2106,Consumer - KPR Subsidi,1531.5,336.26,1,5.04,1.41,ACTIVE
2024-09,LN2107,Consumer - KPR Non Subsidi,629.51,138.22,1,9.0,1.04,ACTIVE
2024-09,LN2108,Consumer - KPR Non Subsidi,1029.01,225.93,2,8.68,1.63,ACTIVE
2024-09,LN2109,Commercial - Investasi,1006.58,221.01,1,8.71,1.6,ACTIVE
2024-09,LN2110,Consumer - KPR Subsidi,1774.75,389.67,1,4.49,1.46,ACTIVE
2024-09,LN2111,Consumer - KPR Subsidi,1740.03,382.05,1,5.12,1.63,ACTIVE
2024-09,LN2112,Commercial - Investasi,974.58,213.98,1,9.11,1.62,ACTIVE
2024-09,LN2113,Consumer - KPR Non Subsidi,940.0,206.39,2,7.91,1.36,ACTIVE
2024-09,LN2114,Consumer - KPR Subsidi,1170.27,256.95,1,4.76,1.02,ACTIVE
2024-09,LN2116,Consumer - KPR Non Subsidi,1775.18,389.77,1,8.6,2.79,ACTIVE
2024-09,LN2117,Consumer - KPR Subsidi,747.36,164.09,1,4.96,0.68,ACTIVE
2024-09,LN2118,Commercial - Investasi,972.65,213.56,1,9.18,1.63,ACTIVE
2024-09,LN2119,Commercial - Modal Kerja,448.44,98.46,1,8.55,0.7,ACTIVE
2024-09,LN2120,Consumer - KPR Non Subsidi,678.29,148.93,1,9.1,1.13,ACTIVE
2024-09,LN2121,Commercial - Konstruksi,1576.9,346.23,1,10.49,3.03,ACTIVE
2024-09,LN2123,Commercial - Investasi,1341.67,294.58,1,8.99,2.21,ACTIVE
2024-09,LN2124,Consumer - Non KPR,1563.64,343.32,1,10.51,3.01,ACTIVE
2024-09,LN2125,Consumer - KPR Subsidi,1687.25,370.46,3,5.27,1.63,ACTIVE
2024-09,LN2126,Commercial - Investasi,1016.2,223.12,1,8.42,1.57,ACTIVE
2024-09,LN2127,Consumer - KPR Non Subsidi,1141.56,250.65,1,8.42,1.76,ACTIVE
2024-09,LN2128,Consumer - KPR Non Subsidi,621.43,136.44,1,8.92,1.01,ACTIVE
2024-09,LN2129,Commercial - Konstruksi,1849.3,406.04,1,9.51,3.22,ACTIVE
2024-09,LN2130,Consumer - KPR Non Subsidi,714.99,156.99,1,8.72,1.14,ACTIVE
2024-09,LN2131,Consumer - KPR Subsidi,916.19,201.16,1,5.17,0.87,ACTIVE
2024-09,LN2132,Consumer - Non KPR,1244.06,273.15,1,10.3,2.34,ACTIVE
2024-09,LN2133,Commercial - Konstruksi,1727.28,379.25,1,9.66,3.05,ACTIVE
2024-09,LN2134,Consumer - KPR Subsidi,567.24,124.55,1,4.93,0.51,ACTIVE
2024-09,LN2135,Commercial - Modal Kerja,1402.25,307.89,1,8.97,2.3,ACTIVE
2024-09,LN2136,Consumer - Non KPR,785.96,172.57,1,10.43,1.5,ACTIVE
2024-09,LN2137,Commercial - Investasi,1229.52,269.96,1,9.27,2.09,ACTIVE
2024-09,LN2138,Consumer - KPR Non Subsidi,1687.86,370.6,1,8.92,2.75,ACTIVE
2024-09,LN2139,Commercial - Modal Kerja,1280.55,281.16,1,9.6,2.25,ACTIVE
2024-09,LN2140,Consumer - KPR Non Subsidi,1298.65,285.14,1,8.32,1.98,ACTIVE
2024-09,LN2141,Consumer - Non KPR,1646.82,361.58,1,10.21,3.08,ACTIVE
2024-09,LN2142,Consumer - Multimanfaat,454.32,99.75,1,8.93,0.74,ACTIVE
2024-09,LN2144,Commercial - Investasi,1150.9,239.8,2,9.18,1.83,ACTIVE
2024-09,LN2145,Consumer - Multimanfaat,882.18,177.88,1,9.47,1.4,ACTIVE
2024-09,LN2146,Commercial - Modal Kerja,1366.91,294.0,1,8.5,2.08,ACTIVE
2024-09,LN2147,Consumer - KPR Subsidi,749.58,162.9,1,4.73,0.64,ACTIVE
2024-09,LN2148,Commercial - Modal Kerja,1388.78,280.04,1,9.34,2.18,ACTIVE
2024-09,LN2149,Consumer - Multimanfaat,1439.56,296.73,1,9.41,2.33,ACTIVE
2024-09,LN2150,Consumer - KPR Non Subsidi,1718.03,365.67,3,8.07,2.46,ACTIVE
2024-09,LN2151,Consumer - KPR Subsidi,1125.23,229.41,1,4.75,0.91,ACTIVE
2024-09,LN2152,Consumer - Multimanfaat,1182.67,243.77,1,9.44,1.92,ACTIVE
2024-09,LN2153,Commercial - Modal Kerja,1387.78,304.71,1,8.78,2.23,ACTIVE
2024-09,LN2154,Consumer - KPR Subsidi,1760.23,370.71,1,5.16,1.59,ACTIVE
2024-09,LN2155,Consumer - KPR Non Subsidi,1512.51,315.15,1,8.79,2.31,ACTIVE
2024-09,LN2156,Commercial - Modal Kerja,1020.53,210.35,1,9.36,1.64,ACTIVE
2024-09,LN2157,Consumer - KPR Subsidi,609.28,125.59,1,4.55,0.48,ACTIVE
2024-09,LN2158,Commercial - Konstruksi,811.45,170.89,1,9.76,1.39,ACTIVE
2024-09,LN2159,Consumer - KPR Non Subsidi,622.87,128.39,1,8.63,0.92,ACTIVE
2024-09,LN2160,Consumer - Non KPR,1072.67,230.71,1,10.45,2.01,ACTIVE
2024-09,LN2161,Consumer - Multimanfaat,1220.17,259.71,1,9.89,2.14,ACTIVE
2024-09,LN2162,Consumer - Non KPR,1513.41,311.95,1,10.22,2.66,ACTIVE
2024-09,LN2163,Commercial - Modal Kerja,537.53,112.0,1,9.58,0.89,ACTIVE
2024-09,LN2164,Consumer - KPR Subsidi,924.17,190.49,1,4.46,0.71,ACTIVE
2024-09,LN2165,Consumer - KPR Subsidi,1396.57,306.64,1,5.03,1.29,ACTIVE
2024-09,LN2166,Commercial - Investasi,912.44,186.03,2,8.29,1.29,ACTIVE
2024-09,LN2167,Commercial - Modal Kerja,1142.1,243.09,1,8.41,1.7,ACTIVE
2024-09,LN2168,Commercial - Modal Kerja,905.27,196.74,1,8.46,1.39,ACTIVE
2024-09,LN2169,Commercial - Konstruksi,2091.54,454.54,2,10.04,3.8,ACTIVE
2024-09,LN2170,Consumer - KPR Non Subsidi,504.72,107.43,1,9.06,0.81,ACTIVE
2024-09,LN2171,Commercial - Modal Kerja,1456.31,300.18,2,8.81,2.2,ACTIVE
2024-09,LN2172,Consumer - Multimanfaat,1091.29,239.61,3,9.87,1.97,ACTIVE
2024-09,LN2173,Commercial - Modal Kerja,398.42,83.91,1,8.6,0.6,ACTIVE
2024-09,LN2174,Commercial - Investasi,1588.92,334.63,1,8.39,2.34,ACTIVE
2024-09,LN2175,Consumer - KPR Non Subsidi,1238.72,263.65,1,8.84,1.94,ACTIVE
2024-09,LN2176,Consumer - KPR Subsidi,1430.23,301.21,1,4.76,1.19,ACTIVE
2024-09,LN2177,Commercial - Investasi,1506.89,307.23,1,8.86,2.27,ACTIVE
2024-09,LN2178,Consumer - Multimanfaat,1560.01,342.52,2,9.86,2.81,ACTIVE
2024-09,LN2179,Consumer - KPR Subsidi,959.85,193.55,1,4.65,0.75,ACTIVE
2024-09,LN2180,Consumer - Non KPR,1719.16,377.47,1,10.16,3.2,ACTIVE
2024-09,LN2181,Consumer - KPR Subsidi,657.74,142.94,1,4.79,0.57,ACTIVE
2024-09,LN2182,Consumer - Non KPR,891.27,193.7,1,10.16,1.64,ACTIVE
2024-09,LN2183,Commercial - Modal Kerja,725.65,159.33,1,9.1,1.21,ACTIVE
2024-09,LN2184,Consumer - KPR Non Subsidi,1335.74,293.28,1,8.1,1.98,ACTIVE
2024-09,LN2185,Consumer - KPR Non Subsidi,1494.79,311.46,1,7.91,2.05,ACTIVE
2024-09,LN2186,Consumer - KPR Subsidi,1136.05,244.35,2,4.42,0.9,ACTIVE
2024-09,LN2187,Consumer - KPR Subsidi,1693.87,364.32,2,5.2,1.58,ACTIVE
2024-09,LN2188,Consumer - Non KPR,1166.73,235.26,2,10.39,2.04,ACTIVE
2024-09,LN2189,Consumer - KPR Subsidi,1674.99,352.76,1,5.37,1.58,ACTIVE
2024-09,LN2190,Consumer - KPR Non Subsidi,1631.84,347.33,1,8.88,2.57,ACTIVE
2024-09,LN2191,Commercial - Investasi,580.86,121.03,1,8.56,0.86,ACTIVE
2024-09,LN2192,Commercial - Modal Kerja,1467.09,302.4,1,9.15,2.31,ACTIVE
2024-09,LN2193,Consumer - KPR Subsidi,530.87,111.8,1,4.79,0.45,ACTIVE
2024-09,LN2194,Consumer - KPR Subsidi,689.74,142.17,1,4.5,0.53,ACTIVE
2024-09,LN2195,Commercial - Konstruksi,1629.38,350.45,1,9.57,2.79,ACTIVE
2024-09,LN2196,Commercial - Investasi,1179.39,256.31,1,8.36,1.79,ACTIVE
2024-09,LN2197,Consumer - KPR Non Subsidi,752.56,165.24,1,8.83,1.22,ACTIVE
2024-09,LN2198,Consumer - KPR Non Subsidi,1473.67,313.66,1,9.05,2.37,ACTIVE
2024-09,LN2199,Commercial - Modal Kerja,712.59,151.67,2,9.05,1.14,ACTIVE
2024-09,LN2200,Consumer - Non KPR,517.38,108.96,1,10.61,0.96,ACTIVE
2024-09,LN2201,Commercial - Konstruksi,976.65,210.06,1,10.55,1.85,ACTIVE
2024-09,LN2202,Commercial - Konstruksi,1128.87,230.16,1,9.45,1.81,ACTIVE
2024-09,LN2203,Commercial - Investasi,1207.8,248.95,1,8.68,1.8,ACTIVE
2024-10,LN2025,Commercial - Investasi,1441.07,309.54,1,8.44,2.18,ACTIVE
2024-10,LN2026,Consumer - KPR Non Subsidi,1497.01,321.55,1,8.92,2.39,ACTIVE
2024-10,LN2027,Consumer - KPR Subsidi,1406.44,302.1,1,4.93,1.24,ACTIVE
2024-10,LN2028,Commercial - Investasi,669.74,143.86,1,9.1,1.09,ACTIVE
2024-10,LN2029,Consumer - KPR Non Subsidi,1782.56,382.89,2,8.63,2.75,ACTIVE
2024-10,LN2030,Commercial - Investasi,722.1,155.11,2,8.46,1.09,ACTIVE
2024-10,LN2031,Commercial - Investasi,495.23,106.37,1,8.26,0.73,ACTIVE
2024-10,LN2032,Commercial - Investasi,1189.7,255.55,1,8.96,1.91,ACTIVE
2024-10,LN2033,Consumer - KPR Subsidi,1443.01,309.96,1,4.68,1.21,ACTIVE
2024-10,LN2034,Commercial - Investasi,1317.68,283.04,1,8.17,1.93,ACTIVE
2024-10,LN2035,Consumer - KPR Subsidi,1712.29,367.8,2,4.99,1.53,ACTIVE
2024-10,LN2036,Consumer - KPR Subsidi,1796.41,385.87,1,5.18,1.67,ACTIVE
2024-10,LN2037,Consumer - Multimanfaat,1543.95,331.64,1,9.04,2.5,ACTIVE
2024-10,LN2038,Consumer - KPR Subsidi,1054.46,226.5,1,4.85,0.92,ACTIVE
2024-10,LN2039,Consumer - KPR Subsidi,516.38,110.92,1,4.53,0.42,ACTIVE
2024-10,LN2040,Consumer - KPR Non Subsidi,851.69,182.94,2,8.23,1.25,ACTIVE
2024-10,LN2041,Consumer - KPR Non Subsidi,1652.31,354.91,1,8.45,2.5,ACTIVE
2024-10,LN2042,Commercial - Modal Kerja,1084.09,232.86,1,9.2,1.79,ACTIVE
2024-10,LN2043,Commercial - Modal Kerja,645.35,138.62,1,9.59,1.11,ACTIVE
2024-10,LN2044,Commercial - Modal Kerja,377.2,81.02,1,8.85,0.6,ACTIVE
2024-10,LN2045,Commercial - Modal Kerja,1278.93,274.71,1,8.97,2.05,ACTIVE
2024-10,LN2046,Consumer - KPR Subsidi,1373.17,294.95,1,5.44,1.34,ACTIVE
2024-10,LN2047,Commercial - Konstruksi,1591.3,341.81,1,10.46,2.98,ACTIVE
2024-10,LN2048,Commercial - Modal Kerja,433.25,93.06,2,8.41,0.65,ACTIVE
2024-10,LN2049,Commercial - Konstruksi,1247.08,267.87,1,10.53,2.35,ACTIVE
2024-10,LN2050,Commercial - Modal Kerja,946.22,203.25,2,9.03,1.53,ACTIVE
2024-10,LN2051,Consumer - KPR Subsidi,812.2,174.46,1,4.68,0.68,ACTIVE
2024-10,LN2053,Commercial - Investasi,1304.17,280.13,1,9.19,2.15,ACTIVE
2024-10,LN2054,Consumer - KPR Non Subsidi,1276.06,274.1,1,8.84,2.02,ACTIVE
2024-10,LN2055,Commercial - Konstruksi,1633.64,350.9,1,9.86,2.88,ACTIVE
2024-10,LN2056,Consumer - KPR Subsidi,1154.42,247.97,1,4.84,1.0,ACTIVE
2024-10,LN2057,Commercial - Investasi,393.22,84.46,1,8.74,0.62,ACTIVE
2024-10,LN2058,Commercial - Konstruksi,921.76,197.99,1,10.31,1.7,ACTIVE
2024-10,LN2060,Commercial - Investasi,849.97,182.57,1,8.72,1.33,ACTIVE
2024-10,LN2061,Consumer - KPR Non Subsidi,1120.23,240.62,1,8.24,1.65,ACTIVE
2024-10,LN2062,Consumer - KPR Non Subsidi,625.14,134.28,1,8.42,0.94,ACTIVE
2024-10,LN2063,Commercial - Investasi,742.11,159.4,3,8.41,1.12,ACTIVE
2024-10,LN2064,Commercial - Investasi,1111.02,238.64,1,9.29,1.85,ACTIVE
2024-10,LN2065,Consumer - KPR Non Subsidi,678.9,145.83,1,8.76,1.06,ACTIVE
2024-10,LN2066,Consumer - KPR Subsidi,1125.14,241.68,1,5.42,1.09,ACTIVE
2024-10,LN2067,Consumer - KPR Subsidi,1329.45,285.56,1,5.54,1.32,ACTIVE
2024-10,LN2068,Consumer - KPR Subsidi,939.95,201.9,1,4.77,0.8,ACTIVE
2024-10,LN2069,Consumer - KPR Non Subsidi,1731.13,371.84,1,8.46,2.62,ACTIVE
2024-10,LN2070,Consumer - KPR Non Subsidi,1642.02,352.7,1,8.55,2.51,ACTIVE
2024-10,LN2071,Consumer - Multimanfaat,508.27,109.18,1,9.91,0.9,ACTIVE
2024-10,LN2072,Commercial - Investasi,1475.32,316.9,1,8.73,2.31,ACTIVE
2024-10,LN2074,Commercial - Konstruksi,894.99,192.24,1,10.54,1.69,ACTIVE
2024-10,LN2075,Consumer - Non KPR,997.02,214.16,1,10.48,1.87,ACTIVE
2024-10,LN2076,Commercial - Investasi,1077.94,231.54,1,8.76,1.69,ACTIVE
2024-10,LN2077,Commercial - Modal Kerja,916.66,196.9,1,8.55,1.4,ACTIVE
2024-10,LN2078,Commercial - Konstruksi,2139.28,459.48,3,10.51,4.02,ACTIVE
2024-10,LN2079,Consumer - Multimanfaat,706.8,151.82,1,10.07,1.27,ACTIVE
2024-10,LN2081,Commercial - Konstruksi,1881.11,404.06,1,9.85,3.32,ACTIVE
2024-10,LN2082,Consumer - KPR Non Subsidi,512.48,110.08,1,8.97,0.82,ACTIVE
2024-10,LN2083,Consumer - KPR Non Subsidi,1790.38,384.57,1,8.05,2.58,ACTIVE
2024-10,LN2084,Consumer - KPR Subsidi,824.51,177.1,5,5.15,0.76,ACTIVE
2024-10,LN2085,Consumer - KPR Non Subsidi,1009.19,216.77,1,8.05,1.45,ACTIVE
2024-10,LN2086,Commercial - Investasi,1317.8,283.06,1,8.97,2.12,ACTIVE
2024-10,LN2088,Commercial - Konstruksi,1530.17,328.68,1,9.5,2.6,ACTIVE
2024-10,LN2089,Consumer - Non KPR,970.66,208.5,1,10.5,1.82,ACTIVE
2024-10,LN2090,Consumer - Multimanfaat,1369.66,294.2,1,9.46,2.32,ACTIVE
2024-10,LN2091,Consumer - KPR Non Subsidi,1760.12,378.07,1,8.38,2.64,ACTIVE
2024-10,LN2092,Consumer - Multimanfaat,1211.81,260.29,2,8.96,1.94,ACTIVE
2024-10,LN2093,Consumer - KPR Non Subsidi,833.35,179.0,1,9.08,1.35,ACTIVE
2024-10,LN2094,Commercial - Modal Kerja,1466.29,314.96,1,9.33,2.45,ACTIVE
2024-10,LN2095,Consumer - KPR Subsidi,1556.61,334.36,1,5.25,1.46,ACTIVE
2024-10,LN2096,Consumer - KPR Subsidi,630.76,135.49,1,5.17,0.58,ACTIVE
2024-10,LN2097,Consumer - KPR Non Subsidi,1647.96,353.98,1,8.75,2.58,ACTIVE
2024-10,LN2098,Consumer - Non KPR,1100.34,236.35,1,10.66,2.1,ACTIVE
2024-10,LN2099,Consumer - KPR Subsidi,1266.73,272.09,1,5.58,1.27,ACTIVE
2024-10,LN2100,Consumer - KPR Non Subsidi,1107.37,237.86,1,8.64,1.71,ACTIVE
2024-10,LN2101,Consumer - KPR Subsidi,591.9,127.14,1,4.88,0.52,ACTIVE
2024-10,LN2102,Consumer - KPR Subsidi,1074.76,230.86,1,5.32,1.02,ACTIVE
2024-10,LN2103,Consumer - KPR Non Subsidi,958.12,205.8,1,8.42,1.44,ACTIVE
2024-10,LN2104,Consumer - Multimanfaat,887.88,190.71,1,9.34,1.48,ACTIVE
2024-10,LN2105,Commercial - Investasi,1136.57,244.13,1,8.24,1.68,ACTIVE
2024-10,LN2106,Consumer - KPR Subsidi,1531.5,328.96,1,5.04,1.38,ACTIVE
2024-10,LN2107,Consumer - KPR Non Subsidi,629.51,135.22,1,9.0,1.01,ACTIVE
2024-10,LN2108,Consumer - KPR Non Subsidi,1029.01,221.03,2,8.68,1.6,ACTIVE
2024-10,LN2109,Commercial - Investasi,1006.58,216.21,1,8.71,1.57,ACTIVE
2024-10,LN2110,Consumer - KPR Subsidi,1774.75,381.21,1,4.49,1.43,ACTIVE
2024-10,LN2111,Consumer - KPR Subsidi,1740.03,373.76,1,5.12,1.59,ACTIVE
2024-10,LN2112,Commercial - Investasi,974.58,209.34,1,9.11,1.59,ACTIVE
2024-10,LN2113,Consumer - KPR Non Subsidi,940.0,201.91,2,7.91,1.33,ACTIVE
2024-10,LN2114,Consumer - KPR Subsidi,1170.27,251.37,1,4.76,1.0,ACTIVE
2024-10,LN2116,Consumer - KPR Non Subsidi,1775.18,381.31,1,8.6,2.73,ACTIVE
2024-10,LN2117,Consumer - KPR Subsidi,747.36,160.53,1,4.96,0.66,ACTIVE
2024-10,LN2118,Commercial - Investasi,972.65,208.92,1,9.18,1.6,ACTIVE
2024-10,LN2119,Commercial - Modal Kerja,448.44,96.32,1,8.55,0.69,ACTIVE
2024-10,LN2120,Consumer - KPR Non Subsidi,678.29,145.7,1,9.1,1.1,ACTIVE
2024-10,LN2121,Commercial - Konstruksi,1576.9,338.72,1,10.49,2.96,ACTIVE
2024-10,LN2123,Commercial - Investasi,1341.67,288.19,1,8.99,2.16,ACTIVE
2024-10,LN2124,Consumer - Non KPR,1563.64,335.87,1,10.51,2.94,ACTIVE
2024-10,LN2125,Consumer - KPR Subsidi,1687.25,362.42,3,5.27,1.59,ACTIVE
2024-10,LN2126,Commercial - Investasi,1016.2,218.28,1,8.42,1.53,ACTIVE
2024-10,LN2127,Consumer - KPR Non Subsidi,1141.56,245.2,1,8.42,1.72,ACTIVE
2024-10,LN2128,Consumer - KPR Non Subsidi,621.43,133.48,1,8.92,0.99,ACTIVE
2024-10,LN2129,Commercial - Konstruksi,1849.3,397.23,1,9.51,3.15,ACTIVE
2024-10,LN2130,Consumer - KPR Non Subsidi,714.99,153.58,1,8.72,1.12,ACTIVE
2024-10,LN2131,Consumer - KPR Subsidi,916.19,196.8,1,5.17,0.85,ACTIVE
2024-10,LN2132,Consumer - Non KPR,1244.06,267.22,1,10.3,2.29,ACTIVE
2024-10,LN2133,Commercial - Konstruksi,1727.28,371.02,1,9.66,2.99,ACTIVE
2024-10,LN2134,Consumer - KPR Subsidi,567.24,121.84,1,4.93,0.5,ACTIVE
2024-10,LN2135,Commercial - Modal Kerja,1402.25,301.2,1,8.97,2.25,ACTIVE
2024-10,LN2137,Commercial - Investasi,1229.52,264.1,1,9.27,2.04,ACTIVE
2024-10,LN2138,Consumer - KPR Non Subsidi,1687.86,362.55,1,8.92,2.69,ACTIVE
2024-10,LN2139,Commercial - Modal Kerja,1280.55,275.06,1,9.6,2.2,ACTIVE
2024-10,LN2140,Consumer - KPR Non Subsidi,1298.65,278.95,1,8.32,1.93,ACTIVE
2024-10,LN2141,Consumer - Non KPR,1646.82,353.73,1,10.21,3.01,ACTIVE
2024-10,LN2142,Consumer - Multimanfaat,454.32,97.59,1,8.93,0.73,ACTIVE
2024-10,LN2144,Commercial - Investasi,1150.9,234.73,2,9.18,1.8,ACTIVE
2024-10,LN2145,Consumer - Multimanfaat,882.18,174.18,1,9.47,1.37,ACTIVE
2024-10,LN2146,Commercial - Modal Kerja,1366.91,287.68,1,8.5,2.04,ACTIVE
2024-10,LN2147,Consumer - KPR Subsidi,749.58,159.38,1,4.73,0.63,ACTIVE
2024-10,LN2148,Commercial - Modal Kerja,1388.78,274.2,1,9.34,2.13,ACTIVE
2024-10,LN2149,Consumer - Multimanfaat,1439.56,290.47,1,9.41,2.28,ACTIVE
2024-10,LN2150,Consumer - KPR Non Subsidi,1718.03,357.85,3,8.07,2.41,ACTIVE
2024-10,LN2151,Consumer - KPR Subsidi,1125.23,224.61,1,4.75,0.89,ACTIVE
2024-10,LN2152,Consumer - Multimanfaat,1182.67,238.64,1,9.44,1.88,ACTIVE
2024-10,LN2153,Commercial - Modal Kerja,1387.78,298.09,1,8.78,2.18,ACTIVE
2024-10,LN2154,Consumer - KPR Subsidi,1760.23,362.82,1,5.16,1.56,ACTIVE
2024-10,LN2155,Consumer - KPR Non Subsidi,1512.51,308.48,1,8.79,2.26,ACTIVE
2024-10,LN2156,Commercial - Modal Kerja,1020.53,205.92,1,9.36,1.61,ACTIVE
2024-10,LN2157,Consumer - KPR Subsidi,609.28,122.94,1,4.55,0.47,ACTIVE
2024-10,LN2158,Commercial - Konstruksi,811.45,167.26,1,9.76,1.36,ACTIVE
2024-10,LN2159,Consumer - KPR Non Subsidi,622.87,125.68,1,8.63,0.9,ACTIVE
2024-10,LN2160,Consumer - Non KPR,1072.67,225.75,1,10.45,1.97,ACTIVE
2024-10,LN2161,Consumer - Multimanfaat,1220.17,254.15,1,9.89,2.09,ACTIVE
2024-10,LN2162,Consumer - Non KPR,1513.41,305.38,1,10.22,2.6,ACTIVE
2024-10,LN2163,Commercial - Modal Kerja,537.53,109.63,1,9.58,0.88,ACTIVE
2024-10,LN2164,Consumer - KPR Subsidi,924.17,186.48,1,4.46,0.69,ACTIVE
2024-10,LN2165,Consumer - KPR Subsidi,1396.57,299.98,1,5.03,1.26,ACTIVE
2024-10,LN2166,Commercial - Investasi,912.44,182.13,2,8.29,1.26,ACTIVE
2024-10,LN2167,Commercial - Modal Kerja,1142.1,237.89,1,8.41,1.67,ACTIVE
2024-10,LN2168,Commercial - Modal Kerja,905.27,192.49,1,8.46,1.36,ACTIVE
2024-10,LN2169,Commercial - Konstruksi,2091.54,444.72,2,10.04,3.72,ACTIVE
2024-10,LN2170,Consumer - KPR Non Subsidi,504.72,105.13,1,9.06,0.79,ACTIVE
2024-10,LN2171,Commercial - Modal Kerja,1456.31,293.85,2,8.81,2.16,ACTIVE
2024-10,LN2172,Consumer - Multimanfaat,1091.29,234.41,3,9.87,1.93,ACTIVE
2024-10,LN2173,Commercial - Modal Kerja,398.42,82.12,1,8.6,0.59,ACTIVE
2024-10,LN2174,Commercial - Investasi,1588.92,327.51,1,8.39,2.29,ACTIVE
2024-10,LN2175,Consumer - KPR Non Subsidi,1238.72,258.01,1,8.84,1.9,ACTIVE
2024-10,LN2176,Consumer - KPR Subsidi,1430.23,294.8,1,4.76,1.17,ACTIVE
2024-10,LN2177,Commercial - Investasi,1506.89,300.79,1,8.86,2.22,ACTIVE
2024-10,LN2178,Consumer - Multimanfaat,1560.01,335.09,2,9.86,2.75,ACTIVE
2024-10,LN2179,Consumer - KPR Subsidi,959.85,189.51,1,4.65,0.73,ACTIVE
2024-10,LN2180,Consumer - Non KPR,1719.16,369.27,1,10.16,3.13,ACTIVE
2024-10,LN2181,Consumer - KPR Subsidi,657.74,139.85,1,4.79,0.56,ACTIVE
2024-10,LN2182,Consumer - Non KPR,891.27,189.51,1,10.16,1.6,ACTIVE
2024-10,LN2183,Commercial - Modal Kerja,725.65,155.87,1,9.1,1.18,ACTIVE
2024-10,LN2184,Consumer - KPR Non Subsidi,1335.74,286.91,1,8.1,1.94,ACTIVE
2024-10,LN2185,Consumer - KPR Non Subsidi,1494.79,304.86,1,7.91,2.01,ACTIVE
2024-10,LN2186,Consumer - KPR Subsidi,1136.05,239.09,2,4.42,0.88,ACTIVE
2024-10,LN2187,Consumer - KPR Subsidi,1693.87,356.49,2,5.2,1.54,ACTIVE
2024-10,LN2188,Consumer - Non KPR,1166.73,230.36,2,10.39,1.99,ACTIVE
2024-10,LN2189,Consumer - KPR Subsidi,1674.99,345.25,1,5.37,1.54,ACTIVE
2024-10,LN2190,Consumer - KPR Non Subsidi,1631.84,339.89,1,8.88,2.52,ACTIVE
2024-10,LN2191,Commercial - Investasi,580.86,118.47,1,8.56,0.85,ACTIVE
2024-10,LN2192,Commercial - Modal Kerja,1467.09,296.03,1,9.15,2.26,ACTIVE
2024-10,LN2193,Consumer - KPR Subsidi,530.87,109.42,1,4.79,0.44,ACTIVE
2024-10,LN2194,Consumer - KPR Subsidi,689.74,139.18,1,4.5,0.52,ACTIVE
2024-10,LN2195,Commercial - Konstruksi,1629.38,342.92,1,9.57,2.73,ACTIVE
2024-10,LN2196,Commercial - Investasi,1179.39,250.77,1,8.36,1.75,ACTIVE
2024-10,LN2197,Consumer - KPR Non Subsidi,752.56,161.65,1,8.83,1.19,ACTIVE
2024-10,LN2198,Consumer - KPR Non Subsidi,1473.67,306.95,1,9.05,2.31,ACTIVE
2024-10,LN2199,Commercial - Modal Kerja,712.59,148.42,2,9.05,1.12,ACTIVE
2024-10,LN2200,Consumer - Non KPR,517.38,106.64,1,10.61,0.94,ACTIVE
2024-10,LN2201,Commercial - Konstruksi,976.65,205.54,1,10.55,1.81,ACTIVE
2024-10,LN2202,Commercial - Konstruksi,1128.87,225.33,1,9.45,1.77,ACTIVE
2024-10,LN2203,Commercial - Investasi,1207.8,243.71,1,8.68,1.76,ACTIVE
2024-10,LN2204,Consumer - KPR Subsidi,911.51,177.99,1,4.64,0.69,ACTIVE
2024-10,LN2208,Commercial - Modal Kerja,531.1,103.71,1,9.42,0.81,ACTIVE
2024-10,LN2214,Commercial - Konstruksi,910.34,177.76,1,9.97,1.48,ACTIVE
2024-10,LN2216,Consumer - KPR Non Subsidi,588.11,114.84,1,8.9,0.85,ACTIVE
2024-10,LN2218,Commercial - Modal Kerja,1497.36,292.39,2,8.71,2.12,ACTIVE
2024-10,LN2223,Consumer - KPR Non Subsidi,1264.91,247.0,2,9.07,1.87,ACTIVE
2024-10,LN2227,Commercial - Konstruksi,1548.12,302.3,1,9.76,2.46,ACTIVE
2024-11,LN2025,Commercial - Investasi,1441.07,311.13,1,8.44,2.19,ACTIVE
2024-11,LN2026,Consumer - KPR Non Subsidi,1497.01,323.21,1,8.92,2.4,ACTIVE
2024-11,LN2027,Consumer - KPR Subsidi,1406.44,303.65,1,4.93,1.25,ACTIVE
2024-11,LN2028,Commercial - Investasi,669.74,144.6,1,9.1,1.1,ACTIVE
2024-11,LN2029,Consumer - KPR Non Subsidi,1782.56,384.86,2,8.63,2.77,ACTIVE
2024-11,LN2030,Commercial - Investasi,722.1,155.9,2,8.46,1.1,ACTIVE
2024-11,LN2031,Commercial - Investasi,495.23,106.92,1,8.26,0.74,ACTIVE
2024-11,LN2032,Commercial - Investasi,1189.7,256.86,1,8.96,1.92,ACTIVE
2024-11,LN2033,Consumer - KPR Subsidi,1443.01,311.55,1,4.68,1.22,ACTIVE
2024-11,LN2034,Commercial - Investasi,1317.68,284.49,1,8.17,1.94,ACTIVE
2024-11,LN2035,Consumer - KPR Subsidi,1712.29,369.68,2,4.99,1.54,ACTIVE
2024-11,LN2036,Consumer - KPR Subsidi,1796.41,387.85,1,5.18,1.67,ACTIVE
2024-11,LN2037,Consumer - Multimanfaat,1543.95,333.34,1,9.04,2.51,ACTIVE
2024-11,LN2038,Consumer - KPR Subsidi,1054.46,227.66,1,4.85,0.92,ACTIVE
2024-11,LN2039,Consumer - KPR Subsidi,516.38,111.49,1,4.53,0.42,ACTIVE
2024-11,LN2040,Consumer - KPR Non Subsidi,851.69,183.88,2,8.23,1.26,ACTIVE
2024-11,LN2041,Consumer - KPR Non Subsidi,1652.31,356.74,1,8.45,2.51,ACTIVE
2024-11,LN2042,Commercial - Modal Kerja,1084.09,234.06,1,9.2,1.79,ACTIVE
2024-11,LN2043,Commercial - Modal Kerja,645.35,139.33,1,9.59,1.11,ACTIVE
2024-11,LN2044,Commercial - Modal Kerja,377.2,81.44,1,8.85,0.6,ACTIVE
2024-11,LN2045,Commercial - Modal Kerja,1278.93,276.12,1,8.97,2.06,ACTIVE
2024-11,LN2046,Consumer - KPR Subsidi,1373.17,296.47,1,5.44,1.34,ACTIVE
2024-11,LN2047,Commercial - Konstruksi,1591.3,343.56,1,10.46,2.99,ACTIVE
2024-11,LN2048,Commercial - Modal Kerja,433.25,93.54,2,8.41,0.66,ACTIVE
2024-11,LN2049,Commercial - Konstruksi,1247.08,269.25,1,10.53,2.36,ACTIVE
2024-11,LN2050,Commercial - Modal Kerja,946.22,204.29,2,9.03,1.54,ACTIVE
2024-11,LN2051,Consumer - KPR Subsidi,812.2,175.35,1,4.68,0.68,ACTIVE
2024-11,LN2053,Commercial - Investasi,1304.17,281.57,1,9.19,2.16,ACTIVE
2024-11,LN2054,Consumer - KPR Non Subsidi,1276.06,275.5,1,8.84,2.03,ACTIVE
2024-11,LN2055,Commercial - Konstruksi,1633.64,352.7,1,9.86,2.9,ACTIVE
2024-11,LN2056,Consumer - KPR Subsidi,1154.42,249.24,1,4.84,1.01,ACTIVE
2024-11,LN2057,Commercial - Investasi,393.22,84.9,1,8.74,0.62,ACTIVE
2024-11,LN2058,Commercial - Konstruksi,921.76,199.01,1,10.31,1.71,ACTIVE
2024-11,LN2060,Commercial - Investasi,849.97,183.51,1,8.72,1.33,ACTIVE
2024-11,LN2061,Consumer - KPR Non Subsidi,1120.23,241.86,1,8.24,1.66,ACTIVE
2024-11,LN2062,Consumer - KPR Non Subsidi,625.14,134.97,1,8.42,0.95,ACTIVE
2024-11,LN2063,Commercial - Investasi,742.11,160.22,3,8.41,1.12,ACTIVE
2024-11,LN2064,Commercial - Investasi,1111.02,239.87,1,9.29,1.86,ACTIVE
2024-11,LN2065,Consumer - KPR Non Subsidi,678.9,146.58,1,8.76,1.07,ACTIVE
2024-11,LN2066,Consumer - KPR Subsidi,1125.14,242.92,1,5.42,1.1,ACTIVE
2024-11,LN2067,Consumer - KPR Subsidi,1329.45,287.03,1,5.54,1.33,ACTIVE
2024-11,LN2068,Consumer - KPR Subsidi,939.95,202.94,1,4.77,0.81,ACTIVE
2024-11,LN2069,Consumer - KPR Non Subsidi,1731.13,373.75,1,8.46,2.63,ACTIVE
2024-11,LN2070,Consumer - KPR Non Subsidi,1642.02,354.51,1,8.55,2.53,ACTIVE
2024-11,LN2071,Consumer - Multimanfaat,508.27,109.74,1,9.91,0.91,ACTIVE
2024-11,LN2072,Commercial - Investasi,1475.32,318.52,1,8.73,2.32,ACTIVE
2024-11,LN2074,Commercial - Konstruksi,894.99,193.23,1,10.54,1.7,ACTIVE
2024-11,LN2075,Consumer - Non KPR,997.02,215.26,1,10.48,1.88,ACTIVE
2024-11,LN2076,Commercial - Investasi,1077.94,232.73,1,8.76,1.7,ACTIVE
2024-11,LN2077,Commercial - Modal Kerja,916.66,197.91,1,8.55,1.41,ACTIVE
2024-11,LN2078,Commercial - Konstruksi,2139.28,461.87,3,10.51,4.05,ACTIVE
2024-11,LN2079,Consumer - Multimanfaat,706.8,152.6,1,10.07,1.28,ACTIVE
2024-11,LN2081,Commercial - Konstruksi,1881.11,406.13,1,9.85,3.33,ACTIVE
2024-11,LN2082,Consumer - KPR Non Subsidi,512.48,110.64,1,8.97,0.83,ACTIVE
2024-11,LN2083,Consumer - KPR Non Subsidi,1790.38,386.54,1,8.05,2.59,ACTIVE
2024-11,LN2084,Consumer - KPR Subsidi,824.51,178.01,5,5.15,0.76,ACTIVE
2024-11,LN2085,Consumer - KPR Non Subsidi,1009.19,217.88,1,8.05,1.46,ACTIVE
2024-11,LN2086,Commercial - Investasi,1317.8,284.51,1,8.97,2.13,ACTIVE
2024-11,LN2088,Commercial - Konstruksi,1530.17,330.36,1,9.5,2.62,ACTIVE
2024-11,LN2089,Consumer - Non KPR,970.66,209.57,1,10.5,1.83,ACTIVE
2024-11,LN2090,Consumer - Multimanfaat,1369.66,295.71,1,9.46,2.33,ACTIVE
2024-11,LN2091,Consumer - KPR Non Subsidi,1760.12,380.01,1,8.38,2.65,ACTIVE
2024-11,LN2092,Consumer - Multimanfaat,1211.81,261.63,2,8.96,1.95,ACTIVE
2024-11,LN2093,Consumer - KPR Non Subsidi,833.35,179.92,1,9.08,1.36,ACTIVE
2024-11,LN2094,Commercial - Modal Kerja,1466.29,316.57,1,9.33,2.46,ACTIVE
2024-11,LN2095,Consumer - KPR Subsidi,1556.61,336.07,1,5.25,1.47,ACTIVE
2024-11,LN2096,Consumer - KPR Subsidi,630.76,136.18,1,5.17,0.59,ACTIVE
2024-11,LN2097,Consumer - KPR Non Subsidi,1647.96,355.8,1,8.75,2.59,ACTIVE
2024-11,LN2098,Consumer - Non KPR,1100.34,237.56,1,10.66,2.11,ACTIVE
2024-11,LN2099,Consumer - KPR Subsidi,1266.73,273.49,1,5.58,1.27,ACTIVE
2024-11,LN2100,Consumer - KPR Non Subsidi,1107.37,239.08,1,8.64,1.72,ACTIVE
2024-11,LN2102,Consumer - KPR Subsidi,1074.76,232.04,1,5.32,1.03,ACTIVE
2024-11,LN2103,Consumer - KPR Non Subsidi,958.12,206.86,1,8.42,1.45,ACTIVE
2024-11,LN2104,Consumer - Multimanfaat,887.88,191.69,1,9.34,1.49,ACTIVE
2024-11,LN2105,Commercial - Investasi,1136.57,245.39,1,8.24,1.69,ACTIVE
2024-11,LN2106,Consumer - KPR Subsidi,1531.5,330.65,1,5.04,1.39,ACTIVE
2024-11,LN2107,Consumer - KPR Non Subsidi,629.51,135.91,1,9.0,1.02,ACTIVE
2024-11,LN2108,Consumer - KPR Non Subsidi,1029.01,222.16,2,8.68,1.61,ACTIVE
2024-11,LN2109,Commercial - Investasi,1006.58,217.32,1,8.71,1.58,ACTIVE
2024-11,LN2110,Consumer - KPR Subsidi,1774.75,383.17,1,4.49,1.43,ACTIVE
2024-11,LN2111,Consumer - KPR Subsidi,1740.03,375.67,1,5.12,1.6,ACTIVE
2024-11,LN2112,Commercial - Investasi,974.58,210.41,1,9.11,1.6,ACTIVE
2024-11,LN2113,Consumer - KPR Non Subsidi,940.0,202.95,2,7.91,1.34,ACTIVE
2024-11,LN2114,Consumer - KPR Subsidi,1170.27,252.66,1,4.76,1.0,ACTIVE
2024-11,LN2116,Consumer - KPR Non Subsidi,1775.18,383.26,1,8.6,2.75,ACTIVE
2024-11,LN2117,Consumer - KPR Subsidi,747.36,161.36,1,4.96,0.67,ACTIVE
2024-11,LN2118,Commercial - Investasi,972.65,210.0,1,9.18,1.61,ACTIVE
2024-11,LN2119,Commercial - Modal Kerja,448.44,96.82,1,8.55,0.69,ACTIVE
2024-11,LN2120,Consumer - KPR Non Subsidi,678.29,146.44,1,9.1,1.11,ACTIVE
2024-11,LN2121,Commercial - Konstruksi,1576.9,340.45,1,10.49,2.98,ACTIVE
2024-11,LN2123,Commercial - Investasi,1341.67,289.67,1,8.99,2.17,ACTIVE
2024-11,LN2124,Consumer - Non KPR,1563.64,337.59,1,10.51,2.96,ACTIVE
2024-11,LN2125,Consumer - KPR Subsidi,1687.25,364.28,3,5.27,1.6,ACTIVE
2024-11,LN2126,Commercial - Investasi,1016.2,219.4,1,8.42,1.54,ACTIVE
2024-11,LN2127,Consumer - KPR Non Subsidi,1141.56,246.46,1,8.42,1.73,ACTIVE
2024-11,LN2128,Consumer - KPR Non Subsidi,621.43,134.17,1,8.92,1.0,ACTIVE
2024-11,LN2130,Consumer - KPR Non Subsidi,714.99,154.37,1,8.72,1.12,ACTIVE
2024-11,LN2131,Consumer - KPR Subsidi,916.19,197.81,1,5.17,0.85,ACTIVE
2024-11,LN2132,Consumer - Non KPR,1244.06,268.59,1,10.3,2.31,ACTIVE
2024-11,LN2133,Commercial - Konstruksi,1727.28,372.92,1,9.66,3.0,ACTIVE
2024-11,LN2134,Consumer - KPR Subsidi,567.24,122.47,1,4.93,0.5,ACTIVE
2024-11,LN2135,Commercial - Modal Kerja,1402.25,302.75,1,8.97,2.26,ACTIVE
2024-11,LN2137,Commercial - Investasi,1229.52,265.45,1,9.27,2.05,ACTIVE
2024-11,LN2138,Consumer - KPR Non Subsidi,1687.86,364.41,1,8.92,2.71,ACTIVE
2024-11,LN2139,Commercial - Modal Kerja,1280.55,276.47,1,9.6,2.21,ACTIVE
2024-11,LN2140,Consumer - KPR Non Subsidi,1298.65,280.38,1,8.32,1.94,ACTIVE
2024-11,LN2141,Consumer - Non KPR,1646.82,355.55,1,10.21,3.03,ACTIVE
2024-11,LN2142,Consumer - Multimanfaat,454.32,98.09,1,8.93,0.73,ACTIVE
2024-11,LN2144,Commercial - Investasi,1150.9,236.06,2,9.18,1.81,ACTIVE
2024-11,LN2145,Consumer - Multimanfaat,882.18,175.23,1,9.47,1.38,ACTIVE
2024-11,LN2146,Commercial - Modal Kerja,1366.91,289.21,1,8.5,2.05,ACTIVE
2024-11,LN2147,Consumer - KPR Subsidi,749.58,160.22,1,4.73,0.63,ACTIVE
2024-11,LN2148,Commercial - Modal Kerja,1388.78,275.85,1,9.34,2.15,ACTIVE
2024-11,LN2149,Consumer - Multimanfaat,1439.56,292.15,1,9.41,2.29,ACTIVE
2024-11,LN2150,Consumer - KPR Non Subsidi,1718.03,359.8,3,8.07,2.42,ACTIVE
2024-11,LN2151,Consumer - KPR Subsidi,1125.23,225.93,1,4.75,0.89,ACTIVE
2024-11,LN2152,Consumer - Multimanfaat,1182.67,240.02,1,9.44,1.89,ACTIVE
2024-11,LN2153,Commercial - Modal Kerja,1387.78,299.62,1,8.78,2.19,ACTIVE
2024-11,LN2154,Consumer - KPR Subsidi,1760.23,364.83,1,5.16,1.57,ACTIVE
2024-11,LN2155,Consumer - KPR Non Subsidi,1512.51,310.22,1,8.79,2.27,ACTIVE
2024-11,LN2156,Commercial - Modal Kerja,1020.53,207.11,1,9.36,1.62,ACTIVE
2024-11,LN2157,Consumer - KPR Subsidi,609.28,123.65,1,4.55,0.47,ACTIVE
2024-11,LN2158,Commercial - Konstruksi,811.45,168.19,1,9.76,1.37,ACTIVE
2024-11,LN2159,Consumer - KPR Non Subsidi,622.87,126.41,1,8.63,0.91,ACTIVE
2024-11,LN2160,Consumer - Non KPR,1072.67,226.96,1,10.45,1.98,ACTIVE
2024-11,LN2161,Consumer - Multimanfaat,1220.17,255.53,1,9.89,2.11,ACTIVE
2024-11,LN2162,Consumer - Non KPR,1513.41,307.14,1,10.22,2.62,ACTIVE
2024-11,LN2163,Commercial - Modal Kerja,537.53,110.25,1,9.58,0.88,ACTIVE
2024-11,LN2164,Consumer - KPR Subsidi,924.17,187.56,1,4.46,0.7,ACTIVE
2024-11,LN2165,Consumer - KPR Subsidi,1396.57,301.52,1,5.03,1.26,ACTIVE
2024-11,LN2166,Commercial - Investasi,912.44,183.21,2,8.29,1.27,ACTIVE
2024-11,LN2167,Commercial - Modal Kerja,1142.1,239.18,1,8.41,1.68,ACTIVE
2024-11,LN2168,Commercial - Modal Kerja,905.27,193.49,1,8.46,1.36,ACTIVE
2024-11,LN2169,Commercial - Konstruksi,2091.54,447.05,2,10.04,3.74,ACTIVE
2024-11,LN2170,Consumer - KPR Non Subsidi,504.72,105.7,1,9.06,0.8,ACTIVE
2024-11,LN2171,Commercial - Modal Kerja,1456.31,295.55,2,8.81,2.17,ACTIVE
2024-11,LN2172,Consumer - Multimanfaat,1091.29,235.61,3,9.87,1.94,ACTIVE
2024-11,LN2173,Commercial - Modal Kerja,398.42,82.58,1,8.6,0.59,ACTIVE
2024-11,LN2174,Commercial - Investasi,1588.92,329.33,1,8.39,2.3,ACTIVE
2024-11,LN2175,Consumer - KPR Non Subsidi,1238.72,259.42,1,8.84,1.91,ACTIVE
2024-11,LN2176,Consumer - KPR Subsidi,1430.23,296.44,1,4.76,1.18,ACTIVE
2024-11,LN2177,Commercial - Investasi,1506.89,302.57,1,8.86,2.23,ACTIVE
2024-11,LN2178,Consumer - Multimanfaat,1560.01,336.81,2,9.86,2.77,ACTIVE
2024-11,LN2179,Consumer - KPR Subsidi,959.85,190.65,1,4.65,0.74,ACTIVE
2024-11,LN2180,Consumer - Non KPR,1719.16,371.17,1,10.16,3.14,ACTIVE
2024-11,LN2181,Consumer - KPR Subsidi,657.74,140.59,1,4.79,0.56,ACTIVE
2024-11,LN2182,Consumer - Non KPR,891.27,190.5,1,10.16,1.61,ACTIVE
2024-11,LN2183,Commercial - Modal Kerja,725.65,156.67,1,9.1,1.19,ACTIVE
2024-11,LN2184,Consumer - KPR Non Subsidi,1335.74,288.39,1,8.1,1.95,ACTIVE
2024-11,LN2185,Consumer - KPR Non Subsidi,1494.79,306.59,1,7.91,2.02,ACTIVE
2024-11,LN2186,Consumer - KPR Subsidi,1136.05,240.37,2,4.42,0.89,ACTIVE
2024-11,LN2187,Consumer - KPR Subsidi,1693.87,358.39,2,5.2,1.55,ACTIVE
2024-11,LN2188,Consumer - Non KPR,1166.73,231.75,2,10.39,2.01,ACTIVE
2024-11,LN2189,Consumer - KPR Subsidi,1674.99,347.17,1,5.37,1.55,ACTIVE
2024-11,LN2190,Consumer - KPR Non Subsidi,1631.84,341.75,1,8.88,2.53,ACTIVE
2024-11,LN2191,Commercial - Investasi,580.86,119.14,1,8.56,0.85,ACTIVE
2024-11,LN2192,Commercial - Modal Kerja,1467.09,297.74,1,9.15,2.27,ACTIVE
2024-11,LN2193,Consumer - KPR Subsidi,530.87,110.03,1,4.79,0.44,ACTIVE
2024-11,LN2194,Consumer - KPR Subsidi,689.74,139.98,1,4.5,0.52,ACTIVE
2024-11,LN2195,Commercial - Konstruksi,1629.38,344.75,1,9.57,2.75,ACTIVE
2024-11,LN2196,Commercial - Investasi,1179.39,252.08,1,8.36,1.76,ACTIVE
2024-11,LN2197,Consumer - KPR Non Subsidi,752.56,162.48,1,8.83,1.2,ACTIVE
2024-11,LN2198,Consumer - KPR Non Subsidi,1473.67,308.62,1,9.05,2.33,ACTIVE
2024-11,LN2199,Commercial - Modal Kerja,712.59,149.23,2,9.05,1.13,ACTIVE
2024-11,LN2200,Consumer - Non KPR,517.38,107.23,1,10.61,0.95,ACTIVE
2024-11,LN2201,Commercial - Konstruksi,976.65,206.64,1,10.55,1.82,ACTIVE
2024-11,LN2202,Commercial - Konstruksi,1128.87,226.66,1,9.45,1.78,ACTIVE
2024-11,LN2203,Commercial - Investasi,1207.8,245.12,1,8.68,1.77,ACTIVE
2024-11,LN2204,Consumer - KPR Subsidi,911.51,179.08,1,4.64,0.69,ACTIVE
2024-11,LN2208,Commercial - Modal Kerja,531.1,104.35,1,9.42,0.82,ACTIVE
2024-11,LN2214,Commercial - Konstruksi,910.34,178.85,1,9.97,1.49,ACTIVE
2024-11,LN2216,Consumer - KPR Non Subsidi,588.11,115.55,1,8.9,0.86,ACTIVE
2024-11,LN2218,Commercial - Modal Kerja,1497.36,294.19,2,8.71,2.14,ACTIVE
2024-11,LN2223,Consumer - KPR Non Subsidi,1264.91,248.52,2,9.07,1.88,ACTIVE
2024-11,LN2227,Commercial - Konstruksi,1548.12,304.16,1,9.76,2.47,ACTIVE
2024-11,LN2243,Consumer - KPR Non Subsidi,1540.56,299.35,1,8.05,2.01,ACTIVE
2024-12,LN2025,Commercial - Investasi,1441.07,304.13,1,8.44,2.14,ACTIVE
2024-12,LN2026,Consumer - KPR Non Subsidi,1497.01,315.94,1,8.92,2.35,ACTIVE
2024-12,LN2027,Consumer - KPR Subsidi,1406.44,296.82,1,4.93,1.22,ACTIVE
2024-12,LN2028,Commercial - Investasi,669.74,141.35,1,9.1,1.07,ACTIVE
2024-12,LN2029,Consumer - KPR Non Subsidi,1782.56,376.2,2,8.63,2.71,ACTIVE
2024-12,LN2030,Commercial - Investasi,722.1,152.4,2,8.46,1.07,ACTIVE
2024-12,LN2031,Commercial - Investasi,495.23,104.52,1,8.26,0.72,ACTIVE
2024-12,LN2032,Commercial - Investasi,1189.7,251.08,1,8.96,1.87,ACTIVE
2024-12,LN2033,Consumer - KPR Subsidi,1443.01,304.54,1,4.68,1.19,ACTIVE
2024-12,LN2034,Commercial - Investasi,1317.68,278.09,1,8.17,1.89,ACTIVE
2024-12,LN2035,Consumer - KPR Subsidi,1712.29,361.37,2,4.99,1.5,ACTIVE
2024-12,LN2036,Consumer - KPR Subsidi,1796.41,379.12,1,5.18,1.64,ACTIVE
2024-12,LN2037,Consumer - Multimanfaat,1543.95,325.84,1,9.04,2.45,ACTIVE
2024-12,LN2039,Consumer - KPR Subsidi,516.38,108.98,1,4.53,0.41,ACTIVE
2024-12,LN2040,Consumer - KPR Non Subsidi,851.69,179.75,2,8.23,1.23,ACTIVE
2024-12,LN2041,Consumer - KPR Non Subsidi,1652.31,348.71,1,8.45,2.46,ACTIVE
2024-12,LN2042,Commercial - Modal Kerja,1084.09,228.79,1,9.2,1.75,ACTIVE
2024-12,LN2043,Commercial - Modal Kerja,645.35,136.2,1,9.59,1.09,ACTIVE
2024-12,LN2044,Commercial - Modal Kerja,377.2,79.61,1,8.85,0.59,ACTIVE
2024-12,LN2045,Commercial - Modal Kerja,1278.93,269.91,1,8.97,2.02,ACTIVE
2024-12,LN2046,Consumer - KPR Subsidi,1373.17,289.8,1,5.44,1.31,ACTIVE
2024-12,LN2047,Commercial - Konstruksi,1591.3,335.84,1,10.46,2.93,ACTIVE
2024-12,LN2048,Commercial - Modal Kerja,433.25,91.44,2,8.41,0.64,ACTIVE
2024-12,LN2049,Commercial - Konstruksi,1247.08,263.19,1,10.53,2.31,ACTIVE
2024-12,LN2050,Commercial - Modal Kerja,946.22,199.7,2,9.03,1.5,ACTIVE
2024-12,LN2051,Consumer - KPR Subsidi,812.2,171.41,1,4.68,0.67,ACTIVE
2024-12,LN2053,Commercial - Investasi,1304.17,275.24,1,9.19,2.11,ACTIVE
2024-12,LN2054,Consumer - KPR Non Subsidi,1276.06,269.31,1,8.84,1.98,ACTIVE
2024-12,LN2055,Commercial - Konstruksi,1633.64,344.77,1,9.86,2.83,ACTIVE
2024-12,LN2056,Consumer - KPR Subsidi,1154.42,243.64,1,4.84,0.98,ACTIVE
2024-12,LN2057,Commercial - Investasi,393.22,82.99,1,8.74,0.6,ACTIVE
2024-12,LN2058,Commercial - Konstruksi,921.76,194.53,1,10.31,1.67,ACTIVE
2024-12,LN2060,Commercial - Investasi,849.97,179.38,1,8.72,1.3,ACTIVE
2024-12,LN2061,Consumer - KPR Non Subsidi,1120.23,236.42,1,8.24,1.62,ACTIVE
2024-12,LN2062,Consumer - KPR Non Subsidi,625.14,131.93,1,8.42,0.93,ACTIVE
2024-12,LN2063,Commercial - Investasi,742.11,156.62,3,8.41,1.1,ACTIVE
2024-12,LN2064,Commercial - Investasi,1111.02,234.48,1,9.29,1.82,ACTIVE
2024-12,LN2065,Consumer - KPR Non Subsidi,678.9,143.28,1,8.76,1.05,ACTIVE
2024-12,LN2066,Consumer - KPR Subsidi,1125.14,237.46,1,5.42,1.07,ACTIVE
2024-12,LN2067,Consumer - KPR Subsidi,1329.45,280.57,1,5.54,1.3,ACTIVE
2024-12,LN2068,Consumer - KPR Subsidi,939.95,198.37,1,4.77,0.79,ACTIVE
2024-12,LN2069,Consumer - KPR Non Subsidi,1731.13,365.35,1,8.46,2.58,ACTIVE
2024-12,LN2070,Consumer - KPR Non Subsidi,1642.02,346.54,1,8.55,2.47,ACTIVE
2024-12,LN2071,Consumer - Multimanfaat,508.27,107.27,1,9.91,0.89,ACTIVE
2024-12,LN2072,Commercial - Investasi,1475.32,311.36,1,8.73,2.27,ACTIVE
2024-12,LN2074,Commercial - Konstruksi,894.99,188.88,1,10.54,1.66,ACTIVE
2024-12,LN2075,Consumer - Non KPR,997.02,210.42,1,10.48,1.84,ACTIVE
2024-12,LN2076,Commercial - Investasi,1077.94,227.49,1,8.76,1.66,ACTIVE
2024-12,LN2077,Commercial - Modal Kerja,916.66,193.46,1,8.55,1.38,ACTIVE
2024-12,LN2078,Commercial - Konstruksi,2139.28,451.48,3,10.51,3.95,ACTIVE
2024-12,LN2079,Consumer - Multimanfaat,706.8,149.17,1,10.07,1.25,ACTIVE
2024-12,LN2081,Commercial - Konstruksi,1881.11,397.0,1,9.85,3.26,ACTIVE
2024-12,LN2082,Consumer - KPR Non Subsidi,512.48,108.16,1,8.97,0.81,ACTIVE
2024-12,LN2083,Consumer - KPR Non Subsidi,1790.38,377.85,1,8.05,2.53,ACTIVE
2024-12,LN2084,Consumer - KPR Subsidi,824.51,174.01,5,5.15,0.75,ACTIVE
2024-12,LN2085,Consumer - KPR Non Subsidi,1009.19,212.99,1,8.05,1.43,ACTIVE
2024-12,LN2086,Commercial - Investasi,1317.8,278.12,1,8.97,2.08,ACTIVE
2024-12,LN2088,Commercial - Konstruksi,1530.17,322.94,1,9.5,2.56,ACTIVE
2024-12,LN2089,Consumer - Non KPR,970.66,204.85,1,10.5,1.79,ACTIVE
2024-12,LN2090,Consumer - Multimanfaat,1369.66,289.06,1,9.46,2.28,ACTIVE
2024-12,LN2091,Consumer - KPR Non Subsidi,1760.12,371.47,1,8.38,2.59,ACTIVE
2024-12,LN2092,Consumer - Multimanfaat,1211.81,255.75,2,8.96,1.91,ACTIVE
2024-12,LN2093,Consumer - KPR Non Subsidi,833.35,175.87,1,9.08,1.33,ACTIVE
2024-12,LN2094,Commercial - Modal Kerja,1466.29,309.45,1,9.33,2.41,ACTIVE
2024-12,LN2095,Consumer - KPR Subsidi,1556.61,328.52,1,5.25,1.44,ACTIVE
2024-12,LN2096,Consumer - KPR Subsidi,630.76,133.12,1,5.17,0.57,ACTIVE
2024-12,LN2097,Consumer - KPR Non Subsidi,1647.96,347.79,1,8.75,2.54,ACTIVE
2024-12,LN2098,Consumer - Non KPR,1100.34,232.22,1,10.66,2.06,ACTIVE
2024-12,LN2099,Consumer - KPR Subsidi,1266.73,267.34,1,5.58,1.24,ACTIVE
2024-12,LN2100,Consumer - KPR Non Subsidi,1107.37,233.71,1,8.64,1.68,ACTIVE
2024-12,LN2102,Consumer - KPR Subsidi,1074.76,226.82,1,5.32,1.01,ACTIVE
2024-12,LN2103,Consumer - KPR Non Subsidi,958.12,202.21,1,8.42,1.42,ACTIVE
2024-12,LN2104,Consumer - Multimanfaat,887.88,187.38,1,9.34,1.46,ACTIVE
2024-12,LN2105,Commercial - Investasi,1136.57,239.87,1,8.24,1.65,ACTIVE
2024-12,LN2106,Consumer - KPR Subsidi,1531.5,323.22,1,5.04,1.36,ACTIVE
2024-12,LN2107,Consumer - KPR Non Subsidi,629.51,132.86,1,9.0,1.0,ACTIVE
2024-12,LN2108,Consumer - KPR Non Subsidi,1029.01,217.17,2,8.68,1.57,ACTIVE
2024-12,LN2109,Commercial - Investasi,1006.58,212.43,1,8.71,1.54,ACTIVE
2024-12,LN2110,Consumer - KPR Subsidi,1774.75,374.55,1,4.49,1.4,ACTIVE
2024-12,LN2111,Consumer - KPR Subsidi,1740.03,367.23,1,5.12,1.57,ACTIVE
2024-12,LN2112,Commercial - Investasi,974.58,205.68,1,9.11,1.56,ACTIVE
2024-12,LN2113,Consumer - KPR Non Subsidi,940.0,198.38,2,7.91,1.31,ACTIVE
2024-12,LN2114,Consumer - KPR Subsidi,1170.27,246.98,1,4.76,0.98,ACTIVE
2024-12,LN2116,Consumer - KPR Non Subsidi,1775.18,374.64,1,8.6,2.68,ACTIVE
2024-12,LN2117,Consumer - KPR Subsidi,747.36,157.73,1,4.96,0.65,ACTIVE
2024-12,LN2118,Commercial - Investasi,972.65,205.27,1,9.18,1.57,ACTIVE
2024-12,LN2119,Commercial - Modal Kerja,448.44,94.64,1,8.55,0.67,ACTIVE
2024-12,LN2120,Consumer - KPR Non Subsidi,678.29,143.15,1,9.1,1.09,ACTIVE
2024-12,LN2121,Commercial - Konstruksi,1576.9,332.8,1,10.49,2.91,ACTIVE
2024-12,LN2123,Commercial - Investasi,1341.67,283.15,1,8.99,2.12,ACTIVE
2024-12,LN2124,Consumer - Non KPR,1563.64,330.0,1,10.51,2.89,ACTIVE
2024-12,LN2125,Consumer - KPR Subsidi,1687.25,356.09,3,5.27,1.56,ACTIVE
2024-12,LN2126,Commercial - Investasi,1016.2,214.46,1,8.42,1.5,ACTIVE
2024-12,LN2127,Consumer - KPR Non Subsidi,1141.56,240.92,1,8.42,1.69,ACTIVE
2024-12,LN2128,Consumer - KPR Non Subsidi,621.43,131.15,1,8.92,0.97,ACTIVE
2024-12,LN2130,Consumer - KPR Non Subsidi,714.99,150.9,1,8.72,1.1,ACTIVE
2024-12,LN2131,Consumer - KPR Subsidi,916.19,193.36,1,5.17,0.83,ACTIVE
2024-12,LN2132,Consumer - Non KPR,1244.06,262.55,1,10.3,2.25,ACTIVE
2024-12,LN2133,Commercial - Konstruksi,1727.28,364.54,1,9.66,2.93,ACTIVE
2024-12,LN2134,Consumer - KPR Subsidi,567.24,119.71,1,4.93,0.49,ACTIVE
2024-12,LN2135,Commercial - Modal Kerja,1402.25,295.94,1,8.97,2.21,ACTIVE
2024-12,LN2137,Commercial - Investasi,1229.52,259.48,1,9.27,2.0,ACTIVE
2024-12,LN2138,Consumer - KPR Non Subsidi,1687.86,356.22,1,8.92,2.65,ACTIVE
2024-12,LN2139,Commercial - Modal Kerja,1280.55,270.25,1,9.6,2.16,ACTIVE
2024-12,LN2140,Consumer - KPR Non Subsidi,1298.65,274.07,1,8.32,1.9,ACTIVE
2024-12,LN2141,Consumer - Non KPR,1646.82,347.55,1,10.21,2.96,ACTIVE
2024-12,LN2142,Consumer - Multimanfaat,454.32,95.88,1,8.93,0.71,ACTIVE
2024-12,LN2144,Commercial - Investasi,1150.9,230.87,2,9.18,1.77,ACTIVE
2024-12,LN2145,Consumer - Multimanfaat,882.18,171.43,1,9.47,1.35,ACTIVE
2024-12,LN2146,Commercial - Modal Kerja,1366.91,282.77,1,8.5,2.0,ACTIVE
2024-12,LN2147,Consumer - KPR Subsidi,749.58,156.63,1,4.73,0.62,ACTIVE
2024-12,LN2148,Commercial - Modal Kerja,1388.78,269.88,1,9.34,2.1,ACTIVE
2024-12,LN2149,Consumer - Multimanfaat,1439.56,285.76,1,9.41,2.24,ACTIVE
2024-12,LN2151,Consumer - KPR Subsidi,1125.23,221.02,1,4.75,0.87,ACTIVE
2024-12,LN2152,Consumer - Multimanfaat,1182.67,234.77,1,9.44,1.85,ACTIVE
2024-12,LN2153,Commercial - Modal Kerja,1387.78,292.89,1,8.78,2.14,ACTIVE
2024-12,LN2154,Consumer - KPR Subsidi,1760.23,356.78,1,5.16,1.53,ACTIVE
2024-12,LN2155,Consumer - KPR Non Subsidi,1512.51,303.41,1,8.79,2.22,ACTIVE
2024-12,LN2156,Commercial - Modal Kerja,1020.53,202.58,1,9.36,1.58,ACTIVE
2024-12,LN2157,Consumer - KPR Subsidi,609.28,120.95,1,4.55,0.46,ACTIVE
2024-12,LN2158,Commercial - Konstruksi,811.45,164.47,1,9.76,1.34,ACTIVE
2024-12,LN2159,Consumer - KPR Non Subsidi,622.87,123.64,1,8.63,0.89,ACTIVE
2024-12,LN2160,Consumer - Non KPR,1072.67,221.9,1,10.45,1.93,ACTIVE
2024-12,LN2161,Consumer - Multimanfaat,1220.17,249.86,1,9.89,2.06,ACTIVE
2024-12,LN2162,Consumer - Non KPR,1513.41,300.42,1,10.22,2.56,ACTIVE
2024-12,LN2163,Commercial - Modal Kerja,537.53,107.83,1,9.58,0.86,ACTIVE
2024-12,LN2164,Consumer - KPR Subsidi,924.17,183.46,1,4.46,0.68,ACTIVE
2024-12,LN2165,Consumer - KPR Subsidi,1396.57,294.74,1,5.03,1.24,ACTIVE
2024-12,LN2166,Commercial - Investasi,912.44,179.22,2,8.29,1.24,ACTIVE
2024-12,LN2167,Commercial - Modal Kerja,1142.1,233.88,1,8.41,1.64,ACTIVE
2024-12,LN2168,Commercial - Modal Kerja,905.27,189.16,1,8.46,1.33,ACTIVE
2024-12,LN2169,Commercial - Konstruksi,2091.54,437.04,2,10.04,3.66,ACTIVE
2024-12,LN2170,Consumer - KPR Non Subsidi,504.72,103.36,1,9.06,0.78,ACTIVE
2024-12,LN2171,Commercial - Modal Kerja,1456.31,289.09,2,8.81,2.12,ACTIVE
2024-12,LN2172,Consumer - Multimanfaat,1091.29,230.31,3,9.87,1.89,ACTIVE
2024-12,LN2173,Commercial - Modal Kerja,398.42,80.75,1,8.6,0.58,ACTIVE
2024-12,LN2174,Commercial - Investasi,1588.92,322.05,1,8.39,2.25,ACTIVE
2024-12,LN2175,Consumer - KPR Non Subsidi,1238.72,253.66,1,8.84,1.87,ACTIVE
2024-12,LN2176,Consumer - KPR Subsidi,1430.23,289.89,1,4.76,1.15,ACTIVE
2024-12,LN2177,Commercial - Investasi,1506.89,295.98,1,8.86,2.19,ACTIVE
2024-12,LN2178,Consumer - Multimanfaat,1560.01,329.23,2,9.86,2.71,ACTIVE
2024-12,LN2179,Consumer - KPR Subsidi,959.85,186.53,1,4.65,0.72,ACTIVE
2024-12,LN2180,Consumer - Non KPR,1719.16,362.82,1,10.16,3.07,ACTIVE
2024-12,LN2181,Consumer - KPR Subsidi,657.74,137.44,1,4.79,0.55,ACTIVE
2024-12,LN2182,Consumer - Non KPR,891.27,186.24,1,10.16,1.58,ACTIVE
2024-12,LN2183,Commercial - Modal Kerja,725.65,153.15,1,9.1,1.16,ACTIVE
2024-12,LN2184,Consumer - KPR Non Subsidi,1335.74,281.9,1,8.1,1.9,ACTIVE
2024-12,LN2185,Consumer - KPR Non Subsidi,1494.79,299.85,1,7.91,1.98,ACTIVE
2024-12,LN2186,Consumer - KPR Subsidi,1136.05,235.01,2,4.42,0.87,ACTIVE
2024-12,LN2187,Consumer - KPR Subsidi,1693.87,350.41,2,5.2,1.52,ACTIVE
2024-12,LN2188,Consumer - Non KPR,1166.73,226.73,2,10.39,1.96,ACTIVE
2024-12,LN2189,Consumer - KPR Subsidi,1674.99,339.5,1,5.37,1.52,ACTIVE
2024-12,LN2190,Consumer - KPR Non Subsidi,1631.84,334.16,1,8.88,2.47,ACTIVE
2024-12,LN2191,Commercial - Investasi,580.86,116.52,1,8.56,0.83,ACTIVE
2024-12,LN2192,Commercial - Modal Kerja,1467.09,291.23,1,9.15,2.22,ACTIVE
2024-12,LN2193,Consumer - KPR Subsidi,530.87,107.6,1,4.79,0.43,ACTIVE
2024-12,LN2194,Consumer - KPR Subsidi,689.74,136.92,1,4.5,0.51,ACTIVE
2024-12,LN2195,Commercial - Konstruksi,1629.38,337.06,1,9.57,2.69,ACTIVE
2024-12,LN2196,Commercial - Investasi,1179.39,246.44,1,8.36,1.72,ACTIVE
2024-12,LN2197,Consumer - KPR Non Subsidi,752.56,158.82,1,8.83,1.17,ACTIVE
2024-12,LN2198,Consumer - KPR Non Subsidi,1473.67,301.77,1,9.05,2.28,ACTIVE
2024-12,LN2199,Commercial - Modal Kerja,712.59,145.92,2,9.05,1.1,ACTIVE
2024-12,LN2200,Consumer - Non KPR,517.38,104.87,1,10.61,0.93,ACTIVE
2024-12,LN2201,Commercial - Konstruksi,976.65,202.04,1,10.55,1.78,ACTIVE
2024-12,LN2202,Commercial - Konstruksi,1128.87,221.73,1,9.45,1.75,ACTIVE
2024-12,LN2203,Commercial - Investasi,1207.8,239.76,1,8.68,1.73,ACTIVE
2024-12,LN2204,Consumer - KPR Subsidi,911.51,175.23,1,4.64,0.68,ACTIVE
2024-12,LN2205,Consumer - KPR Subsidi,1322.99,248.8,1,4.69,0.97,ACTIVE
2024-12,LN2208,Commercial - Modal Kerja,531.1,102.1,1,9.42,0.8,ACTIVE
2024-12,LN2214,Commercial - Konstruksi,910.34,175.0,1,9.97,1.45,ACTIVE
2024-12,LN2216,Consumer - KPR Non Subsidi,588.11,113.06,1,8.9,0.84,ACTIVE
2024-12,LN2217,Consumer - KPR Non Subsidi,1568.87,295.04,1,8.4,2.07,ACTIVE
2024-12,LN2218,Commercial - Modal Kerja,1497.36,287.85,2,8.71,2.09,ACTIVE
2024-12,LN2223,Consumer - KPR Non Subsidi,1264.91,243.17,2,9.07,1.84,ACTIVE
2024-12,LN2227,Commercial - Konstruksi,1548.12,297.61,1,9.76,2.42,ACTIVE
2024-12,LN2229,Consumer - Multimanfaat,1213.37,228.19,1,10.04,1.91,ACTIVE
2024-12,LN2235,Commercial - Modal Kerja,1444.53,271.66,1,8.97,2.03,ACTIVE
2024-12,LN2237,Commercial - Modal Kerja,531.67,99.99,1,8.84,0.74,ACTIVE
2024-12,LN2238,Consumer - KPR Subsidi,1042.03,195.96,1,4.57,0.75,ACTIVE
2024-12,LN2240,Commercial - Modal Kerja,1035.35,194.71,1,8.79,1.43,ACTIVE
2024-12,LN2243,Consumer - KPR Non Subsidi,1540.56,292.94,1,8.05,1.97,ACTIVE
2025-01,LN2025,Commercial - Investasi,1441.07,351.09,1,8.44,2.47,ACTIVE
2025-01,LN2026,Consumer - KPR Non Subsidi,1497.01,364.72,1,8.92,2.71,ACTIVE
2025-01,LN2027,Consumer - KPR Subsidi,1406.44,342.65,1,4.93,1.41,ACTIVE
2025-01,LN2029,Consumer - KPR Non Subsidi,1782.56,434.29,2,8.63,3.12,ACTIVE
2025-01,LN2030,Commercial - Investasi,722.1,175.93,2,8.46,1.24,ACTIVE
2025-01,LN2031,Commercial - Investasi,495.23,120.65,1,8.26,0.83,ACTIVE
2025-01,LN2032,Commercial - Investasi,1189.7,289.85,1,8.96,2.16,ACTIVE
2025-01,LN2033,Consumer - KPR Subsidi,1443.01,351.56,1,4.68,1.37,ACTIVE
2025-01,LN2034,Commercial - Investasi,1317.68,321.03,1,8.17,2.19,ACTIVE
2025-01,LN2035,Consumer - KPR Subsidi,1712.29,417.17,2,4.99,1.73,ACTIVE
2025-01,LN2036,Consumer - KPR Subsidi,1796.41,437.66,1,5.18,1.89,ACTIVE
2025-01,LN2037,Consumer - Multimanfaat,1543.95,376.15,1,9.04,2.83,ACTIVE
2025-01,LN2039,Consumer - KPR Subsidi,516.38,125.81,1,4.53,0.47,ACTIVE
2025-01,LN2040,Consumer - KPR Non Subsidi,851.69,207.5,2,8.23,1.42,ACTIVE
2025-01,LN2041,Consumer - KPR Non Subsidi,1652.31,402.55,1,8.45,2.83,ACTIVE
2025-01,LN2042,Commercial - Modal Kerja,1084.09,264.12,1,9.2,2.02,ACTIVE
2025-01,LN2043,Commercial - Modal Kerja,645.35,157.23,1,9.59,1.26,ACTIVE
2025-01,LN2044,Commercial - Modal Kerja,377.2,91.9,1,8.85,0.68,ACTIVE
2025-01,LN2045,Commercial - Modal Kerja,1278.93,311.59,1,8.97,2.33,ACTIVE
2025-01,LN2046,Consumer - KPR Subsidi,1373.17,334.55,1,5.44,1.52,ACTIVE
2025-01,LN2047,Commercial - Konstruksi,1591.3,387.69,1,10.46,3.38,ACTIVE
2025-01,LN2048,Commercial - Modal Kerja,433.25,105.55,2,8.41,0.74,ACTIVE
2025-01,LN2049,Commercial - Konstruksi,1247.08,303.83,1,10.53,2.67,ACTIVE
2025-01,LN2050,Commercial - Modal Kerja,946.22,230.53,2,9.03,1.73,ACTIVE
2025-01,LN2051,Consumer - KPR Subsidi,812.2,197.88,1,4.68,0.77,ACTIVE
2025-01,LN2053,Commercial - Investasi,1304.17,317.74,1,9.19,2.43,ACTIVE
2025-01,LN2054,Consumer - KPR Non Subsidi,1276.06,310.89,1,8.84,2.29,ACTIVE
2025-01,LN2055,Commercial - Konstruksi,1633.64,398.0,1,9.86,3.27,ACTIVE
2025-01,LN2056,Consumer - KPR Subsidi,1154.42,281.25,1,4.84,1.13,ACTIVE
2025-01,LN2057,Commercial - Investasi,393.22,95.8,1,8.74,0.7,ACTIVE
2025-01,LN2058,Commercial - Konstruksi,921.76,224.57,1,10.31,1.93,ACTIVE
2025-01,LN2060,Commercial - Investasi,849.97,207.08,1,8.72,1.5,ACTIVE
2025-01,LN2061,Consumer - KPR Non Subsidi,1120.23,272.92,1,8.24,1.87,ACTIVE
2025-01,LN2062,Consumer - KPR Non Subsidi,625.14,152.3,1,8.42,1.07,ACTIVE
2025-01,LN2063,Commercial - Investasi,742.11,180.8,3,8.41,1.27,ACTIVE
2025-01,LN2064,Commercial - Investasi,1111.02,270.68,1,9.29,2.1,ACTIVE
2025-01,LN2065,Consumer - KPR Non Subsidi,678.9,165.4,1,8.76,1.21,ACTIVE
2025-01,LN2066,Consumer - KPR Subsidi,1125.14,274.12,1,5.42,1.24,ACTIVE
2025-01,LN2067,Consumer - KPR Subsidi,1329.45,323.89,1,5.54,1.5,ACTIVE
2025-01,LN2068,Consumer - KPR Subsidi,939.95,229.0,1,4.77,0.91,ACTIVE
2025-01,LN2069,Consumer - KPR Non Subsidi,1731.13,421.76,1,8.46,2.97,ACTIVE
2025-01,LN2070,Consumer - KPR Non Subsidi,1642.02,400.05,1,8.55,2.85,ACTIVE
2025-01,LN2071,Consumer - Multimanfaat,508.27,123.83,1,9.91,1.02,ACTIVE
2025-01,LN2072,Commercial - Investasi,1475.32,359.43,1,8.73,2.61,ACTIVE
2025-01,LN2074,Commercial - Konstruksi,894.99,218.05,1,10.54,1.92,ACTIVE
2025-01,LN2075,Consumer - Non KPR,997.02,242.9,1,10.48,2.12,ACTIVE
2025-01,LN2076,Commercial - Investasi,1077.94,262.62,1,8.76,1.92,ACTIVE
2025-01,LN2077,Commercial - Modal Kerja,916.66,223.33,1,8.55,1.59,ACTIVE
2025-01,LN2078,Commercial - Konstruksi,2139.28,521.14,3,10.51,4.56,ACTIVE
2025-01,LN2079,Consumer - Multimanfaat,706.8,172.2,1,10.07,1.45,ACTIVE
2025-01,LN2081,Commercial - Konstruksi,1881.11,458.3,1,9.85,3.76,ACTIVE
2025-01,LN2082,Consumer - KPR Non Subsidi,512.48,124.86,1,8.97,0.93,ACTIVE
2025-01,LN2083,Consumer - KPR Non Subsidi,1790.38,436.19,1,8.05,2.93,ACTIVE
2025-01,LN2084,Consumer - KPR Subsidi,824.51,200.88,5,5.15,0.86,ACTIVE
2025-01,LN2085,Consumer - KPR Non Subsidi,1009.19,245.87,1,8.05,1.65,ACTIVE
2025-01,LN2086,Commercial - Investasi,1317.8,321.06,1,8.97,2.4,ACTIVE
2025-01,LN2088,Commercial - Konstruksi,1530.17,372.8,1,9.5,2.95,ACTIVE
2025-01,LN2089,Consumer - Non KPR,970.66,236.48,1,10.5,2.07,ACTIVE
2025-01,LN2090,Consumer - Multimanfaat,1369.66,333.69,1,9.46,2.63,ACTIVE
2025-01,LN2091,Consumer - KPR Non Subsidi,1760.12,428.82,1,8.38,2.99,ACTIVE
2025-01,LN2092,Consumer - Multimanfaat,1211.81,295.23,2,8.96,2.2,ACTIVE
2025-01,LN2093,Consumer - KPR Non Subsidi,833.35,203.03,1,9.08,1.54,ACTIVE
2025-01,LN2094,Commercial - Modal Kerja,1466.29,357.23,1,9.33,2.78,ACTIVE
2025-01,LN2095,Consumer - KPR Subsidi,1556.61,379.24,1,5.25,1.66,ACTIVE
2025-01,LN2096,Consumer - KPR Subsidi,630.76,153.67,1,5.17,0.66,ACTIVE
2025-01,LN2097,Consumer - KPR Non Subsidi,1647.96,401.49,1,8.75,2.93,ACTIVE
2025-01,LN2098,Consumer - Non KPR,1100.34,268.08,1,10.66,2.38,ACTIVE
2025-01,LN2099,Consumer - KPR Subsidi,1266.73,308.61,1,5.58,1.44,ACTIVE
2025-01,LN2100,Consumer - KPR Non Subsidi,1107.37,269.79,1,8.64,1.94,ACTIVE
2025-01,LN2102,Consumer - KPR Subsidi,1074.76,261.84,1,5.32,1.16,ACTIVE
2025-01,LN2103,Consumer - KPR Non Subsidi,958.12,233.43,1,8.42,1.64,ACTIVE
2025-01,LN2104,Consumer - Multimanfaat,887.88,216.31,1,9.34,1.68,ACTIVE
2025-01,LN2105,Commercial - Investasi,1136.57,276.9,1,8.24,1.9,ACTIVE
2025-01,LN2106,Consumer - KPR Subsidi,1531.5,373.12,1,5.04,1.57,ACTIVE
2025-01,LN2107,Consumer - KPR Non Subsidi,629.51,153.37,1,9.0,1.15,ACTIVE
2025-01,LN2108,Consumer - KPR Non Subsidi,1029.01,250.7,2,8.68,1.81,ACTIVE
2025-01,LN2109,Commercial - Investasi,1006.58,245.23,1,8.71,1.78,ACTIVE
2025-01,LN2110,Consumer - KPR Subsidi,1774.75,432.38,1,4.49,1.62,ACTIVE
2025-01,LN2112,Commercial - Investasi,974.58,237.44,1,9.11,1.8,ACTIVE
2025-01,LN2113,Consumer - KPR Non Subsidi,940.0,229.01,2,7.91,1.51,ACTIVE
2025-01,LN2114,Consumer - KPR Subsidi,1170.27,285.11,1,4.76,1.13,ACTIVE
2025-01,LN2116,Consumer - KPR Non Subsidi,1775.18,432.49,1,8.6,3.1,ACTIVE
2025-01,LN2117,Consumer - KPR Subsidi,747.36,182.08,1,4.96,0.75,ACTIVE
2025-01,LN2118,Commercial - Investasi,972.65,236.97,1,9.18,1.81,ACTIVE
2025-01,LN2119,Commercial - Modal Kerja,448.44,109.25,1,8.55,0.78,ACTIVE
2025-01,LN2120,Consumer - KPR Non Subsidi,678.29,165.25,1,9.1,1.25,ACTIVE
2025-01,LN2121,Commercial - Konstruksi,1576.9,384.18,1,10.49,3.36,ACTIVE
2025-01,LN2123,Commercial - Investasi,1341.67,326.87,1,8.99,2.45,ACTIVE
2025-01,LN2124,Consumer - Non KPR,1563.64,380.95,1,10.51,3.34,ACTIVE
2025-01,LN2125,Consumer - KPR Subsidi,1687.25,411.07,3,5.27,1.81,ACTIVE
2025-01,LN2126,Commercial - Investasi,1016.2,247.58,1,8.42,1.74,ACTIVE
2025-01,LN2128,Consumer - KPR Non Subsidi,621.43,151.4,1,8.92,1.13,ACTIVE
2025-01,LN2130,Consumer - KPR Non Subsidi,714.99,174.19,1,8.72,1.27,ACTIVE
2025-01,LN2131,Consumer - KPR Subsidi,916.19,223.21,1,5.17,0.96,ACTIVE
2025-01,LN2132,Consumer - Non KPR,1244.06,303.09,1,10.3,2.6,ACTIVE
2025-01,LN2133,Commercial - Konstruksi,1727.28,420.82,1,9.66,3.39,ACTIVE
2025-01,LN2134,Consumer - KPR Subsidi,567.24,138.2,1,4.93,0.57,ACTIVE
2025-01,LN2135,Commercial - Modal Kerja,1402.25,341.63,1,8.97,2.55,ACTIVE
2025-01,LN2137,Commercial - Investasi,1229.52,299.55,1,9.27,2.31,ACTIVE
2025-01,LN2138,Consumer - KPR Non Subsidi,1687.86,411.21,1,8.92,3.06,ACTIVE
2025-01,LN2139,Commercial - Modal Kerja,1280.55,311.98,1,9.6,2.5,ACTIVE
2025-01,LN2140,Consumer - KPR Non Subsidi,1298.65,316.39,1,8.32,2.19,ACTIVE
2025-01,LN2141,Consumer - Non KPR,1646.82,401.22,1,10.21,3.41,ACTIVE
2025-01,LN2142,Consumer - Multimanfaat,454.32,110.69,1,8.93,0.82,ACTIVE
2025-01,LN2144,Commercial - Investasi,1150.9,266.65,2,9.18,2.04,ACTIVE
2025-01,LN2145,Consumer - Multimanfaat,882.18,198.07,1,9.47,1.56,ACTIVE
2025-01,LN2146,Commercial - Modal Kerja,1366.91,326.49,1,8.5,2.31,ACTIVE
2025-01,LN2147,Consumer - KPR Subsidi,749.58,180.83,1,4.73,0.71,ACTIVE
2025-01,LN2148,Commercial - Modal Kerja,1388.78,311.81,1,9.34,2.43,ACTIVE
2025-01,LN2149,Consumer - Multimanfaat,1439.56,330.09,1,9.41,2.59,ACTIVE
2025-01,LN2151,Consumer - KPR Subsidi,1125.23,255.33,1,4.75,1.01,ACTIVE
2025-01,LN2152,Consumer - Multimanfaat,1182.67,271.19,1,9.44,2.13,ACTIVE
2025-01,LN2153,Commercial - Modal Kerja,1387.78,338.11,1,8.78,2.47,ACTIVE
2025-01,LN2154,Consumer - KPR Subsidi,1760.23,412.03,1,5.16,1.77,ACTIVE
2025-01,LN2155,Consumer - KPR Non Subsidi,1512.51,350.43,1,8.79,2.57,ACTIVE
2025-01,LN2156,Commercial - Modal Kerja,1020.53,234.01,1,9.36,1.83,ACTIVE
2025-01,LN2157,Consumer - KPR Subsidi,609.28,139.71,1,4.55,0.53,ACTIVE
2025-01,LN2158,Commercial - Konstruksi,811.45,189.94,1,9.76,1.54,ACTIVE
2025-01,LN2159,Consumer - KPR Non Subsidi,622.87,142.82,1,8.63,1.03,ACTIVE
2025-01,LN2160,Consumer - Non KPR,1072.67,256.21,1,10.45,2.23,ACTIVE
2025-01,LN2161,Consumer - Multimanfaat,1220.17,288.53,1,9.89,2.38,ACTIVE
2025-01,LN2162,Consumer - Non KPR,1513.41,347.02,1,10.22,2.96,ACTIVE
2025-01,LN2163,Commercial - Modal Kerja,537.53,124.54,1,9.58,0.99,ACTIVE
2025-01,LN2164,Consumer - KPR Subsidi,924.17,211.91,1,4.46,0.79,ACTIVE
2025-01,LN2165,Consumer - KPR Subsidi,1396.57,340.25,1,5.03,1.43,ACTIVE
2025-01,LN2166,Commercial - Investasi,912.44,207.04,2,8.29,1.43,ACTIVE
2025-01,LN2167,Commercial - Modal Kerja,1142.1,270.07,1,8.41,1.89,ACTIVE
2025-01,LN2168,Commercial - Modal Kerja,905.27,218.39,1,8.46,1.54,ACTIVE
2025-01,LN2169,Commercial - Konstruksi,2091.54,504.57,2,10.04,4.22,ACTIVE
2025-01,LN2170,Consumer - KPR Non Subsidi,504.72,119.35,1,9.06,0.9,ACTIVE
2025-01,LN2171,Commercial - Modal Kerja,1456.31,333.93,2,8.81,2.45,ACTIVE
2025-01,LN2172,Consumer - Multimanfaat,1091.29,265.87,3,9.87,2.19,ACTIVE
2025-01,LN2173,Commercial - Modal Kerja,398.42,93.26,1,8.6,0.67,ACTIVE
2025-01,LN2174,Commercial - Investasi,1588.92,371.93,1,8.39,2.6,ACTIVE
2025-01,LN2175,Consumer - KPR Non Subsidi,1238.72,292.91,1,8.84,2.16,ACTIVE
2025-01,LN2176,Consumer - KPR Subsidi,1430.23,334.78,1,4.76,1.33,ACTIVE
2025-01,LN2177,Commercial - Investasi,1506.89,341.93,1,8.86,2.52,ACTIVE
2025-01,LN2178,Consumer - Multimanfaat,1560.01,380.07,2,9.86,3.12,ACTIVE
2025-01,LN2179,Consumer - KPR Subsidi,959.85,215.51,1,4.65,0.84,ACTIVE
2025-01,LN2180,Consumer - Non KPR,1719.16,418.84,1,10.16,3.55,ACTIVE
2025-01,LN2181,Consumer - KPR Subsidi,657.74,158.67,1,4.79,0.63,ACTIVE
2025-01,LN2182,Consumer - Non KPR,891.27,215.01,1,10.16,1.82,ACTIVE
2025-01,LN2183,Commercial - Modal Kerja,725.65,176.79,1,9.1,1.34,ACTIVE
2025-01,LN2184,Consumer - KPR Non Subsidi,1335.74,325.43,1,8.1,2.2,ACTIVE
2025-01,LN2185,Consumer - KPR Non Subsidi,1494.79,346.32,1,7.91,2.28,ACTIVE
2025-01,LN2186,Consumer - KPR Subsidi,1136.05,271.35,2,4.42,1.0,ACTIVE
2025-01,LN2187,Consumer - KPR Subsidi,1693.87,404.59,2,5.2,1.75,ACTIVE
2025-01,LN2188,Consumer - Non KPR,1166.73,261.96,2,10.39,2.27,ACTIVE
2025-01,LN2189,Consumer - KPR Subsidi,1674.99,392.08,1,5.37,1.75,ACTIVE
2025-01,LN2190,Consumer - KPR Non Subsidi,1631.84,385.87,1,8.88,2.86,ACTIVE
2025-01,LN2191,Commercial - Investasi,580.86,134.58,1,8.56,0.96,ACTIVE
2025-01,LN2192,Commercial - Modal Kerja,1467.09,336.4,1,9.15,2.57,ACTIVE
2025-01,LN2193,Consumer - KPR Subsidi,530.87,124.26,1,4.79,0.5,ACTIVE
2025-01,LN2194,Consumer - KPR Subsidi,689.74,158.16,1,4.5,0.59,ACTIVE
2025-01,LN2195,Commercial - Konstruksi,1629.38,389.18,1,9.57,3.1,ACTIVE
2025-01,LN2196,Commercial - Investasi,1179.39,284.52,1,8.36,1.98,ACTIVE
2025-01,LN2197,Consumer - KPR Non Subsidi,752.56,183.35,1,8.83,1.35,ACTIVE
2025-01,LN2198,Consumer - KPR Non Subsidi,1473.67,348.47,1,9.05,2.63,ACTIVE
2025-01,LN2199,Commercial - Modal Kerja,712.59,168.5,2,9.05,1.27,ACTIVE
2025-01,LN2200,Consumer - Non KPR,517.38,121.11,1,10.61,1.07,ACTIVE
2025-01,LN2201,Commercial - Konstruksi,976.65,233.28,1,10.55,2.05,ACTIVE
2025-01,LN2202,Commercial - Konstruksi,1128.87,256.15,1,9.45,2.02,ACTIVE
2025-01,LN2203,Commercial - Investasi,1207.8,276.95,1,8.68,2.0,ACTIVE
2025-01,LN2204,Consumer - KPR Subsidi,911.51,202.48,1,4.64,0.78,ACTIVE
2025-01,LN2205,Consumer - KPR Subsidi,1322.99,287.56,1,4.69,1.12,ACTIVE
2025-01,LN2208,Commercial - Modal Kerja,531.1,117.98,1,9.42,0.93,ACTIVE
2025-01,LN2214,Commercial - Konstruksi,910.34,202.22,1,9.97,1.68,ACTIVE
2025-01,LN2216,Consumer - KPR Non Subsidi,588.11,130.64,1,8.9,0.97,ACTIVE
2025-01,LN2217,Consumer - KPR Non Subsidi,1568.87,341.0,1,8.4,2.39,ACTIVE
2025-01,LN2218,Commercial - Modal Kerja,1497.36,332.61,2,8.71,2.41,ACTIVE
2025-01,LN2223,Consumer - KPR Non Subsidi,1264.91,280.98,2,9.07,2.12,ACTIVE
2025-01,LN2224,Commercial - Modal Kerja,1240.2,266.6,2,9.22,2.05,ACTIVE
2025-01,LN2225,Commercial - Investasi,1519.78,326.7,2,8.9,2.42,ACTIVE
2025-01,LN2227,Commercial - Konstruksi,1548.12,343.89,1,9.76,2.8,ACTIVE
2025-01,LN2229,Consumer - Multimanfaat,1213.37,263.73,1,10.04,2.21,ACTIVE
2025-01,LN2230,Consumer - KPR Non Subsidi,936.97,201.42,1,9.03,1.52,ACTIVE
2025-01,LN2232,Commercial - Investasi,596.82,128.3,1,8.82,0.94,ACTIVE
2025-01,LN2235,Commercial - Modal Kerja,1444.53,313.98,1,8.97,2.35,ACTIVE
2025-01,LN2237,Commercial - Modal Kerja,531.67,115.56,1,8.84,0.85,ACTIVE
2025-01,LN2238,Consumer - KPR Subsidi,1042.03,226.49,1,4.57,0.86,ACTIVE
2025-01,LN2240,Commercial - Modal Kerja,1035.35,225.04,1,8.79,1.65,ACTIVE
2025-01,LN2241,Commercial - Konstruksi,1364.07,293.23,1,9.88,2.41,ACTIVE
2025-01,LN2243,Consumer - KPR Non Subsidi,1540.56,338.53,1,8.05,2.27,ACTIVE
2025-02,LN2025,Commercial - Investasi,1441.07,350.0,1,8.44,2.46,ACTIVE
2025-02,LN2026,Consumer - KPR Non Subsidi,1497.01,363.58,1,8.92,2.7,ACTIVE
2025-02,LN2027,Consumer - KPR Subsidi,1406.44,341.59,1,4.93,1.4,ACTIVE
2025-02,LN2029,Consumer - KPR Non Subsidi,1782.56,432.94,2,8.63,3.11,ACTIVE
2025-02,LN2030,Commercial - Investasi,722.1,175.38,2,8.46,1.24,ACTIVE
2025-02,LN2031,Commercial - Investasi,495.23,120.28,1,8.26,0.83,ACTIVE
2025-02,LN2032,Commercial - Investasi,1189.7,288.95,1,8.96,2.16,ACTIVE
2025-02,LN2033,Consumer - KPR Subsidi,1443.01,350.47,1,4.68,1.37,ACTIVE
2025-02,LN2034,Commercial - Investasi,1317.68,320.03,1,8.17,2.18,ACTIVE
2025-02,LN2035,Consumer - KPR Subsidi,1712.29,415.87,2,4.99,1.73,ACTIVE
2025-02,LN2036,Consumer - KPR Subsidi,1796.41,436.3,1,5.18,1.88,ACTIVE
2025-02,LN2037,Consumer - Multimanfaat,1543.95,374.98,1,9.04,2.82,ACTIVE
2025-02,LN2039,Consumer - KPR Subsidi,516.38,125.41,1,4.53,0.47,ACTIVE
2025-02,LN2040,Consumer - KPR Non Subsidi,851.69,206.85,2,8.23,1.42,ACTIVE
2025-02,LN2041,Consumer - KPR Non Subsidi,1652.31,401.3,1,8.45,2.83,ACTIVE
2025-02,LN2042,Commercial - Modal Kerja,1084.09,263.3,1,9.2,2.02,ACTIVE
2025-02,LN2043,Commercial - Modal Kerja,645.35,156.74,1,9.59,1.25,ACTIVE
2025-02,LN2044,Commercial - Modal Kerja,377.2,91.61,1,8.85,0.68,ACTIVE
2025-02,LN2045,Commercial - Modal Kerja,1278.93,310.62,1,8.97,2.32,ACTIVE
2025-02,LN2046,Consumer - KPR Subsidi,1373.17,333.51,1,5.44,1.51,ACTIVE
2025-02,LN2047,Commercial - Konstruksi,1591.3,386.48,1,10.46,3.37,ACTIVE
2025-02,LN2048,Commercial - Modal Kerja,433.25,105.22,2,8.41,0.74,ACTIVE
2025-02,LN2049,Commercial - Konstruksi,1247.08,302.88,1,10.53,2.66,ACTIVE
2025-02,LN2050,Commercial - Modal Kerja,946.22,229.81,2,9.03,1.73,ACTIVE
2025-02,LN2051,Consumer - KPR Subsidi,812.2,197.26,1,4.68,0.77,ACTIVE
2025-02,LN2053,Commercial - Investasi,1304.17,316.75,1,9.19,2.43,ACTIVE
2025-02,LN2054,Consumer - KPR Non Subsidi,1276.06,309.92,1,8.84,2.28,ACTIVE
2025-02,LN2055,Commercial - Konstruksi,1633.64,396.77,1,9.86,3.26,ACTIVE
2025-02,LN2056,Consumer - KPR Subsidi,1154.42,280.38,1,4.84,1.13,ACTIVE
2025-02,LN2057,Commercial - Investasi,393.22,95.5,1,8.74,0.7,ACTIVE
2025-02,LN2058,Commercial - Konstruksi,921.76,223.87,1,10.31,1.92,ACTIVE
2025-02,LN2060,Commercial - Investasi,849.97,206.44,1,8.72,1.5,ACTIVE
2025-02,LN2061,Consumer - KPR Non Subsidi,1120.23,272.07,1,8.24,1.87,ACTIVE
2025-02,LN2062,Consumer - KPR Non Subsidi,625.14,151.83,1,8.42,1.07,ACTIVE
2025-02,LN2063,Commercial - Investasi,742.11,180.24,3,8.41,1.26,ACTIVE
2025-02,LN2064,Commercial - Investasi,1111.02,269.84,1,9.29,2.09,ACTIVE
2025-02,LN2065,Consumer - KPR Non Subsidi,678.9,164.89,1,8.76,1.2,ACTIVE
2025-02,LN2066,Consumer - KPR Subsidi,1125.14,273.27,1,5.42,1.23,ACTIVE
2025-02,LN2067,Consumer - KPR Subsidi,1329.45,322.89,1,5.54,1.49,ACTIVE
2025-02,LN2068,Consumer - KPR Subsidi,939.95,228.29,1,4.77,0.91,ACTIVE
2025-02,LN2069,Consumer - KPR Non Subsidi,1731.13,420.45,1,8.46,2.96,ACTIVE
2025-02,LN2070,Consumer - KPR Non Subsidi,1642.02,398.8,1,8.55,2.84,ACTIVE
2025-02,LN2071,Consumer - Multimanfaat,508.27,123.45,1,9.91,1.02,ACTIVE
2025-02,LN2072,Commercial - Investasi,1475.32,358.32,1,8.73,2.61,ACTIVE
2025-02,LN2074,Commercial - Konstruksi,894.99,217.37,1,10.54,1.91,ACTIVE
2025-02,LN2075,Consumer - Non KPR,997.02,242.15,1,10.48,2.11,ACTIVE
2025-02,LN2076,Commercial - Investasi,1077.94,261.8,1,8.76,1.91,ACTIVE
2025-02,LN2077,Commercial - Modal Kerja,916.66,222.63,1,8.55,1.59,ACTIVE
2025-02,LN2078,Commercial - Konstruksi,2139.28,519.53,3,10.51,4.55,ACTIVE
2025-02,LN2079,Consumer - Multimanfaat,706.8,171.66,1,10.07,1.44,ACTIVE
2025-02,LN2081,Commercial - Konstruksi,1881.11,456.87,1,9.85,3.75,ACTIVE
2025-02,LN2082,Consumer - KPR Non Subsidi,512.48,124.47,1,8.97,0.93,ACTIVE
2025-02,LN2083,Consumer - KPR Non Subsidi,1790.38,434.84,1,8.05,2.92,ACTIVE
2025-02,LN2084,Consumer - KPR Subsidi,824.51,200.25,5,5.15,0.86,ACTIVE
2025-02,LN2085,Consumer - KPR Non Subsidi,1009.19,245.11,1,8.05,1.64,ACTIVE
2025-02,LN2086,Commercial - Investasi,1317.8,320.06,1,8.97,2.39,ACTIVE
2025-02,LN2088,Commercial - Konstruksi,1530.17,371.64,1,9.5,2.94,ACTIVE
2025-02,LN2089,Consumer - Non KPR,970.66,235.75,1,10.5,2.06,ACTIVE
2025-02,LN2090,Consumer - Multimanfaat,1369.66,332.65,1,9.46,2.62,ACTIVE
2025-02,LN2091,Consumer - KPR Non Subsidi,1760.12,427.49,1,8.38,2.99,ACTIVE
2025-02,LN2092,Consumer - Multimanfaat,1211.81,294.32,2,8.96,2.2,ACTIVE
2025-02,LN2093,Consumer - KPR Non Subsidi,833.35,202.4,1,9.08,1.53,ACTIVE
2025-02,LN2094,Commercial - Modal Kerja,1466.29,356.12,1,9.33,2.77,ACTIVE
2025-02,LN2095,Consumer - KPR Subsidi,1556.61,378.06,1,5.25,1.65,ACTIVE
2025-02,LN2096,Consumer - KPR Subsidi,630.76,153.19,1,5.17,0.66,ACTIVE
2025-02,LN2097,Consumer - KPR Non Subsidi,1647.96,400.25,1,8.75,2.92,ACTIVE
2025-02,LN2098,Consumer - Non KPR,1100.34,267.24,1,10.66,2.37,ACTIVE
2025-02,LN2099,Consumer - KPR Subsidi,1266.73,307.65,1,5.58,1.43,ACTIVE
2025-02,LN2100,Consumer - KPR Non Subsidi,1107.37,268.95,1,8.64,1.94,ACTIVE
2025-02,LN2102,Consumer - KPR Subsidi,1074.76,261.03,1,5.32,1.16,ACTIVE
2025-02,LN2103,Consumer - KPR Non Subsidi,958.12,232.7,1,8.42,1.63,ACTIVE
2025-02,LN2104,Consumer - Multimanfaat,887.88,215.64,1,9.34,1.68,ACTIVE
2025-02,LN2105,Commercial - Investasi,1136.57,276.04,1,8.24,1.9,ACTIVE
2025-02,LN2106,Consumer - KPR Subsidi,1531.5,371.96,1,5.04,1.56,ACTIVE
2025-02,LN2107,Consumer - KPR Non Subsidi,629.51,152.89,1,9.0,1.15,ACTIVE
2025-02,LN2108,Consumer - KPR Non Subsidi,1029.01,249.92,2,8.68,1.81,ACTIVE
2025-02,LN2109,Commercial - Investasi,1006.58,244.47,1,8.71,1.77,ACTIVE
2025-02,LN2110,Consumer - KPR Subsidi,1774.75,431.04,1,4.49,1.61,ACTIVE
2025-02,LN2112,Commercial - Investasi,974.58,236.7,1,9.11,1.8,ACTIVE
2025-02,LN2113,Consumer - KPR Non Subsidi,940.0,228.3,2,7.91,1.5,ACTIVE
2025-02,LN2114,Consumer - KPR Subsidi,1170.27,284.23,1,4.76,1.13,ACTIVE
2025-02,LN2116,Consumer - KPR Non Subsidi,1775.18,431.14,1,8.6,3.09,ACTIVE
2025-02,LN2117,Consumer - KPR Subsidi,747.36,181.51,1,4.96,0.75,ACTIVE
2025-02,LN2118,Commercial - Investasi,972.65,236.23,1,9.18,1.81,ACTIVE
2025-02,LN2119,Commercial - Modal Kerja,448.44,108.91,1,8.55,0.78,ACTIVE
2025-02,LN2120,Consumer - KPR Non Subsidi,678.29,164.74,1,9.1,1.25,ACTIVE
2025-02,LN2121,Commercial - Konstruksi,1576.9,382.99,1,10.49,3.35,ACTIVE
2025-02,LN2123,Commercial - Investasi,1341.67,325.86,1,8.99,2.44,ACTIVE
2025-02,LN2124,Consumer - Non KPR,1563.64,379.77,1,10.51,3.33,ACTIVE
2025-02,LN2125,Consumer - KPR Subsidi,1687.25,409.79,3,5.27,1.8,ACTIVE
2025-02,LN2126,Commercial - Investasi,1016.2,246.81,1,8.42,1.73,ACTIVE
2025-02,LN2128,Consumer - KPR Non Subsidi,621.43,150.93,1,8.92,1.12,ACTIVE
2025-02,LN2130,Consumer - KPR Non Subsidi,714.99,173.65,1,8.72,1.26,ACTIVE
2025-02,LN2131,Consumer - KPR Subsidi,916.19,222.52,1,5.17,0.96,ACTIVE
2025-02,LN2132,Consumer - Non KPR,1244.06,302.15,1,10.3,2.59,ACTIVE
2025-02,LN2133,Commercial - Konstruksi,1727.28,419.51,1,9.66,3.38,ACTIVE
2025-02,LN2134,Consumer - KPR Subsidi,567.24,137.77,1,4.93,0.57,ACTIVE
2025-02,LN2135,Commercial - Modal Kerja,1402.25,340.57,1,8.97,2.55,ACTIVE
2025-02,LN2137,Commercial - Investasi,1229.52,298.62,1,9.27,2.31,ACTIVE
2025-02,LN2138,Consumer - KPR Non Subsidi,1687.86,409.94,1,8.92,3.05,ACTIVE
2025-02,LN2139,Commercial - Modal Kerja,1280.55,311.01,1,9.6,2.49,ACTIVE
2025-02,LN2140,Consumer - KPR Non Subsidi,1298.65,315.41,1,8.32,2.19,ACTIVE
2025-02,LN2141,Consumer - Non KPR,1646.82,399.97,1,10.21,3.4,ACTIVE
2025-02,LN2142,Consumer - Multimanfaat,454.32,110.34,1,8.93,0.82,ACTIVE
2025-02,LN2144,Commercial - Investasi,1150.9,268.56,2,9.18,2.05,ACTIVE
2025-02,LN2145,Consumer - Multimanfaat,882.18,199.55,1,9.47,1.57,ACTIVE
2025-02,LN2146,Commercial - Modal Kerja,1366.91,328.73,1,8.5,2.33,ACTIVE
2025-02,LN2147,Consumer - KPR Subsidi,749.58,182.05,1,4.73,0.72,ACTIVE
2025-02,LN2148,Commercial - Modal Kerja,1388.78,314.15,1,9.34,2.45,ACTIVE
2025-02,LN2149,Consumer - Multimanfaat,1439.56,332.49,1,9.41,2.61,ACTIVE
2025-02,LN2151,Consumer - KPR Subsidi,1125.23,257.21,1,4.75,1.02,ACTIVE
2025-02,LN2152,Consumer - Multimanfaat,1182.67,273.16,1,9.44,2.15,ACTIVE
2025-02,LN2153,Commercial - Modal Kerja,1387.78,337.05,1,8.78,2.47,ACTIVE
2025-02,LN2154,Consumer - KPR Subsidi,1760.23,414.94,1,5.16,1.78,ACTIVE
2025-02,LN2155,Consumer - KPR Non Subsidi,1512.51,352.94,1,8.79,2.59,ACTIVE
2025-02,LN2156,Commercial - Modal Kerja,1020.53,235.71,1,9.36,1.84,ACTIVE
2025-02,LN2157,Consumer - KPR Subsidi,609.28,140.72,1,4.55,0.53,ACTIVE
2025-02,LN2158,Commercial - Konstruksi,811.45,191.28,1,9.76,1.56,ACTIVE
2025-02,LN2159,Consumer - KPR Non Subsidi,622.87,143.86,1,8.63,1.03,ACTIVE
2025-02,LN2160,Consumer - Non KPR,1072.67,257.97,1,10.45,2.25,ACTIVE
2025-02,LN2161,Consumer - Multimanfaat,1220.17,290.54,1,9.89,2.39,ACTIVE
2025-02,LN2162,Consumer - Non KPR,1513.41,349.55,1,10.22,2.98,ACTIVE
2025-02,LN2163,Commercial - Modal Kerja,537.53,125.43,1,9.58,1.0,ACTIVE
2025-02,LN2164,Consumer - KPR Subsidi,924.17,213.45,1,4.46,0.79,ACTIVE
2025-02,LN2165,Consumer - KPR Subsidi,1396.57,339.19,1,5.03,1.42,ACTIVE
2025-02,LN2166,Commercial - Investasi,912.44,208.57,2,8.29,1.44,ACTIVE
2025-02,LN2167,Commercial - Modal Kerja,1142.1,271.95,1,8.41,1.91,ACTIVE
2025-02,LN2168,Commercial - Modal Kerja,905.27,219.87,1,8.46,1.55,ACTIVE
2025-02,LN2169,Commercial - Konstruksi,2091.54,507.98,2,10.04,4.25,ACTIVE
2025-02,LN2170,Consumer - KPR Non Subsidi,504.72,120.18,1,9.06,0.91,ACTIVE
2025-02,LN2171,Commercial - Modal Kerja,1456.31,336.36,2,8.81,2.47,ACTIVE
2025-02,LN2172,Consumer - Multimanfaat,1091.29,265.05,3,9.87,2.18,ACTIVE
2025-02,LN2173,Commercial - Modal Kerja,398.42,93.92,1,8.6,0.67,ACTIVE
2025-02,LN2174,Commercial - Investasi,1588.92,374.56,1,8.39,2.62,ACTIVE
2025-02,LN2175,Consumer - KPR Non Subsidi,1238.72,294.95,1,8.84,2.17,ACTIVE
2025-02,LN2176,Consumer - KPR Subsidi,1430.23,337.15,1,4.76,1.34,ACTIVE
2025-02,LN2177,Commercial - Investasi,1506.89,344.45,1,8.86,2.54,ACTIVE
2025-02,LN2179,Consumer - KPR Subsidi,959.85,217.12,1,4.65,0.84,ACTIVE
2025-02,LN2180,Consumer - Non KPR,1719.16,417.54,1,10.16,3.54,ACTIVE
2025-02,LN2181,Consumer - KPR Subsidi,657.74,159.75,1,4.79,0.64,ACTIVE
2025-02,LN2182,Consumer - Non KPR,891.27,216.47,1,10.16,1.83,ACTIVE
2025-02,LN2183,Commercial - Modal Kerja,725.65,176.24,1,9.1,1.34,ACTIVE
2025-02,LN2184,Consumer - KPR Non Subsidi,1335.74,324.42,1,8.1,2.19,ACTIVE
2025-02,LN2185,Consumer - KPR Non Subsidi,1494.79,348.81,1,7.91,2.3,ACTIVE
2025-02,LN2186,Consumer - KPR Subsidi,1136.05,273.21,2,4.42,1.01,ACTIVE
2025-02,LN2187,Consumer - KPR Subsidi,1693.87,407.36,2,5.2,1.77,ACTIVE
2025-02,LN2188,Consumer - Non KPR,1166.73,263.92,2,10.39,2.29,ACTIVE
2025-02,LN2189,Consumer - KPR Subsidi,1674.99,394.85,1,5.37,1.77,ACTIVE
2025-02,LN2190,Consumer - KPR Non Subsidi,1631.84,388.56,1,8.88,2.88,ACTIVE
2025-02,LN2191,Commercial - Investasi,580.86,135.54,1,8.56,0.97,ACTIVE
2025-02,LN2192,Commercial - Modal Kerja,1467.09,338.85,1,9.15,2.58,ACTIVE
2025-02,LN2193,Consumer - KPR Subsidi,530.87,125.14,1,4.79,0.5,ACTIVE
2025-02,LN2194,Consumer - KPR Subsidi,689.74,159.31,1,4.5,0.6,ACTIVE
2025-02,LN2195,Commercial - Konstruksi,1629.38,391.85,1,9.57,3.13,ACTIVE
2025-02,LN2196,Commercial - Investasi,1179.39,286.44,1,8.36,2.0,ACTIVE
2025-02,LN2197,Consumer - KPR Non Subsidi,752.56,182.78,1,8.83,1.34,ACTIVE
2025-02,LN2198,Consumer - KPR Non Subsidi,1473.67,350.9,1,9.05,2.65,ACTIVE
2025-02,LN2199,Commercial - Modal Kerja,712.59,169.68,2,9.05,1.28,ACTIVE
2025-02,LN2200,Consumer - Non KPR,517.38,121.96,1,10.61,1.08,ACTIVE
2025-02,LN2201,Commercial - Konstruksi,976.65,234.88,1,10.55,2.06,ACTIVE
2025-02,LN2202,Commercial - Konstruksi,1128.87,258.04,1,9.45,2.03,ACTIVE
2025-02,LN2203,Commercial - Investasi,1207.8,278.96,1,8.68,2.02,ACTIVE
2025-02,LN2204,Consumer - KPR Subsidi,911.51,204.02,1,4.64,0.79,ACTIVE
2025-02,LN2205,Consumer - KPR Subsidi,1322.99,289.82,1,4.69,1.13,ACTIVE
2025-02,LN2206,Commercial - Konstruksi,1603.4,343.61,1,10.58,3.03,ACTIVE
2025-02,LN2208,Commercial - Modal Kerja,531.1,118.87,1,9.42,0.93,ACTIVE
2025-02,LN2214,Commercial - Konstruksi,910.34,203.76,1,9.97,1.69,ACTIVE
2025-02,LN2216,Consumer - KPR Non Subsidi,588.11,131.63,1,8.9,0.98,ACTIVE
2025-02,LN2217,Consumer - KPR Non Subsidi,1568.87,343.68,1,8.4,2.41,ACTIVE
2025-02,LN2218,Commercial - Modal Kerja,1497.36,335.15,2,8.71,2.43,ACTIVE
2025-02,LN2223,Consumer - KPR Non Subsidi,1264.91,283.12,2,9.07,2.14,ACTIVE
2025-02,LN2224,Commercial - Modal Kerja,1240.2,268.73,2,9.22,2.06,ACTIVE
2025-02,LN2225,Commercial - Investasi,1519.78,329.31,2,8.9,2.44,ACTIVE
2025-02,LN2227,Commercial - Konstruksi,1548.12,346.51,1,9.76,2.82,ACTIVE
2025-02,LN2229,Consumer - Multimanfaat,1213.37,265.8,1,10.04,2.22,ACTIVE
2025-02,LN2230,Consumer - KPR Non Subsidi,936.97,203.02,1,9.03,1.53,ACTIVE
2025-02,LN2232,Commercial - Investasi,596.82,129.32,1,8.82,0.95,ACTIVE
2025-02,LN2235,Commercial - Modal Kerja,1444.53,316.44,1,8.97,2.37,ACTIVE
2025-02,LN2237,Commercial - Modal Kerja,531.67,116.47,1,8.84,0.86,ACTIVE
2025-02,LN2238,Consumer - KPR Subsidi,1042.03,228.27,1,4.57,0.87,ACTIVE
2025-02,LN2240,Commercial - Modal Kerja,1035.35,226.81,1,8.79,1.66,ACTIVE
2025-02,LN2241,Commercial - Konstruksi,1364.07,295.57,1,9.88,2.43,ACTIVE
2025-02,LN2243,Consumer - KPR Non Subsidi,1540.56,341.15,1,8.05,2.29,ACTIVE
2025-03,LN2025,Commercial - Investasi,1441.07,356.83,1,8.44,2.51,ACTIVE
2025-03,LN2026,Consumer - KPR Non Subsidi,1497.01,370.68,1,8.92,2.76,ACTIVE
2025-03,LN2027,Consumer - KPR Subsidi,1406.44,348.25,1,4.93,1.43,ACTIVE
2025-03,LN2029,Consumer - KPR Non Subsidi,1782.56,441.39,2,8.63,3.17,ACTIVE
2025-03,LN2030,Commercial - Investasi,722.1,178.8,2,8.46,1.26,ACTIVE
2025-03,LN2031,Commercial - Investasi,495.23,122.63,1,8.26,0.84,ACTIVE
2025-03,LN2032,Commercial - Investasi,1189.7,294.59,1,8.96,2.2,ACTIVE
2025-03,LN2033,Consumer - KPR Subsidi,1443.01,357.31,1,4.68,1.39,ACTIVE
2025-03,LN2034,Commercial - Investasi,1317.68,326.28,1,8.17,2.22,ACTIVE
2025-03,LN2035,Consumer - KPR Subsidi,1712.29,423.99,2,4.99,1.76,ACTIVE
2025-03,LN2037,Consumer - Multimanfaat,1543.95,382.3,1,9.04,2.88,ACTIVE
2025-03,LN2039,Consumer - KPR Subsidi,516.38,127.86,1,4.53,0.48,ACTIVE
2025-03,LN2040,Consumer - KPR Non Subsidi,851.69,210.89,2,8.23,1.45,ACTIVE
2025-03,LN2041,Consumer - KPR Non Subsidi,1652.31,409.14,1,8.45,2.88,ACTIVE
2025-03,LN2043,Commercial - Modal Kerja,645.35,159.8,1,9.59,1.28,ACTIVE
2025-03,LN2044,Commercial - Modal Kerja,377.2,93.4,1,8.85,0.69,ACTIVE
2025-03,LN2045,Commercial - Modal Kerja,1278.93,316.68,1,8.97,2.37,ACTIVE
2025-03,LN2046,Consumer - KPR Subsidi,1373.17,340.02,1,5.44,1.54,ACTIVE
2025-03,LN2047,Commercial - Konstruksi,1591.3,394.03,1,10.46,3.43,ACTIVE
2025-03,LN2048,Commercial - Modal Kerja,433.25,107.28,2,8.41,0.75,ACTIVE
2025-03,LN2049,Commercial - Konstruksi,1247.08,308.79,1,10.53,2.71,ACTIVE
2025-03,LN2050,Commercial - Modal Kerja,946.22,234.3,2,9.03,1.76,ACTIVE
2025-03,LN2051,Consumer - KPR Subsidi,812.2,201.11,1,4.68,0.78,ACTIVE
2025-03,LN2053,Commercial - Investasi,1304.17,322.93,1,9.19,2.47,ACTIVE
2025-03,LN2054,Consumer - KPR Non Subsidi,1276.06,315.97,1,8.84,2.33,ACTIVE
2025-03,LN2055,Commercial - Konstruksi,1633.64,404.51,1,9.86,3.32,ACTIVE
2025-03,LN2056,Consumer - KPR Subsidi,1154.42,285.85,1,4.84,1.15,ACTIVE
2025-03,LN2057,Commercial - Investasi,393.22,97.37,1,8.74,0.71,ACTIVE
2025-03,LN2058,Commercial - Konstruksi,921.76,228.24,1,10.31,1.96,ACTIVE
2025-03,LN2060,Commercial - Investasi,849.97,210.46,1,8.72,1.53,ACTIVE
2025-03,LN2061,Consumer - KPR Non Subsidi,1120.23,277.38,1,8.24,1.9,ACTIVE
2025-03,LN2062,Consumer - KPR Non Subsidi,625.14,154.79,1,8.42,1.09,ACTIVE
2025-03,LN2063,Commercial - Investasi,742.11,183.76,3,8.41,1.29,ACTIVE
2025-03,LN2064,Commercial - Investasi,1111.02,275.1,1,9.29,2.13,ACTIVE
2025-03,LN2065,Consumer - KPR Non Subsidi,678.9,168.11,1,8.76,1.23,ACTIVE
2025-03,LN2066,Consumer - KPR Subsidi,1125.14,278.6,1,5.42,1.26,ACTIVE
2025-03,LN2067,Consumer - KPR Subsidi,1329.45,329.19,1,5.54,1.52,ACTIVE
2025-03,LN2068,Consumer - KPR Subsidi,939.95,232.74,1,4.77,0.93,ACTIVE
2025-03,LN2069,Consumer - KPR Non Subsidi,1731.13,428.65,1,8.46,3.02,ACTIVE
2025-03,LN2070,Consumer - KPR Non Subsidi,1642.02,406.59,1,8.55,2.9,ACTIVE
2025-03,LN2071,Consumer - Multimanfaat,508.27,125.85,1,9.91,1.04,ACTIVE
2025-03,LN2072,Commercial - Investasi,1475.32,365.31,1,8.73,2.66,ACTIVE
2025-03,LN2074,Commercial - Konstruksi,894.99,221.61,1,10.54,1.95,ACTIVE
2025-03,LN2075,Consumer - Non KPR,997.02,246.88,1,10.48,2.16,ACTIVE
2025-03,LN2076,Commercial - Investasi,1077.94,266.91,1,8.76,1.95,ACTIVE
2025-03,LN2077,Commercial - Modal Kerja,916.66,226.98,1,8.55,1.62,ACTIVE
2025-03,LN2078,Commercial - Konstruksi,2139.28,529.72,3,10.51,4.64,ACTIVE
2025-03,LN2079,Consumer - Multimanfaat,706.8,175.01,1,10.07,1.47,ACTIVE
2025-03,LN2081,Commercial - Konstruksi,1881.11,465.79,1,9.85,3.82,ACTIVE
2025-03,LN2082,Consumer - KPR Non Subsidi,512.48,126.9,1,8.97,0.95,ACTIVE
2025-03,LN2083,Consumer - KPR Non Subsidi,1790.38,443.32,1,8.05,2.97,ACTIVE
2025-03,LN2084,Consumer - KPR Subsidi,824.51,204.16,5,5.15,0.88,ACTIVE
2025-03,LN2085,Consumer - KPR Non Subsidi,1009.19,249.89,1,8.05,1.68,ACTIVE
2025-03,LN2086,Commercial - Investasi,1317.8,326.31,1,8.97,2.44,ACTIVE
2025-03,LN2088,Commercial - Konstruksi,1530.17,378.89,1,9.5,3.0,ACTIVE
2025-03,LN2089,Consumer - Non KPR,970.66,240.35,1,10.5,2.1,ACTIVE
2025-03,LN2090,Consumer - Multimanfaat,1369.66,339.15,1,9.46,2.67,ACTIVE
2025-03,LN2091,Consumer - KPR Non Subsidi,1760.12,435.83,1,8.38,3.04,ACTIVE
2025-03,LN2092,Consumer - Multimanfaat,1211.81,300.06,2,8.96,2.24,ACTIVE
2025-03,LN2093,Consumer - KPR Non Subsidi,833.35,206.35,1,9.08,1.56,ACTIVE
2025-03,LN2094,Commercial - Modal Kerja,1466.29,363.07,1,9.33,2.82,ACTIVE
2025-03,LN2095,Consumer - KPR Subsidi,1556.61,385.44,1,5.25,1.69,ACTIVE
2025-03,LN2097,Consumer - KPR Non Subsidi,1647.96,408.06,1,8.75,2.98,ACTIVE
2025-03,LN2098,Consumer - Non KPR,1100.34,272.46,1,10.66,2.42,ACTIVE
2025-03,LN2099,Consumer - KPR Subsidi,1266.73,313.66,1,5.58,1.46,ACTIVE
2025-03,LN2100,Consumer - KPR Non Subsidi,1107.37,274.2,1,8.64,1.97,ACTIVE
2025-03,LN2102,Consumer - KPR Subsidi,1074.76,266.13,1,5.32,1.18,ACTIVE
2025-03,LN2103,Consumer - KPR Non Subsidi,958.12,237.24,1,8.42,1.66,ACTIVE
2025-03,LN2104,Consumer - Multimanfaat,887.88,219.85,1,9.34,1.71,ACTIVE
2025-03,LN2105,Commercial - Investasi,1136.57,281.43,1,8.24,1.93,ACTIVE
2025-03,LN2106,Consumer - KPR Subsidi,1531.5,379.22,1,5.04,1.59,ACTIVE
2025-03,LN2107,Consumer - KPR Non Subsidi,629.51,155.88,1,9.0,1.17,ACTIVE
2025-03,LN2108,Consumer - KPR Non Subsidi,1029.01,254.8,2,8.68,1.84,ACTIVE
2025-03,LN2110,Consumer - KPR Subsidi,1774.75,439.45,1,4.49,1.64,ACTIVE
2025-03,LN2112,Commercial - Investasi,974.58,241.32,1,9.11,1.83,ACTIVE
2025-03,LN2113,Consumer - KPR Non Subsidi,940.0,232.76,2,7.91,1.53,ACTIVE
2025-03,LN2114,Consumer - KPR Subsidi,1170.27,289.78,1,4.76,1.15,ACTIVE
2025-03,LN2116,Consumer - KPR Non Subsidi,1775.18,439.56,1,8.6,3.15,ACTIVE
2025-03,LN2117,Consumer - KPR Subsidi,747.36,185.06,1,4.96,0.76,ACTIVE
2025-03,LN2118,Commercial - Investasi,972.65,240.84,1,9.18,1.84,ACTIVE
2025-03,LN2119,Commercial - Modal Kerja,448.44,111.04,1,8.55,0.79,ACTIVE
2025-03,LN2120,Consumer - KPR Non Subsidi,678.29,167.95,1,9.1,1.27,ACTIVE
2025-03,LN2121,Commercial - Konstruksi,1576.9,390.46,1,10.49,3.41,ACTIVE
2025-03,LN2123,Commercial - Investasi,1341.67,332.22,1,8.99,2.49,ACTIVE
2025-03,LN2124,Consumer - Non KPR,1563.64,387.18,1,10.51,3.39,ACTIVE
2025-03,LN2125,Consumer - KPR Subsidi,1687.25,417.79,3,5.27,1.83,ACTIVE
2025-03,LN2128,Consumer - KPR Non Subsidi,621.43,153.87,1,8.92,1.14,ACTIVE
2025-03,LN2130,Consumer - KPR Non Subsidi,714.99,177.04,1,8.72,1.29,ACTIVE
2025-03,LN2131,Consumer - KPR Subsidi,916.19,226.86,1,5.17,0.98,ACTIVE
2025-03,LN2132,Consumer - Non KPR,1244.06,308.05,1,10.3,2.64,ACTIVE
2025-03,LN2133,Commercial - Konstruksi,1727.28,427.7,1,9.66,3.44,ACTIVE
2025-03,LN2134,Consumer - KPR Subsidi,567.24,140.46,1,4.93,0.58,ACTIVE
2025-03,LN2135,Commercial - Modal Kerja,1402.25,347.22,1,8.97,2.6,ACTIVE
2025-03,LN2137,Commercial - Investasi,1229.52,304.45,1,9.27,2.35,ACTIVE
2025-03,LN2138,Consumer - KPR Non Subsidi,1687.86,417.94,1,8.92,3.11,ACTIVE
2025-03,LN2139,Commercial - Modal Kerja,1280.55,317.08,1,9.6,2.54,ACTIVE
2025-03,LN2140,Consumer - KPR Non Subsidi,1298.65,321.56,1,8.32,2.23,ACTIVE
2025-03,LN2141,Consumer - Non KPR,1646.82,407.78,1,10.21,3.47,ACTIVE
2025-03,LN2142,Consumer - Multimanfaat,454.32,112.5,1,8.93,0.84,ACTIVE
2025-03,LN2144,Commercial - Investasi,1150.9,276.6,2,9.18,2.12,ACTIVE
2025-03,LN2145,Consumer - Multimanfaat,882.18,205.59,1,9.47,1.62,ACTIVE
2025-03,LN2146,Commercial - Modal Kerja,1366.91,338.47,1,8.5,2.4,ACTIVE
2025-03,LN2147,Consumer - KPR Subsidi,749.58,185.61,1,4.73,0.73,ACTIVE
2025-03,LN2148,Commercial - Modal Kerja,1388.78,323.65,1,9.34,2.52,ACTIVE
2025-03,LN2149,Consumer - Multimanfaat,1439.56,342.48,1,9.41,2.69,ACTIVE
2025-03,LN2151,Consumer - KPR Subsidi,1125.23,264.96,1,4.75,1.05,ACTIVE
2025-03,LN2152,Consumer - Multimanfaat,1182.67,281.36,1,9.44,2.21,ACTIVE
2025-03,LN2153,Commercial - Modal Kerja,1387.78,343.63,1,8.78,2.51,ACTIVE
2025-03,LN2154,Consumer - KPR Subsidi,1760.23,427.31,1,5.16,1.84,ACTIVE
2025-03,LN2155,Consumer - KPR Non Subsidi,1512.51,363.5,1,8.79,2.66,ACTIVE
2025-03,LN2156,Commercial - Modal Kerja,1020.53,242.79,1,9.36,1.89,ACTIVE
2025-03,LN2157,Consumer - KPR Subsidi,609.28,144.95,1,4.55,0.55,ACTIVE
2025-03,LN2158,Commercial - Konstruksi,811.45,196.99,1,9.76,1.6,ACTIVE
2025-03,LN2159,Consumer - KPR Non Subsidi,622.87,148.18,1,8.63,1.07,ACTIVE
2025-03,LN2160,Consumer - Non KPR,1072.67,265.61,1,10.45,2.31,ACTIVE
2025-03,LN2161,Consumer - Multimanfaat,1220.17,299.17,1,9.89,2.47,ACTIVE
2025-03,LN2162,Consumer - Non KPR,1513.41,360.05,1,10.22,3.07,ACTIVE
2025-03,LN2163,Commercial - Modal Kerja,537.53,129.19,1,9.58,1.03,ACTIVE
2025-03,LN2164,Consumer - KPR Subsidi,924.17,219.86,1,4.46,0.82,ACTIVE
2025-03,LN2165,Consumer - KPR Subsidi,1396.57,345.81,1,5.03,1.45,ACTIVE
2025-03,LN2166,Commercial - Investasi,912.44,214.86,2,8.29,1.48,ACTIVE
2025-03,LN2167,Commercial - Modal Kerja,1142.1,280.03,1,8.41,1.96,ACTIVE
2025-03,LN2169,Commercial - Konstruksi,2091.54,517.89,2,10.04,4.33,ACTIVE
2025-03,LN2170,Consumer - KPR Non Subsidi,504.72,123.75,1,9.06,0.93,ACTIVE
2025-03,LN2171,Commercial - Modal Kerja,1456.31,346.46,2,8.81,2.54,ACTIVE
2025-03,LN2172,Consumer - Multimanfaat,1091.29,270.22,3,9.87,2.22,ACTIVE
2025-03,LN2173,Commercial - Modal Kerja,398.42,96.72,1,8.6,0.69,ACTIVE
2025-03,LN2174,Commercial - Investasi,1588.92,385.72,1,8.39,2.7,ACTIVE
2025-03,LN2175,Consumer - KPR Non Subsidi,1238.72,303.72,1,8.84,2.24,ACTIVE
2025-03,LN2176,Consumer - KPR Subsidi,1430.23,347.2,1,4.76,1.38,ACTIVE
2025-03,LN2177,Commercial - Investasi,1506.89,354.84,1,8.86,2.62,ACTIVE
2025-03,LN2179,Consumer - KPR Subsidi,959.85,223.69,1,4.65,0.87,ACTIVE
2025-03,LN2180,Consumer - Non KPR,1719.16,425.69,1,10.16,3.6,ACTIVE
2025-03,LN2182,Consumer - Non KPR,891.27,220.69,1,10.16,1.87,ACTIVE
2025-03,LN2183,Commercial - Modal Kerja,725.65,179.68,1,9.1,1.36,ACTIVE
2025-03,LN2186,Consumer - KPR Subsidi,1136.05,281.3,2,4.42,1.04,ACTIVE
2025-03,LN2187,Consumer - KPR Subsidi,1693.87,419.43,2,5.2,1.82,ACTIVE
2025-03,LN2188,Consumer - Non KPR,1166.73,271.9,2,10.39,2.35,ACTIVE
2025-03,LN2189,Consumer - KPR Subsidi,1674.99,406.62,1,5.37,1.82,ACTIVE
2025-03,LN2190,Consumer - KPR Non Subsidi,1631.84,400.11,1,8.88,2.96,ACTIVE
2025-03,LN2191,Commercial - Investasi,580.86,139.6,1,8.56,1.0,ACTIVE
2025-03,LN2192,Commercial - Modal Kerja,1467.09,349.03,1,9.15,2.66,ACTIVE
2025-03,LN2193,Consumer - KPR Subsidi,530.87,128.87,1,4.79,0.51,ACTIVE
2025-03,LN2194,Consumer - KPR Subsidi,689.74,164.09,1,4.5,0.62,ACTIVE
2025-03,LN2195,Commercial - Konstruksi,1629.38,403.46,1,9.57,3.22,ACTIVE
2025-03,LN2196,Commercial - Investasi,1179.39,292.03,1,8.36,2.03,ACTIVE
2025-03,LN2197,Consumer - KPR Non Subsidi,752.56,186.34,1,8.83,1.37,ACTIVE
2025-03,LN2198,Consumer - KPR Non Subsidi,1473.67,361.32,1,9.05,2.72,ACTIVE
2025-03,LN2199,Commercial - Modal Kerja,712.59,174.72,2,9.05,1.32,ACTIVE
2025-03,LN2200,Consumer - Non KPR,517.38,125.6,1,10.61,1.11,ACTIVE
2025-03,LN2201,Commercial - Konstruksi,976.65,241.83,1,10.55,2.13,ACTIVE
2025-03,LN2202,Commercial - Konstruksi,1128.87,265.82,1,9.45,2.09,ACTIVE
2025-03,LN2203,Commercial - Investasi,1207.8,287.34,1,8.68,2.08,ACTIVE
2025-03,LN2204,Consumer - KPR Subsidi,911.51,210.21,1,4.64,0.81,ACTIVE
2025-03,LN2205,Consumer - KPR Subsidi,1322.99,298.69,1,4.69,1.17,ACTIVE
2025-03,LN2206,Commercial - Konstruksi,1603.4,354.21,1,10.58,3.12,ACTIVE
2025-03,LN2208,Commercial - Modal Kerja,531.1,122.48,1,9.42,0.96,ACTIVE
2025-03,LN2210,Commercial - Investasi,520.49,113.72,2,8.28,0.78,ACTIVE
2025-03,LN2211,Consumer - KPR Non Subsidi,513.51,112.19,2,8.68,0.81,ACTIVE
2025-03,LN2213,Commercial - Konstruksi,1909.21,417.13,2,9.76,3.39,ACTIVE
2025-03,LN2214,Commercial - Konstruksi,910.34,209.94,1,9.97,1.74,ACTIVE
2025-03,LN2216,Consumer - KPR Non Subsidi,588.11,135.63,1,8.9,1.01,ACTIVE
2025-03,LN2217,Consumer - KPR Non Subsidi,1568.87,354.2,1,8.4,2.48,ACTIVE
2025-03,LN2218,Commercial - Modal Kerja,1497.36,345.32,2,8.71,2.51,ACTIVE
2025-03,LN2220,Consumer - KPR Non Subsidi,1275.74,278.73,1,7.96,1.85,ACTIVE
2025-03,LN2223,Consumer - KPR Non Subsidi,1264.91,291.71,2,9.07,2.2,ACTIVE
2025-03,LN2224,Commercial - Modal Kerja,1240.2,276.98,2,9.22,2.13,ACTIVE
2025-03,LN2225,Commercial - Investasi,1519.78,339.42,2,8.9,2.52,ACTIVE
2025-03,LN2226,Commercial - Modal Kerja,540.02,117.99,1,8.57,0.84,ACTIVE
2025-03,LN2227,Commercial - Konstruksi,1548.12,357.03,1,9.76,2.9,ACTIVE
2025-03,LN2229,Consumer - Multimanfaat,1213.37,273.94,1,10.04,2.29,ACTIVE
2025-03,LN2230,Consumer - KPR Non Subsidi,936.97,209.26,1,9.03,1.57,ACTIVE
2025-03,LN2232,Commercial - Investasi,596.82,133.29,1,8.82,0.98,ACTIVE
2025-03,LN2233,Consumer - KPR Non Subsidi,1139.76,249.02,1,7.97,1.65,ACTIVE
2025-03,LN2235,Commercial - Modal Kerja,1444.53,326.13,1,8.97,2.44,ACTIVE
2025-03,LN2237,Commercial - Modal Kerja,531.67,120.03,1,8.84,0.88,ACTIVE
2025-03,LN2238,Consumer - KPR Subsidi,1042.03,235.25,1,4.57,0.9,ACTIVE
2025-03,LN2240,Commercial - Modal Kerja,1035.35,233.75,1,8.79,1.71,ACTIVE
2025-03,LN2241,Commercial - Konstruksi,1364.07,304.65,1,9.88,2.51,ACTIVE
2025-03,LN2243,Consumer - KPR Non Subsidi,1540.56,351.55,1,8.05,2.36,ACTIVE
2025-04,LN2025,Commercial - Investasi,1441.07,369.11,1,8.44,2.6,ACTIVE
2025-04,LN2026,Consumer - KPR Non Subsidi,1497.01,383.44,1,8.92,2.85,ACTIVE
2025-04,LN2027,Consumer - KPR Subsidi,1406.44,360.24,1,4.93,1.48,ACTIVE
2025-04,LN2029,Consumer - KPR Non Subsidi,1782.56,456.58,2,8.63,3.28,ACTIVE
2025-04,LN2030,Commercial - Investasi,722.1,184.96,2,8.46,1.3,ACTIVE
2025-04,LN2031,Commercial - Investasi,495.23,126.85,1,8.26,0.87,ACTIVE
2025-04,LN2032,Commercial - Investasi,1189.7,304.73,1,8.96,2.28,ACTIVE
2025-04,LN2033,Consumer - KPR Subsidi,1443.01,369.61,1,4.68,1.44,ACTIVE
2025-04,LN2035,Consumer - KPR Subsidi,1712.29,438.58,2,4.99,1.82,ACTIVE
2025-04,LN2037,Consumer - Multimanfaat,1543.95,395.46,1,9.04,2.98,ACTIVE
2025-04,LN2039,Consumer - KPR Subsidi,516.38,132.26,1,4.53,0.5,ACTIVE
2025-04,LN2041,Consumer - KPR Non Subsidi,1652.31,423.22,1,8.45,2.98,ACTIVE
2025-04,LN2043,Commercial - Modal Kerja,645.35,165.3,1,9.59,1.32,ACTIVE
2025-04,LN2044,Commercial - Modal Kerja,377.2,96.61,1,8.85,0.71,ACTIVE
2025-04,LN2045,Commercial - Modal Kerja,1278.93,327.58,1,8.97,2.45,ACTIVE
2025-04,LN2046,Consumer - KPR Subsidi,1373.17,351.72,1,5.44,1.59,ACTIVE
2025-04,LN2048,Commercial - Modal Kerja,433.25,110.97,2,8.41,0.78,ACTIVE
2025-04,LN2049,Commercial - Konstruksi,1247.08,319.42,1,10.53,2.8,ACTIVE
2025-04,LN2050,Commercial - Modal Kerja,946.22,242.36,2,9.03,1.82,ACTIVE
2025-04,LN2051,Consumer - KPR Subsidi,812.2,208.03,1,4.68,0.81,ACTIVE
2025-04,LN2053,Commercial - Investasi,1304.17,334.05,1,9.19,2.56,ACTIVE
2025-04,LN2054,Consumer - KPR Non Subsidi,1276.06,326.85,1,8.84,2.41,ACTIVE
2025-04,LN2055,Commercial - Konstruksi,1633.64,418.44,1,9.86,3.44,ACTIVE
2025-04,LN2056,Consumer - KPR Subsidi,1154.42,295.69,1,4.84,1.19,ACTIVE
2025-04,LN2057,Commercial - Investasi,393.22,100.72,1,8.74,0.73,ACTIVE
2025-04,LN2058,Commercial - Konstruksi,921.76,236.1,1,10.31,2.03,ACTIVE
2025-04,LN2060,Commercial - Investasi,849.97,217.71,1,8.72,1.58,ACTIVE
2025-04,LN2061,Consumer - KPR Non Subsidi,1120.23,286.93,1,8.24,1.97,ACTIVE
2025-04,LN2062,Consumer - KPR Non Subsidi,625.14,160.12,1,8.42,1.12,ACTIVE
2025-04,LN2063,Commercial - Investasi,742.11,190.08,3,8.41,1.33,ACTIVE
2025-04,LN2064,Commercial - Investasi,1111.02,284.57,1,9.29,2.2,ACTIVE
2025-04,LN2066,Consumer - KPR Subsidi,1125.14,288.19,1,5.42,1.3,ACTIVE
2025-04,LN2067,Consumer - KPR Subsidi,1329.45,340.52,1,5.54,1.57,ACTIVE
2025-04,LN2068,Consumer - KPR Subsidi,939.95,240.76,1,4.77,0.96,ACTIVE
2025-04,LN2069,Consumer - KPR Non Subsidi,1731.13,443.41,1,8.46,3.13,ACTIVE
2025-04,LN2070,Consumer - KPR Non Subsidi,1642.02,420.58,1,8.55,3.0,ACTIVE
2025-04,LN2071,Consumer - Multimanfaat,508.27,130.19,1,9.91,1.08,ACTIVE
2025-04,LN2072,Commercial - Investasi,1475.32,377.88,1,8.73,2.75,ACTIVE
2025-04,LN2074,Commercial - Konstruksi,894.99,229.24,1,10.54,2.01,ACTIVE
2025-04,LN2075,Consumer - Non KPR,997.02,255.37,1,10.48,2.23,ACTIVE
2025-04,LN2076,Commercial - Investasi,1077.94,276.1,1,8.76,2.02,ACTIVE
2025-04,LN2077,Commercial - Modal Kerja,916.66,234.79,1,8.55,1.67,ACTIVE
2025-04,LN2078,Commercial - Konstruksi,2139.28,547.99,3,10.51,4.8,ACTIVE
2025-04,LN2079,Consumer - Multimanfaat,706.8,181.04,1,10.07,1.52,ACTIVE
2025-04,LN2081,Commercial - Konstruksi,1881.11,481.82,1,9.85,3.95,ACTIVE
2025-04,LN2082,Consumer - KPR Non Subsidi,512.48,131.27,1,8.97,0.98,ACTIVE
2025-04,LN2083,Consumer - KPR Non Subsidi,1790.38,458.58,1,8.05,3.08,ACTIVE
2025-04,LN2084,Consumer - KPR Subsidi,824.51,211.19,5,5.15,0.91,ACTIVE
2025-04,LN2085,Consumer - KPR Non Subsidi,1009.19,258.49,1,8.05,1.73,ACTIVE
2025-04,LN2086,Commercial - Investasi,1317.8,337.54,1,8.97,2.52,ACTIVE
2025-04,LN2088,Commercial - Konstruksi,1530.17,391.93,1,9.5,3.1,ACTIVE
2025-04,LN2089,Consumer - Non KPR,970.66,248.62,1,10.5,2.18,ACTIVE
2025-04,LN2090,Consumer - Multimanfaat,1369.66,350.82,1,9.46,2.77,ACTIVE
2025-04,LN2091,Consumer - KPR Non Subsidi,1760.12,450.83,1,8.38,3.15,ACTIVE
2025-04,LN2092,Consumer - Multimanfaat,1211.81,310.39,2,8.96,2.32,ACTIVE
2025-04,LN2093,Consumer - KPR Non Subsidi,833.35,213.45,1,9.08,1.62,ACTIVE
2025-04,LN2095,Consumer - KPR Subsidi,1556.61,398.71,1,5.25,1.74,ACTIVE
2025-04,LN2097,Consumer - KPR Non Subsidi,1647.96,422.1,1,8.75,3.08,ACTIVE
2025-04,LN2098,Consumer - Non KPR,1100.34,281.84,1,10.66,2.5,ACTIVE
2025-04,LN2099,Consumer - KPR Subsidi,1266.73,324.46,1,5.58,1.51,ACTIVE
2025-04,LN2100,Consumer - KPR Non Subsidi,1107.37,283.64,1,8.64,2.04,ACTIVE
2025-04,LN2102,Consumer - KPR Subsidi,1074.76,275.29,1,5.32,1.22,ACTIVE
2025-04,LN2103,Consumer - KPR Non Subsidi,958.12,245.41,1,8.42,1.72,ACTIVE
2025-04,LN2104,Consumer - Multimanfaat,887.88,227.42,1,9.34,1.77,ACTIVE
2025-04,LN2105,Commercial - Investasi,1136.57,291.12,1,8.24,2.0,ACTIVE
2025-04,LN2106,Consumer - KPR Subsidi,1531.5,392.27,1,5.04,1.65,ACTIVE
2025-04,LN2107,Consumer - KPR Non Subsidi,629.51,161.24,1,9.0,1.21,ACTIVE
2025-04,LN2108,Consumer - KPR Non Subsidi,1029.01,263.57,2,8.68,1.91,ACTIVE
2025-04,LN2110,Consumer - KPR Subsidi,1774.75,454.58,1,4.49,1.7,ACTIVE
2025-04,LN2112,Commercial - Investasi,974.58,249.63,1,9.11,1.9,ACTIVE
2025-04,LN2113,Consumer - KPR Non Subsidi,940.0,240.77,2,7.91,1.59,ACTIVE
2025-04,LN2114,Consumer - KPR Subsidi,1170.27,299.75,1,4.76,1.19,ACTIVE
2025-04,LN2116,Consumer - KPR Non Subsidi,1775.18,454.69,1,8.6,3.26,ACTIVE
2025-04,LN2117,Consumer - KPR Subsidi,747.36,191.43,1,4.96,0.79,ACTIVE
2025-04,LN2118,Commercial - Investasi,972.65,249.13,1,9.18,1.91,ACTIVE
2025-04,LN2119,Commercial - Modal Kerja,448.44,114.86,1,8.55,0.82,ACTIVE
2025-04,LN2120,Consumer - KPR Non Subsidi,678.29,173.74,1,9.1,1.32,ACTIVE
2025-04,LN2123,Commercial - Investasi,1341.67,343.65,1,8.99,2.57,ACTIVE
2025-04,LN2124,Consumer - Non KPR,1563.64,400.51,1,10.51,3.51,ACTIVE
2025-04,LN2125,Consumer - KPR Subsidi,1687.25,432.17,3,5.27,1.9,ACTIVE
2025-04,LN2128,Consumer - KPR Non Subsidi,621.43,159.17,1,8.92,1.18,ACTIVE
2025-04,LN2130,Consumer - KPR Non Subsidi,714.99,183.14,1,8.72,1.33,ACTIVE
2025-04,LN2131,Consumer - KPR Subsidi,916.19,234.67,1,5.17,1.01,ACTIVE
2025-04,LN2132,Consumer - Non KPR,1244.06,318.65,1,10.3,2.74,ACTIVE
2025-04,LN2133,Commercial - Konstruksi,1727.28,442.42,1,9.66,3.56,ACTIVE
2025-04,LN2134,Consumer - KPR Subsidi,567.24,145.29,1,4.93,0.6,ACTIVE
2025-04,LN2135,Commercial - Modal Kerja,1402.25,359.17,1,8.97,2.68,ACTIVE
2025-04,LN2137,Commercial - Investasi,1229.52,314.93,1,9.27,2.43,ACTIVE
2025-04,LN2138,Consumer - KPR Non Subsidi,1687.86,432.32,1,8.92,3.21,ACTIVE
2025-04,LN2139,Commercial - Modal Kerja,1280.55,328.0,1,9.6,2.62,ACTIVE
2025-04,LN2140,Consumer - KPR Non Subsidi,1298.65,332.63,1,8.32,2.31,ACTIVE
2025-04,LN2141,Consumer - Non KPR,1646.82,421.81,1,10.21,3.59,ACTIVE
2025-04,LN2142,Consumer - Multimanfaat,454.32,116.37,1,8.93,0.87,ACTIVE
2025-04,LN2144,Commercial - Investasi,1150.9,289.01,2,9.18,2.21,ACTIVE
2025-04,LN2145,Consumer - Multimanfaat,882.18,214.88,1,9.47,1.7,ACTIVE
2025-04,LN2146,Commercial - Modal Kerja,1366.91,350.12,1,8.5,2.48,ACTIVE
2025-04,LN2147,Consumer - KPR Subsidi,749.58,192.0,1,4.73,0.76,ACTIVE
2025-04,LN2148,Commercial - Modal Kerja,1388.78,338.28,1,9.34,2.63,ACTIVE
2025-04,LN2149,Consumer - Multimanfaat,1439.56,357.88,1,9.41,2.81,ACTIVE
2025-04,LN2151,Consumer - KPR Subsidi,1125.23,276.91,1,4.75,1.1,ACTIVE
2025-04,LN2152,Consumer - Multimanfaat,1182.67,294.02,1,9.44,2.31,ACTIVE
2025-04,LN2153,Commercial - Modal Kerja,1387.78,355.46,1,8.78,2.6,ACTIVE
2025-04,LN2154,Consumer - KPR Subsidi,1760.23,446.44,1,5.16,1.92,ACTIVE
2025-04,LN2155,Consumer - KPR Non Subsidi,1512.51,379.81,1,8.79,2.78,ACTIVE
2025-04,LN2156,Commercial - Modal Kerja,1020.53,253.71,1,9.36,1.98,ACTIVE
2025-04,LN2157,Consumer - KPR Subsidi,609.28,151.47,1,4.55,0.57,ACTIVE
2025-04,LN2158,Commercial - Konstruksi,811.45,205.8,1,9.76,1.67,ACTIVE
2025-04,LN2159,Consumer - KPR Non Subsidi,622.87,154.85,1,8.63,1.11,ACTIVE
2025-04,LN2160,Consumer - Non KPR,1072.67,274.75,1,10.45,2.39,ACTIVE
2025-04,LN2161,Consumer - Multimanfaat,1220.17,312.53,1,9.89,2.58,ACTIVE
2025-04,LN2162,Consumer - Non KPR,1513.41,376.24,1,10.22,3.2,ACTIVE
2025-04,LN2163,Commercial - Modal Kerja,537.53,134.98,1,9.58,1.08,ACTIVE
2025-04,LN2164,Consumer - KPR Subsidi,924.17,229.75,1,4.46,0.85,ACTIVE
2025-04,LN2165,Consumer - KPR Subsidi,1396.57,357.71,1,5.03,1.5,ACTIVE
2025-04,LN2166,Commercial - Investasi,912.44,224.54,2,8.29,1.55,ACTIVE
2025-04,LN2167,Commercial - Modal Kerja,1142.1,292.53,1,8.41,2.05,ACTIVE
2025-04,LN2169,Commercial - Konstruksi,2091.54,535.72,2,10.04,4.48,ACTIVE
2025-04,LN2170,Consumer - KPR Non Subsidi,504.72,129.28,1,9.06,0.98,ACTIVE
2025-04,LN2171,Commercial - Modal Kerja,1456.31,362.04,2,8.81,2.66,ACTIVE
2025-04,LN2172,Consumer - Multimanfaat,1091.29,279.52,3,9.87,2.3,ACTIVE
2025-04,LN2173,Commercial - Modal Kerja,398.42,101.05,1,8.6,0.72,ACTIVE
2025-04,LN2174,Commercial - Investasi,1588.92,402.99,1,8.39,2.82,ACTIVE
2025-04,LN2175,Consumer - KPR Non Subsidi,1238.72,317.28,1,8.84,2.34,ACTIVE
2025-04,LN2176,Consumer - KPR Subsidi,1430.23,362.74,1,4.76,1.44,ACTIVE
2025-04,LN2177,Commercial - Investasi,1506.89,370.83,1,8.86,2.74,ACTIVE
2025-04,LN2179,Consumer - KPR Subsidi,959.85,233.8,1,4.65,0.91,ACTIVE
2025-04,LN2182,Consumer - Non KPR,891.27,228.29,1,10.16,1.93,ACTIVE
2025-04,LN2183,Commercial - Modal Kerja,725.65,185.87,1,9.1,1.41,ACTIVE
2025-04,LN2186,Consumer - KPR Subsidi,1136.05,290.98,2,4.42,1.07,ACTIVE
2025-04,LN2188,Consumer - Non KPR,1166.73,284.19,2,10.39,2.46,ACTIVE
2025-04,LN2189,Consumer - KPR Subsidi,1674.99,424.82,1,5.37,1.9,ACTIVE
2025-04,LN2190,Consumer - KPR Non Subsidi,1631.84,417.98,1,8.88,3.09,ACTIVE
2025-04,LN2191,Commercial - Investasi,580.86,145.86,1,8.56,1.04,ACTIVE
2025-04,LN2192,Commercial - Modal Kerja,1467.09,364.72,1,9.15,2.78,ACTIVE
2025-04,LN2193,Consumer - KPR Subsidi,530.87,134.64,1,4.79,0.54,ACTIVE
2025-04,LN2194,Consumer - KPR Subsidi,689.74,171.47,1,4.5,0.64,ACTIVE
2025-04,LN2195,Commercial - Konstruksi,1629.38,417.34,1,9.57,3.33,ACTIVE
2025-04,LN2196,Commercial - Investasi,1179.39,302.09,1,8.36,2.1,ACTIVE
2025-04,LN2197,Consumer - KPR Non Subsidi,752.56,192.76,1,8.83,1.42,ACTIVE
2025-04,LN2198,Consumer - KPR Non Subsidi,1473.67,377.46,1,9.05,2.85,ACTIVE
2025-04,LN2200,Consumer - Non KPR,517.38,131.22,1,10.61,1.16,ACTIVE
2025-04,LN2201,Commercial - Konstruksi,976.65,250.16,1,10.55,2.2,ACTIVE
2025-04,LN2202,Commercial - Konstruksi,1128.87,277.81,1,9.45,2.19,ACTIVE
2025-04,LN2203,Commercial - Investasi,1207.8,300.26,1,8.68,2.17,ACTIVE
2025-04,LN2204,Consumer - KPR Subsidi,911.51,219.74,1,4.64,0.85,ACTIVE
2025-04,LN2205,Consumer - KPR Subsidi,1322.99,312.29,1,4.69,1.22,ACTIVE
2025-04,LN2206,Commercial - Konstruksi,1603.4,370.43,1,10.58,3.27,ACTIVE
2025-04,LN2207,Consumer - KPR Subsidi,962.68,217.57,2,4.54,0.82,ACTIVE
2025-04,LN2208,Commercial - Modal Kerja,531.1,128.03,1,9.42,1.01,ACTIVE
2025-04,LN2210,Commercial - Investasi,520.49,118.94,2,8.28,0.82,ACTIVE
2025-04,LN2211,Consumer - KPR Non Subsidi,513.51,117.34,2,8.68,0.85,ACTIVE
2025-04,LN2212,Consumer - KPR Subsidi,669.11,151.22,1,4.45,0.56,ACTIVE
2025-04,LN2213,Commercial - Konstruksi,1909.21,436.28,2,9.76,3.55,ACTIVE
2025-04,LN2214,Commercial - Konstruksi,910.34,219.46,1,9.97,1.82,ACTIVE
2025-04,LN2216,Consumer - KPR Non Subsidi,588.11,141.78,1,8.9,1.05,ACTIVE
2025-04,LN2217,Consumer - KPR Non Subsidi,1568.87,370.33,1,8.4,2.59,ACTIVE
2025-04,LN2218,Commercial - Modal Kerja,1497.36,360.97,2,8.71,2.62,ACTIVE
2025-04,LN2220,Consumer - KPR Non Subsidi,1275.74,291.53,1,7.96,1.93,ACTIVE
2025-04,LN2221,Consumer - KPR Subsidi,1499.4,338.87,1,4.9,1.38,ACTIVE
2025-04,LN2223,Consumer - KPR Non Subsidi,1264.91,304.93,2,9.07,2.3,ACTIVE
2025-04,LN2224,Commercial - Modal Kerja,1240.2,289.63,2,9.22,2.23,ACTIVE
2025-04,LN2225,Commercial - Investasi,1519.78,354.92,2,8.9,2.63,ACTIVE
2025-04,LN2226,Commercial - Modal Kerja,540.02,123.4,1,8.57,0.88,ACTIVE
2025-04,LN2227,Commercial - Konstruksi,1548.12,373.21,1,9.76,3.04,ACTIVE
2025-04,LN2228,Consumer - KPR Subsidi,1612.75,364.49,1,4.79,1.45,ACTIVE
2025-04,LN2229,Consumer - Multimanfaat,1213.37,286.41,1,10.04,2.4,ACTIVE
2025-04,LN2230,Consumer - KPR Non Subsidi,936.97,218.82,1,9.03,1.65,ACTIVE
2025-04,LN2232,Commercial - Investasi,596.82,139.38,1,8.82,1.02,ACTIVE
2025-04,LN2233,Consumer - KPR Non Subsidi,1139.76,260.45,1,7.97,1.73,ACTIVE
2025-04,LN2235,Commercial - Modal Kerja,1444.53,340.98,1,8.97,2.55,ACTIVE
2025-04,LN2237,Commercial - Modal Kerja,531.67,125.5,1,8.84,0.92,ACTIVE
2025-04,LN2238,Consumer - KPR Subsidi,1042.03,245.97,1,4.57,0.94,ACTIVE
2025-04,LN2240,Commercial - Modal Kerja,1035.35,244.39,1,8.79,1.79,ACTIVE
2025-04,LN2241,Commercial - Konstruksi,1364.07,318.56,1,9.88,2.62,ACTIVE
2025-04,LN2243,Consumer - KPR Non Subsidi,1540.56,367.51,1,8.05,2.47,ACTIVE
2025-05,LN2025,Commercial - Investasi,1441.07,370.55,1,8.44,2.61,ACTIVE
2025-05,LN2026,Consumer - KPR Non Subsidi,1497.01,384.94,1,8.92,2.86,ACTIVE
2025-05,LN2027,Consumer - KPR Subsidi,1406.44,361.65,1,4.93,1.49,ACTIVE
2025-05,LN2029,Consumer - KPR Non Subsidi,1782.56,458.36,2,8.63,3.3,ACTIVE
2025-05,LN2030,Commercial - Investasi,722.1,185.68,2,8.46,1.31,ACTIVE
2025-05,LN2031,Commercial - Investasi,495.23,127.34,1,8.26,0.88,ACTIVE
2025-05,LN2032,Commercial - Investasi,1189.7,305.92,1,8.96,2.28,ACTIVE
2025-05,LN2033,Consumer - KPR Subsidi,1443.01,371.05,1,4.68,1.45,ACTIVE
2025-05,LN2035,Consumer - KPR Subsidi,1712.29,440.29,2,4.99,1.83,ACTIVE
2025-05,LN2037,Consumer - Multimanfaat,1543.95,397.01,1,9.04,2.99,ACTIVE
2025-05,LN2039,Consumer - KPR Subsidi,516.38,132.78,1,4.53,0.5,ACTIVE
2025-05,LN2041,Consumer - KPR Non Subsidi,1652.31,424.87,1,8.45,2.99,ACTIVE
2025-05,LN2043,Commercial - Modal Kerja,645.35,165.94,1,9.59,1.33,ACTIVE
2025-05,LN2044,Commercial - Modal Kerja,377.2,96.99,1,8.85,0.72,ACTIVE
2025-05,LN2045,Commercial - Modal Kerja,1278.93,328.86,1,8.97,2.46,ACTIVE
2025-05,LN2046,Consumer - KPR Subsidi,1373.17,353.09,1,5.44,1.6,ACTIVE
2025-05,LN2048,Commercial - Modal Kerja,433.25,111.4,2,8.41,0.78,ACTIVE
2025-05,LN2049,Commercial - Konstruksi,1247.08,320.67,1,10.53,2.81,ACTIVE
2025-05,LN2050,Commercial - Modal Kerja,946.22,243.31,2,9.03,1.83,ACTIVE
2025-05,LN2051,Consumer - KPR Subsidi,812.2,208.85,1,4.68,0.81,ACTIVE
2025-05,LN2053,Commercial - Investasi,1304.17,335.35,1,9.19,2.57,ACTIVE
2025-05,LN2054,Consumer - KPR Non Subsidi,1276.06,328.12,1,8.84,2.42,ACTIVE
2025-05,LN2055,Commercial - Konstruksi,1633.64,420.07,1,9.86,3.45,ACTIVE
2025-05,LN2056,Consumer - KPR Subsidi,1154.42,296.84,1,4.84,1.2,ACTIVE
2025-05,LN2057,Commercial - Investasi,393.22,101.11,1,8.74,0.74,ACTIVE
2025-05,LN2058,Commercial - Konstruksi,921.76,237.02,1,10.31,2.04,ACTIVE
2025-05,LN2060,Commercial - Investasi,849.97,218.56,1,8.72,1.59,ACTIVE
2025-05,LN2061,Consumer - KPR Non Subsidi,1120.23,288.05,1,8.24,1.98,ACTIVE
2025-05,LN2062,Consumer - KPR Non Subsidi,625.14,160.75,1,8.42,1.13,ACTIVE
2025-05,LN2063,Commercial - Investasi,742.11,190.82,3,8.41,1.34,ACTIVE
2025-05,LN2064,Commercial - Investasi,1111.02,285.68,1,9.29,2.21,ACTIVE
2025-05,LN2067,Consumer - KPR Subsidi,1329.45,341.85,1,5.54,1.58,ACTIVE
2025-05,LN2068,Consumer - KPR Subsidi,939.95,241.7,1,4.77,0.96,ACTIVE
2025-05,LN2069,Consumer - KPR Non Subsidi,1731.13,445.14,1,8.46,3.14,ACTIVE
2025-05,LN2070,Consumer - KPR Non Subsidi,1642.02,422.22,1,8.55,3.01,ACTIVE
2025-05,LN2071,Consumer - Multimanfaat,508.27,130.7,1,9.91,1.08,ACTIVE
2025-05,LN2072,Commercial - Investasi,1475.32,379.36,1,8.73,2.76,ACTIVE
2025-05,LN2074,Commercial - Konstruksi,894.99,230.14,1,10.54,2.02,ACTIVE
2025-05,LN2075,Consumer - Non KPR,997.02,256.37,1,10.48,2.24,ACTIVE
2025-05,LN2076,Commercial - Investasi,1077.94,277.18,1,8.76,2.02,ACTIVE
2025-05,LN2077,Commercial - Modal Kerja,916.66,235.71,1,8.55,1.68,ACTIVE
2025-05,LN2078,Commercial - Konstruksi,2139.28,550.13,3,10.51,4.82,ACTIVE
2025-05,LN2079,Consumer - Multimanfaat,706.8,181.74,1,10.07,1.53,ACTIVE
2025-05,LN2081,Commercial - Konstruksi,1881.11,483.7,1,9.85,3.97,ACTIVE
2025-05,LN2082,Consumer - KPR Non Subsidi,512.48,131.78,1,8.97,0.99,ACTIVE
2025-05,LN2083,Consumer - KPR Non Subsidi,1790.38,460.37,1,8.05,3.09,ACTIVE
2025-05,LN2084,Consumer - KPR Subsidi,824.51,212.01,5,5.15,0.91,ACTIVE
2025-05,LN2085,Consumer - KPR Non Subsidi,1009.19,259.5,1,8.05,1.74,ACTIVE
2025-05,LN2086,Commercial - Investasi,1317.8,338.86,1,8.97,2.53,ACTIVE
2025-05,LN2089,Consumer - Non KPR,970.66,249.59,1,10.5,2.18,ACTIVE
2025-05,LN2090,Consumer - Multimanfaat,1369.66,352.19,1,9.46,2.78,ACTIVE
2025-05,LN2091,Consumer - KPR Non Subsidi,1760.12,452.59,1,8.38,3.16,ACTIVE
2025-05,LN2092,Consumer - Multimanfaat,1211.81,311.6,2,8.96,2.33,ACTIVE
2025-05,LN2093,Consumer - KPR Non Subsidi,833.35,214.29,1,9.08,1.62,ACTIVE
2025-05,LN2095,Consumer - KPR Subsidi,1556.61,400.26,1,5.25,1.75,ACTIVE
2025-05,LN2097,Consumer - KPR Non Subsidi,1647.96,423.75,1,8.75,3.09,ACTIVE
2025-05,LN2098,Consumer - Non KPR,1100.34,282.94,1,10.66,2.51,ACTIVE
2025-05,LN2099,Consumer - KPR Subsidi,1266.73,325.72,1,5.58,1.51,ACTIVE
2025-05,LN2100,Consumer - KPR Non Subsidi,1107.37,284.75,1,8.64,2.05,ACTIVE
2025-05,LN2102,Consumer - KPR Subsidi,1074.76,276.36,1,5.32,1.23,ACTIVE
2025-05,LN2103,Consumer - KPR Non Subsidi,958.12,246.37,1,8.42,1.73,ACTIVE
2025-05,LN2105,Commercial - Investasi,1136.57,292.25,1,8.24,2.01,ACTIVE
2025-05,LN2106,Consumer - KPR Subsidi,1531.5,393.81,1,5.04,1.65,ACTIVE
2025-05,LN2107,Consumer - KPR Non Subsidi,629.51,161.87,1,9.0,1.21,ACTIVE
2025-05,LN2108,Consumer - KPR Non Subsidi,1029.01,264.6,2,8.68,1.91,ACTIVE
2025-05,LN2110,Consumer - KPR Subsidi,1774.75,456.35,1,4.49,1.71,ACTIVE
2025-05,LN2112,Commercial - Investasi,974.58,250.6,1,9.11,1.9,ACTIVE
2025-05,LN2113,Consumer - KPR Non Subsidi,940.0,241.71,2,7.91,1.59,ACTIVE
2025-05,LN2114,Consumer - KPR Subsidi,1170.27,300.92,1,4.76,1.19,ACTIVE
2025-05,LN2116,Consumer - KPR Non Subsidi,1775.18,456.47,1,8.6,3.27,ACTIVE
2025-05,LN2117,Consumer - KPR Subsidi,747.36,192.17,1,4.96,0.79,ACTIVE
2025-05,LN2118,Commercial - Investasi,972.65,250.1,1,9.18,1.91,ACTIVE
2025-05,LN2119,Commercial - Modal Kerja,448.44,115.31,1,8.55,0.82,ACTIVE
2025-05,LN2120,Consumer - KPR Non Subsidi,678.29,174.41,1,9.1,1.32,ACTIVE
2025-05,LN2123,Commercial - Investasi,1341.67,344.99,1,8.99,2.58,ACTIVE
2025-05,LN2124,Consumer - Non KPR,1563.64,402.07,1,10.51,3.52,ACTIVE
2025-05,LN2125,Consumer - KPR Subsidi,1687.25,433.86,3,5.27,1.91,ACTIVE
2025-05,LN2128,Consumer - KPR Non Subsidi,621.43,159.79,1,8.92,1.19,ACTIVE
2025-05,LN2130,Consumer - KPR Non Subsidi,714.99,183.85,1,8.72,1.34,ACTIVE
2025-05,LN2131,Consumer - KPR Subsidi,916.19,235.59,1,5.17,1.02,ACTIVE
2025-05,LN2133,Commercial - Konstruksi,1727.28,444.15,1,9.66,3.58,ACTIVE
2025-05,LN2134,Consumer - KPR Subsidi,567.24,145.86,1,4.93,0.6,ACTIVE
2025-05,LN2135,Commercial - Modal Kerja,1402.25,360.57,1,8.97,2.7,ACTIVE
2025-05,LN2137,Commercial - Investasi,1229.52,316.16,1,9.27,2.44,ACTIVE
2025-05,LN2138,Consumer - KPR Non Subsidi,1687.86,434.01,1,8.92,3.23,ACTIVE
2025-05,LN2139,Commercial - Modal Kerja,1280.55,329.28,1,9.6,2.63,ACTIVE
2025-05,LN2140,Consumer - KPR Non Subsidi,1298.65,333.93,1,8.32,2.32,ACTIVE
2025-05,LN2141,Consumer - Non KPR,1646.82,423.46,1,10.21,3.6,ACTIVE
2025-05,LN2142,Consumer - Multimanfaat,454.32,116.82,1,8.93,0.87,ACTIVE
2025-05,LN2144,Commercial - Investasi,1150.9,293.04,2,9.18,2.24,ACTIVE
2025-05,LN2145,Consumer - Multimanfaat,882.18,217.95,1,9.47,1.72,ACTIVE
2025-05,LN2146,Commercial - Modal Kerja,1366.91,351.48,1,8.5,2.49,ACTIVE
2025-05,LN2147,Consumer - KPR Subsidi,749.58,192.75,1,4.73,0.76,ACTIVE
2025-05,LN2148,Commercial - Modal Kerja,1388.78,343.1,1,9.34,2.67,ACTIVE
2025-05,LN2149,Consumer - Multimanfaat,1439.56,362.91,1,9.41,2.85,ACTIVE
2025-05,LN2151,Consumer - KPR Subsidi,1125.23,280.83,1,4.75,1.11,ACTIVE
2025-05,LN2152,Consumer - Multimanfaat,1182.67,298.15,1,9.44,2.35,ACTIVE
2025-05,LN2153,Commercial - Modal Kerja,1387.78,356.85,1,8.78,2.61,ACTIVE
2025-05,LN2154,Consumer - KPR Subsidi,1760.23,452.62,1,5.16,1.95,ACTIVE
2025-05,LN2155,Consumer - KPR Non Subsidi,1512.51,385.11,1,8.79,2.82,ACTIVE
2025-05,LN2156,Commercial - Modal Kerja,1020.53,257.27,1,9.36,2.01,ACTIVE
2025-05,LN2157,Consumer - KPR Subsidi,609.28,153.6,1,4.55,0.58,ACTIVE
2025-05,LN2158,Commercial - Konstruksi,811.45,208.65,1,9.76,1.7,ACTIVE
2025-05,LN2159,Consumer - KPR Non Subsidi,622.87,157.02,1,8.63,1.13,ACTIVE
2025-05,LN2160,Consumer - Non KPR,1072.67,275.82,1,10.45,2.4,ACTIVE
2025-05,LN2161,Consumer - Multimanfaat,1220.17,313.75,1,9.89,2.59,ACTIVE
2025-05,LN2162,Consumer - Non KPR,1513.41,381.52,1,10.22,3.25,ACTIVE
2025-05,LN2163,Commercial - Modal Kerja,537.53,136.86,1,9.58,1.09,ACTIVE
2025-05,LN2164,Consumer - KPR Subsidi,924.17,232.98,1,4.46,0.87,ACTIVE
2025-05,LN2165,Consumer - KPR Subsidi,1396.57,359.11,1,5.03,1.51,ACTIVE
2025-05,LN2166,Commercial - Investasi,912.44,227.72,2,8.29,1.57,ACTIVE
2025-05,LN2167,Commercial - Modal Kerja,1142.1,293.68,1,8.41,2.06,ACTIVE
2025-05,LN2169,Commercial - Konstruksi,2091.54,537.81,2,10.04,4.5,ACTIVE
2025-05,LN2170,Consumer - KPR Non Subsidi,504.72,129.78,1,9.06,0.98,ACTIVE
2025-05,LN2171,Commercial - Modal Kerja,1456.31,367.13,2,8.81,2.7,ACTIVE
2025-05,LN2172,Consumer - Multimanfaat,1091.29,280.61,3,9.87,2.31,ACTIVE
2025-05,LN2173,Commercial - Modal Kerja,398.42,102.45,1,8.6,0.73,ACTIVE
2025-05,LN2174,Commercial - Investasi,1588.92,408.57,1,8.39,2.86,ACTIVE
2025-05,LN2175,Consumer - KPR Non Subsidi,1238.72,318.52,1,8.84,2.35,ACTIVE
2025-05,LN2176,Consumer - KPR Subsidi,1430.23,367.77,1,4.76,1.46,ACTIVE
2025-05,LN2177,Commercial - Investasi,1506.89,376.08,1,8.86,2.78,ACTIVE
2025-05,LN2179,Consumer - KPR Subsidi,959.85,237.13,1,4.65,0.92,ACTIVE
2025-05,LN2182,Consumer - Non KPR,891.27,229.18,1,10.16,1.94,ACTIVE
2025-05,LN2183,Commercial - Modal Kerja,725.65,186.59,1,9.1,1.41,ACTIVE
2025-05,LN2186,Consumer - KPR Subsidi,1136.05,292.12,2,4.42,1.08,ACTIVE
2025-05,LN2188,Consumer - Non KPR,1166.73,288.24,2,10.39,2.5,ACTIVE
2025-05,LN2189,Consumer - KPR Subsidi,1674.99,430.7,1,5.37,1.93,ACTIVE
2025-05,LN2190,Consumer - KPR Non Subsidi,1631.84,419.61,1,8.88,3.11,ACTIVE
2025-05,LN2191,Commercial - Investasi,580.86,147.9,1,8.56,1.06,ACTIVE
2025-05,LN2192,Commercial - Modal Kerja,1467.09,369.85,1,9.15,2.82,ACTIVE
2025-05,LN2193,Consumer - KPR Subsidi,530.87,136.51,1,4.79,0.54,ACTIVE
2025-05,LN2194,Consumer - KPR Subsidi,689.74,173.88,1,4.5,0.65,ACTIVE
2025-05,LN2195,Commercial - Konstruksi,1629.38,418.97,1,9.57,3.34,ACTIVE
2025-05,LN2196,Commercial - Investasi,1179.39,303.27,1,8.36,2.11,ACTIVE
2025-05,LN2197,Consumer - KPR Non Subsidi,752.56,193.51,1,8.83,1.42,ACTIVE
2025-05,LN2200,Consumer - Non KPR,517.38,133.04,1,10.61,1.18,ACTIVE
2025-05,LN2201,Commercial - Konstruksi,976.65,251.13,1,10.55,2.21,ACTIVE
2025-05,LN2202,Commercial - Konstruksi,1128.87,281.74,1,9.45,2.22,ACTIVE
2025-05,LN2203,Commercial - Investasi,1207.8,304.48,1,8.68,2.2,ACTIVE
2025-05,LN2204,Consumer - KPR Subsidi,911.51,222.89,1,4.64,0.86,ACTIVE
2025-05,LN2205,Consumer - KPR Subsidi,1322.99,316.84,1,4.69,1.24,ACTIVE
2025-05,LN2206,Commercial - Konstruksi,1603.4,375.92,1,10.58,3.31,ACTIVE
2025-05,LN2207,Consumer - KPR Subsidi,962.68,220.85,2,4.54,0.84,ACTIVE
2025-05,LN2208,Commercial - Modal Kerja,531.1,129.87,1,9.42,1.02,ACTIVE
2025-05,LN2209,Consumer - Multimanfaat,1515.94,343.95,1,9.72,2.79,ACTIVE
2025-05,LN2210,Commercial - Investasi,520.49,120.72,2,8.28,0.83,ACTIVE
2025-05,LN2211,Consumer - KPR Non Subsidi,513.51,119.1,2,8.68,0.86,ACTIVE
2025-05,LN2212,Consumer - KPR Subsidi,669.11,153.5,1,4.45,0.57,ACTIVE
2025-05,LN2213,Commercial - Konstruksi,1909.21,442.8,2,9.76,3.6,ACTIVE
2025-05,LN2214,Commercial - Konstruksi,910.34,222.61,1,9.97,1.85,ACTIVE
2025-05,LN2216,Consumer - KPR Non Subsidi,588.11,143.81,1,8.9,1.07,ACTIVE
2025-05,LN2217,Consumer - KPR Non Subsidi,1568.87,375.73,1,8.4,2.63,ACTIVE
2025-05,LN2218,Commercial - Modal Kerja,1497.36,366.15,2,8.71,2.66,ACTIVE
2025-05,LN2220,Consumer - KPR Non Subsidi,1275.74,295.88,1,7.96,1.96,ACTIVE
2025-05,LN2221,Consumer - KPR Subsidi,1499.4,343.97,1,4.9,1.4,ACTIVE
2025-05,LN2222,Consumer - Multimanfaat,1120.31,254.18,3,9.7,2.05,ACTIVE
2025-05,LN2223,Consumer - KPR Non Subsidi,1264.91,309.31,2,9.07,2.34,ACTIVE
2025-05,LN2224,Commercial - Modal Kerja,1240.2,293.89,2,9.22,2.26,ACTIVE
2025-05,LN2225,Commercial - Investasi,1519.78,360.14,2,8.9,2.67,ACTIVE
2025-05,LN2226,Commercial - Modal Kerja,540.02,125.25,1,8.57,0.89,ACTIVE
2025-05,LN2227,Commercial - Konstruksi,1548.12,378.57,1,9.76,3.08,ACTIVE
2025-05,LN2228,Consumer - KPR Subsidi,1612.75,369.98,1,4.79,1.48,ACTIVE
2025-05,LN2229,Consumer - Multimanfaat,1213.37,290.59,1,10.04,2.43,ACTIVE
2025-05,LN2230,Consumer - KPR Non Subsidi,936.97,222.03,1,9.03,1.67,ACTIVE
2025-05,LN2231,Consumer - KPR Subsidi,1020.59,231.56,1,5.18,1.0,ACTIVE
2025-05,LN2232,Commercial - Investasi,596.82,141.43,1,8.82,1.04,ACTIVE
2025-05,LN2233,Consumer - KPR Non Subsidi,1139.76,264.34,1,7.97,1.76,ACTIVE
2025-05,LN2234,Commercial - Investasi,845.34,191.8,1,9.16,1.46,ACTIVE
2025-05,LN2235,Commercial - Modal Kerja,1444.53,345.95,1,8.97,2.59,ACTIVE
2025-05,LN2236,Consumer - Multimanfaat,971.34,220.38,1,9.36,1.72,ACTIVE
2025-05,LN2237,Commercial - Modal Kerja,531.67,127.33,1,8.84,0.94,ACTIVE
2025-05,LN2238,Consumer - KPR Subsidi,1042.03,249.56,1,4.57,0.95,ACTIVE
2025-05,LN2240,Commercial - Modal Kerja,1035.35,247.96,1,8.79,1.82,ACTIVE
2025-05,LN2241,Commercial - Konstruksi,1364.07,323.24,1,9.88,2.66,ACTIVE
2025-05,LN2243,Consumer - KPR Non Subsidi,1540.56,372.83,1,8.05,2.5,ACTIVE
2025-06,LN2025,Commercial - Investasi,1441.07,381.38,1,8.44,2.68,ACTIVE
2025-06,LN2026,Consumer - KPR Non Subsidi,1497.01,396.18,1,8.92,2.94,ACTIVE
2025-06,LN2027,Consumer - KPR Subsidi,1406.44,372.21,1,4.93,1.53,ACTIVE
2025-06,LN2029,Consumer - KPR Non Subsidi,1782.56,471.75,2,8.63,3.39,ACTIVE
2025-06,LN2030,Commercial - Investasi,722.1,191.1,2,8.46,1.35,ACTIVE
2025-06,LN2031,Commercial - Investasi,495.23,131.06,1,8.26,0.9,ACTIVE
2025-06,LN2032,Commercial - Investasi,1189.7,314.85,1,8.96,2.35,ACTIVE
2025-06,LN2033,Consumer - KPR Subsidi,1443.01,381.89,1,4.68,1.49,ACTIVE
2025-06,LN2035,Consumer - KPR Subsidi,1712.29,453.15,2,4.99,1.88,ACTIVE
2025-06,LN2037,Consumer - Multimanfaat,1543.95,408.6,1,9.04,3.08,ACTIVE
2025-06,LN2039,Consumer - KPR Subsidi,516.38,136.66,1,4.53,0.52,ACTIVE
2025-06,LN2041,Consumer - KPR Non Subsidi,1652.31,437.28,1,8.45,3.08,ACTIVE
2025-06,LN2043,Commercial - Modal Kerja,645.35,170.79,1,9.59,1.36,ACTIVE
2025-06,LN2044,Commercial - Modal Kerja,377.2,99.83,1,8.85,0.74,ACTIVE
2025-06,LN2045,Commercial - Modal Kerja,1278.93,338.47,1,8.97,2.53,ACTIVE
2025-06,LN2046,Consumer - KPR Subsidi,1373.17,363.41,1,5.44,1.65,ACTIVE
2025-06,LN2048,Commercial - Modal Kerja,433.25,114.66,2,8.41,0.8,ACTIVE
2025-06,LN2049,Commercial - Konstruksi,1247.08,330.04,1,10.53,2.9,ACTIVE
2025-06,LN2051,Consumer - KPR Subsidi,812.2,214.95,1,4.68,0.84,ACTIVE
2025-06,LN2053,Commercial - Investasi,1304.17,345.15,1,9.19,2.64,ACTIVE
2025-06,LN2054,Consumer - KPR Non Subsidi,1276.06,337.71,1,8.84,2.49,ACTIVE
2025-06,LN2055,Commercial - Konstruksi,1633.64,432.34,1,9.86,3.55,ACTIVE
2025-06,LN2056,Consumer - KPR Subsidi,1154.42,305.51,1,4.84,1.23,ACTIVE
2025-06,LN2057,Commercial - Investasi,393.22,104.06,1,8.74,0.76,ACTIVE
2025-06,LN2058,Commercial - Konstruksi,921.76,243.94,1,10.31,2.1,ACTIVE
2025-06,LN2060,Commercial - Investasi,849.97,224.94,1,8.72,1.63,ACTIVE
2025-06,LN2061,Consumer - KPR Non Subsidi,1120.23,296.47,1,8.24,2.04,ACTIVE
2025-06,LN2062,Consumer - KPR Non Subsidi,625.14,165.44,1,8.42,1.16,ACTIVE
2025-06,LN2063,Commercial - Investasi,742.11,196.4,3,8.41,1.38,ACTIVE
2025-06,LN2064,Commercial - Investasi,1111.02,294.03,1,9.29,2.28,ACTIVE
2025-06,LN2068,Consumer - KPR Subsidi,939.95,248.76,1,4.77,0.99,ACTIVE
2025-06,LN2069,Consumer - KPR Non Subsidi,1731.13,458.14,1,8.46,3.23,ACTIVE
2025-06,LN2070,Consumer - KPR Non Subsidi,1642.02,434.56,1,8.55,3.1,ACTIVE
2025-06,LN2071,Consumer - Multimanfaat,508.27,134.51,1,9.91,1.11,ACTIVE
2025-06,LN2072,Commercial - Investasi,1475.32,390.44,1,8.73,2.84,ACTIVE
2025-06,LN2074,Commercial - Konstruksi,894.99,236.86,1,10.54,2.08,ACTIVE
2025-06,LN2075,Consumer - Non KPR,997.02,263.86,1,10.48,2.3,ACTIVE
2025-06,LN2076,Commercial - Investasi,1077.94,285.27,1,8.76,2.08,ACTIVE
2025-06,LN2077,Commercial - Modal Kerja,916.66,242.59,1,8.55,1.73,ACTIVE
2025-06,LN2078,Commercial - Konstruksi,2139.28,566.22,3,10.51,4.96,ACTIVE
2025-06,LN2081,Commercial - Konstruksi,1881.11,497.83,1,9.85,4.09,ACTIVE
2025-06,LN2082,Consumer - KPR Non Subsidi,512.48,135.63,1,8.97,1.01,ACTIVE
2025-06,LN2084,Consumer - KPR Subsidi,824.51,218.2,5,5.15,0.94,ACTIVE
2025-06,LN2085,Consumer - KPR Non Subsidi,1009.19,267.08,1,8.05,1.79,ACTIVE
2025-06,LN2086,Commercial - Investasi,1317.8,348.75,1,8.97,2.61,ACTIVE
2025-06,LN2089,Consumer - Non KPR,970.66,256.88,1,10.5,2.25,ACTIVE
2025-06,LN2090,Consumer - Multimanfaat,1369.66,362.48,1,9.46,2.86,ACTIVE
2025-06,LN2091,Consumer - KPR Non Subsidi,1760.12,465.81,1,8.38,3.25,ACTIVE
2025-06,LN2092,Consumer - Multimanfaat,1211.81,320.7,2,8.96,2.39,ACTIVE
2025-06,LN2093,Consumer - KPR Non Subsidi,833.35,220.54,1,9.08,1.67,ACTIVE
2025-06,LN2095,Consumer - KPR Subsidi,1556.61,411.95,1,5.25,1.8,ACTIVE
2025-06,LN2097,Consumer - KPR Non Subsidi,1647.96,436.13,1,8.75,3.18,ACTIVE
2025-06,LN2098,Consumer - Non KPR,1100.34,291.2,1,10.66,2.59,ACTIVE
2025-06,LN2099,Consumer - KPR Subsidi,1266.73,335.24,1,5.58,1.56,ACTIVE
2025-06,LN2100,Consumer - KPR Non Subsidi,1107.37,293.06,1,8.64,2.11,ACTIVE
2025-06,LN2102,Consumer - KPR Subsidi,1074.76,284.43,1,5.32,1.26,ACTIVE
2025-06,LN2103,Consumer - KPR Non Subsidi,958.12,253.56,1,8.42,1.78,ACTIVE
2025-06,LN2105,Commercial - Investasi,1136.57,300.79,1,8.24,2.07,ACTIVE
2025-06,LN2106,Consumer - KPR Subsidi,1531.5,405.31,1,5.04,1.7,ACTIVE
2025-06,LN2107,Consumer - KPR Non Subsidi,629.51,166.6,1,9.0,1.25,ACTIVE
2025-06,LN2110,Consumer - KPR Subsidi,1774.75,469.68,1,4.49,1.76,ACTIVE
2025-06,LN2112,Commercial - Investasi,974.58,257.92,1,9.11,1.96,ACTIVE
2025-06,LN2113,Consumer - KPR Non Subsidi,940.0,248.77,2,7.91,1.64,ACTIVE
2025-06,LN2114,Consumer - KPR Subsidi,1170.27,309.71,1,4.76,1.23,ACTIVE
2025-06,LN2116,Consumer - KPR Non Subsidi,1775.18,469.8,1,8.6,3.37,ACTIVE
2025-06,LN2117,Consumer - KPR Subsidi,747.36,197.79,1,4.96,0.82,ACTIVE
2025-06,LN2118,Commercial - Investasi,972.65,257.41,1,9.18,1.97,ACTIVE
2025-06,LN2119,Commercial - Modal Kerja,448.44,118.68,1,8.55,0.85,ACTIVE
2025-06,LN2120,Consumer - KPR Non Subsidi,678.29,179.51,1,9.1,1.36,ACTIVE
2025-06,LN2123,Commercial - Investasi,1341.67,355.07,1,8.99,2.66,ACTIVE
2025-06,LN2124,Consumer - Non KPR,1563.64,413.81,1,10.51,3.62,ACTIVE
2025-06,LN2125,Consumer - KPR Subsidi,1687.25,446.53,3,5.27,1.96,ACTIVE
2025-06,LN2128,Consumer - KPR Non Subsidi,621.43,164.46,1,8.92,1.22,ACTIVE
2025-06,LN2130,Consumer - KPR Non Subsidi,714.99,189.22,1,8.72,1.37,ACTIVE
2025-06,LN2131,Consumer - KPR Subsidi,916.19,242.47,1,5.17,1.04,ACTIVE
2025-06,LN2133,Commercial - Konstruksi,1727.28,457.12,1,9.66,3.68,ACTIVE
2025-06,LN2134,Consumer - KPR Subsidi,567.24,150.12,1,4.93,0.62,ACTIVE
2025-06,LN2135,Commercial - Modal Kerja,1402.25,371.1,1,8.97,2.77,ACTIVE
2025-06,LN2137,Commercial - Investasi,1229.52,325.39,1,9.27,2.51,ACTIVE
2025-06,LN2138,Consumer - KPR Non Subsidi,1687.86,446.69,1,8.92,3.32,ACTIVE
2025-06,LN2139,Commercial - Modal Kerja,1280.55,338.89,1,9.6,2.71,ACTIVE
2025-06,LN2140,Consumer - KPR Non Subsidi,1298.65,343.68,1,8.32,2.38,ACTIVE
2025-06,LN2141,Consumer - Non KPR,1646.82,435.83,1,10.21,3.71,ACTIVE
2025-06,LN2142,Consumer - Multimanfaat,454.32,120.23,1,8.93,0.89,ACTIVE
2025-06,LN2144,Commercial - Investasi,1150.9,304.58,2,9.18,2.33,ACTIVE
2025-06,LN2145,Consumer - Multimanfaat,882.18,226.6,1,9.47,1.79,ACTIVE
2025-06,LN2147,Consumer - KPR Subsidi,749.58,198.37,1,4.73,0.78,ACTIVE
2025-06,LN2148,Commercial - Modal Kerja,1388.78,356.73,1,9.34,2.78,ACTIVE
2025-06,LN2149,Consumer - Multimanfaat,1439.56,377.24,1,9.41,2.96,ACTIVE
2025-06,LN2151,Consumer - KPR Subsidi,1125.23,291.95,1,4.75,1.16,ACTIVE
2025-06,LN2152,Consumer - Multimanfaat,1182.67,309.92,1,9.44,2.44,ACTIVE
2025-06,LN2153,Commercial - Modal Kerja,1387.78,367.27,1,8.78,2.69,ACTIVE
2025-06,LN2154,Consumer - KPR Subsidi,1760.23,465.84,1,5.16,2.0,ACTIVE
2025-06,LN2155,Consumer - KPR Non Subsidi,1512.51,400.28,1,8.79,2.93,ACTIVE
2025-06,LN2156,Commercial - Modal Kerja,1020.53,267.43,1,9.36,2.09,ACTIVE
2025-06,LN2157,Consumer - KPR Subsidi,609.28,159.66,1,4.55,0.61,ACTIVE
2025-06,LN2158,Commercial - Konstruksi,811.45,214.75,1,9.76,1.75,ACTIVE
2025-06,LN2159,Consumer - KPR Non Subsidi,622.87,163.22,1,8.63,1.17,ACTIVE
2025-06,LN2160,Consumer - Non KPR,1072.67,283.88,1,10.45,2.47,ACTIVE
2025-06,LN2161,Consumer - Multimanfaat,1220.17,322.92,1,9.89,2.66,ACTIVE
2025-06,LN2162,Consumer - Non KPR,1513.41,396.59,1,10.22,3.38,ACTIVE
2025-06,LN2163,Commercial - Modal Kerja,537.53,142.26,1,9.58,1.14,ACTIVE
2025-06,LN2164,Consumer - KPR Subsidi,924.17,242.18,1,4.46,0.9,ACTIVE
2025-06,LN2165,Consumer - KPR Subsidi,1396.57,369.6,1,5.03,1.55,ACTIVE
2025-06,LN2166,Commercial - Investasi,912.44,236.74,2,8.29,1.64,ACTIVE
2025-06,LN2167,Commercial - Modal Kerja,1142.1,302.25,1,8.41,2.12,ACTIVE
2025-06,LN2169,Commercial - Konstruksi,2091.54,553.52,2,10.04,4.63,ACTIVE
2025-06,LN2170,Consumer - KPR Non Subsidi,504.72,133.57,1,9.06,1.01,ACTIVE
2025-06,LN2171,Commercial - Modal Kerja,1456.31,381.63,2,8.81,2.8,ACTIVE
2025-06,LN2172,Consumer - Multimanfaat,1091.29,288.81,3,9.87,2.38,ACTIVE
2025-06,LN2173,Commercial - Modal Kerja,398.42,105.44,1,8.6,0.76,ACTIVE
2025-06,LN2174,Commercial - Investasi,1588.92,420.5,1,8.39,2.94,ACTIVE
2025-06,LN2175,Consumer - KPR Non Subsidi,1238.72,327.82,1,8.84,2.41,ACTIVE
2025-06,LN2176,Consumer - KPR Subsidi,1430.23,378.51,1,4.76,1.5,ACTIVE
2025-06,LN2177,Commercial - Investasi,1506.89,390.98,1,8.86,2.89,ACTIVE
2025-06,LN2179,Consumer - KPR Subsidi,959.85,246.55,1,4.65,0.96,ACTIVE
2025-06,LN2182,Consumer - Non KPR,891.27,235.87,1,10.16,2.0,ACTIVE
2025-06,LN2183,Commercial - Modal Kerja,725.65,192.04,1,9.1,1.46,ACTIVE
2025-06,LN2186,Consumer - KPR Subsidi,1136.05,300.65,2,4.42,1.11,ACTIVE
2025-06,LN2188,Consumer - Non KPR,1166.73,299.69,2,10.39,2.59,ACTIVE
2025-06,LN2189,Consumer - KPR Subsidi,1674.99,443.28,1,5.37,1.98,ACTIVE
2025-06,LN2190,Consumer - KPR Non Subsidi,1631.84,431.86,1,8.88,3.2,ACTIVE
2025-06,LN2191,Commercial - Investasi,580.86,153.72,1,8.56,1.1,ACTIVE
2025-06,LN2192,Commercial - Modal Kerja,1467.09,384.46,1,9.15,2.93,ACTIVE
2025-06,LN2193,Consumer - KPR Subsidi,530.87,140.49,1,4.79,0.56,ACTIVE
2025-06,LN2194,Consumer - KPR Subsidi,689.74,180.75,1,4.5,0.68,ACTIVE
2025-06,LN2195,Commercial - Konstruksi,1629.38,431.21,1,9.57,3.44,ACTIVE
2025-06,LN2196,Commercial - Investasi,1179.39,312.12,1,8.36,2.17,ACTIVE
2025-06,LN2197,Consumer - KPR Non Subsidi,752.56,199.16,1,8.83,1.47,ACTIVE
2025-06,LN2200,Consumer - Non KPR,517.38,136.92,1,10.61,1.21,ACTIVE
2025-06,LN2201,Commercial - Konstruksi,976.65,258.47,1,10.55,2.27,ACTIVE
2025-06,LN2202,Commercial - Konstruksi,1128.87,292.89,1,9.45,2.31,ACTIVE
2025-06,LN2203,Commercial - Investasi,1207.8,316.51,1,8.68,2.29,ACTIVE
2025-06,LN2204,Consumer - KPR Subsidi,911.51,231.77,1,4.64,0.9,ACTIVE
2025-06,LN2205,Consumer - KPR Subsidi,1322.99,329.53,1,4.69,1.29,ACTIVE
2025-06,LN2206,Commercial - Konstruksi,1603.4,391.05,1,10.58,3.45,ACTIVE
2025-06,LN2207,Consumer - KPR Subsidi,962.68,229.79,2,4.54,0.87,ACTIVE
2025-06,LN2208,Commercial - Modal Kerja,531.1,135.04,1,9.42,1.06,ACTIVE
2025-06,LN2209,Consumer - Multimanfaat,1515.94,357.92,1,9.72,2.9,ACTIVE
2025-06,LN2210,Commercial - Investasi,520.49,125.59,2,8.28,0.87,ACTIVE
2025-06,LN2211,Consumer - KPR Non Subsidi,513.51,123.91,2,8.68,0.9,ACTIVE
2025-06,LN2212,Consumer - KPR Subsidi,669.11,159.72,1,4.45,0.59,ACTIVE
2025-06,LN2213,Commercial - Konstruksi,1909.21,460.69,2,9.76,3.75,ACTIVE
2025-06,LN2214,Commercial - Konstruksi,910.34,231.47,1,9.97,1.92,ACTIVE
2025-06,LN2216,Consumer - KPR Non Subsidi,588.11,149.54,1,8.9,1.11,ACTIVE
2025-06,LN2217,Consumer - KPR Non Subsidi,1568.87,390.77,1,8.4,2.74,ACTIVE
2025-06,LN2218,Commercial - Modal Kerja,1497.36,380.73,2,8.71,2.76,ACTIVE
2025-06,LN2220,Consumer - KPR Non Subsidi,1275.74,307.83,1,7.96,2.04,ACTIVE
2025-06,LN2221,Consumer - KPR Subsidi,1499.4,357.91,1,4.9,1.46,ACTIVE
2025-06,LN2222,Consumer - Multimanfaat,1120.31,264.51,3,9.7,2.14,ACTIVE
2025-06,LN2223,Consumer - KPR Non Subsidi,1264.91,321.63,2,9.07,2.43,ACTIVE
2025-06,LN2224,Commercial - Modal Kerja,1240.2,305.69,2,9.22,2.35,ACTIVE
2025-06,LN2225,Commercial - Investasi,1519.78,374.6,2,8.9,2.78,ACTIVE
2025-06,LN2226,Commercial - Modal Kerja,540.02,130.3,1,8.57,0.93,ACTIVE
2025-06,LN2227,Commercial - Konstruksi,1548.12,393.64,1,9.76,3.2,ACTIVE
2025-06,LN2228,Consumer - KPR Subsidi,1612.75,384.97,1,4.79,1.54,ACTIVE
2025-06,LN2229,Consumer - Multimanfaat,1213.37,302.23,1,10.04,2.53,ACTIVE
2025-06,LN2230,Consumer - KPR Non Subsidi,936.97,230.95,1,9.03,1.74,ACTIVE
2025-06,LN2231,Consumer - KPR Subsidi,1020.59,240.97,1,5.18,1.04,ACTIVE
2025-06,LN2232,Commercial - Investasi,596.82,147.11,1,8.82,1.08,ACTIVE
2025-06,LN2233,Consumer - KPR Non Subsidi,1139.76,275.02,1,7.97,1.83,ACTIVE
2025-06,LN2234,Commercial - Investasi,845.34,199.59,1,9.16,1.52,ACTIVE
2025-06,LN2235,Commercial - Modal Kerja,1444.53,359.8,1,8.97,2.69,ACTIVE
2025-06,LN2236,Consumer - Multimanfaat,971.34,229.34,1,9.36,1.79,ACTIVE
2025-06,LN2237,Commercial - Modal Kerja,531.67,132.43,1,8.84,0.98,ACTIVE
2025-06,LN2238,Consumer - KPR Subsidi,1042.03,259.55,1,4.57,0.99,ACTIVE
2025-06,LN2240,Commercial - Modal Kerja,1035.35,257.89,1,8.79,1.89,ACTIVE
2025-06,LN2241,Commercial - Konstruksi,1364.07,336.22,1,9.88,2.77,ACTIVE
2025-06,LN2242,Consumer - Non KPR,1145.06,267.39,1,10.13,2.26,ACTIVE
2025-06,LN2243,Consumer - KPR Non Subsidi,1540.56,387.72,1,8.05,2.6,ACTIVE
2025-07,LN2025,Commercial - Investasi,1441.07,377.89,1,8.44,2.66,ACTIVE
2025-07,LN2026,Consumer - KPR Non Subsidi,1497.01,392.56,1,8.92,2.92,ACTIVE
2025-07,LN2027,Consumer - KPR Subsidi,1406.44,368.81,1,4.93,1.52,ACTIVE
2025-07,LN2029,Consumer - KPR Non Subsidi,1782.56,467.44,2,8.63,3.36,ACTIVE
2025-07,LN2030,Commercial - Investasi,722.1,189.36,2,8.46,1.33,ACTIVE
2025-07,LN2032,Commercial - Investasi,1189.7,311.97,1,8.96,2.33,ACTIVE
2025-07,LN2033,Consumer - KPR Subsidi,1443.01,378.4,1,4.68,1.48,ACTIVE
2025-07,LN2035,Consumer - KPR Subsidi,1712.29,449.01,2,4.99,1.87,ACTIVE
2025-07,LN2037,Consumer - Multimanfaat,1543.95,404.87,1,9.04,3.05,ACTIVE
2025-07,LN2039,Consumer - KPR Subsidi,516.38,135.41,1,4.53,0.51,ACTIVE
2025-07,LN2041,Consumer - KPR Non Subsidi,1652.31,433.28,1,8.45,3.05,ACTIVE
2025-07,LN2043,Commercial - Modal Kerja,645.35,169.23,1,9.59,1.35,ACTIVE
2025-07,LN2044,Commercial - Modal Kerja,377.2,98.91,1,8.85,0.73,ACTIVE
2025-07,LN2046,Consumer - KPR Subsidi,1373.17,360.09,1,5.44,1.63,ACTIVE
2025-07,LN2048,Commercial - Modal Kerja,433.25,113.61,2,8.41,0.8,ACTIVE
2025-07,LN2049,Commercial - Konstruksi,1247.08,327.02,1,10.53,2.87,ACTIVE
2025-07,LN2051,Consumer - KPR Subsidi,812.2,212.98,1,4.68,0.83,ACTIVE
2025-07,LN2053,Commercial - Investasi,1304.17,341.99,1,9.19,2.62,ACTIVE
2025-07,LN2054,Consumer - KPR Non Subsidi,1276.06,334.62,1,8.84,2.47,ACTIVE
2025-07,LN2055,Commercial - Konstruksi,1633.64,428.39,1,9.86,3.52,ACTIVE
2025-07,LN2056,Consumer - KPR Subsidi,1154.42,302.72,1,4.84,1.22,ACTIVE
2025-07,LN2057,Commercial - Investasi,393.22,103.11,1,8.74,0.75,ACTIVE
2025-07,LN2058,Commercial - Konstruksi,921.76,241.71,1,10.31,2.08,ACTIVE
2025-07,LN2060,Commercial - Investasi,849.97,222.89,1,8.72,1.62,ACTIVE
2025-07,LN2061,Consumer - KPR Non Subsidi,1120.23,293.76,1,8.24,2.02,ACTIVE
2025-07,LN2062,Consumer - KPR Non Subsidi,625.14,163.93,1,8.42,1.15,ACTIVE
2025-07,LN2063,Commercial - Investasi,742.11,194.6,3,8.41,1.36,ACTIVE
2025-07,LN2064,Commercial - Investasi,1111.02,291.34,1,9.29,2.26,ACTIVE
2025-07,LN2068,Consumer - KPR Subsidi,939.95,246.48,1,4.77,0.98,ACTIVE
2025-07,LN2069,Consumer - KPR Non Subsidi,1731.13,453.95,1,8.46,3.2,ACTIVE
2025-07,LN2070,Consumer - KPR Non Subsidi,1642.02,430.59,1,8.55,3.07,ACTIVE
2025-07,LN2071,Consumer - Multimanfaat,508.27,133.28,1,9.91,1.1,ACTIVE
2025-07,LN2072,Commercial - Investasi,1475.32,386.87,1,8.73,2.81,ACTIVE
2025-07,LN2074,Commercial - Konstruksi,894.99,234.69,1,10.54,2.06,ACTIVE
2025-07,LN2075,Consumer - Non KPR,997.02,261.45,1,10.48,2.28,ACTIVE
2025-07,LN2076,Commercial - Investasi,1077.94,282.67,1,8.76,2.06,ACTIVE
2025-07,LN2077,Commercial - Modal Kerja,916.66,240.38,1,8.55,1.71,ACTIVE
2025-07,LN2078,Commercial - Konstruksi,2139.28,561.0,3,10.51,4.91,ACTIVE
2025-07,LN2081,Commercial - Konstruksi,1881.11,493.28,1,9.85,4.05,ACTIVE
2025-07,LN2082,Consumer - KPR Non Subsidi,512.48,134.39,1,8.97,1.0,ACTIVE
2025-07,LN2084,Consumer - KPR Subsidi,824.51,216.21,5,5.15,0.93,ACTIVE
2025-07,LN2085,Consumer - KPR Non Subsidi,1009.19,264.64,1,8.05,1.78,ACTIVE
2025-07,LN2086,Commercial - Investasi,1317.8,345.57,1,8.97,2.58,ACTIVE
2025-07,LN2089,Consumer - Non KPR,970.66,254.54,1,10.5,2.23,ACTIVE
2025-07,LN2090,Consumer - Multimanfaat,1369.66,359.17,1,9.46,2.83,ACTIVE
2025-07,LN2091,Consumer - KPR Non Subsidi,1760.12,461.56,1,8.38,3.22,ACTIVE
2025-07,LN2092,Consumer - Multimanfaat,1211.81,317.77,2,8.96,2.37,ACTIVE
2025-07,LN2093,Consumer - KPR Non Subsidi,833.35,218.53,1,9.08,1.65,ACTIVE
2025-07,LN2095,Consumer - KPR Subsidi,1556.61,408.19,1,5.25,1.79,ACTIVE
2025-07,LN2097,Consumer - KPR Non Subsidi,1647.96,432.14,1,8.75,3.15,ACTIVE
2025-07,LN2098,Consumer - Non KPR,1100.34,288.54,1,10.66,2.56,ACTIVE
2025-07,LN2099,Consumer - KPR Subsidi,1266.73,332.17,1,5.58,1.54,ACTIVE
2025-07,LN2100,Consumer - KPR Non Subsidi,1107.37,290.38,1,8.64,2.09,ACTIVE
2025-07,LN2102,Consumer - KPR Subsidi,1074.76,281.83,1,5.32,1.25,ACTIVE
2025-07,LN2103,Consumer - KPR Non Subsidi,958.12,251.25,1,8.42,1.76,ACTIVE
2025-07,LN2105,Commercial - Investasi,1136.57,298.04,1,8.24,2.05,ACTIVE
2025-07,LN2106,Consumer - KPR Subsidi,1531.5,401.6,1,5.04,1.69,ACTIVE
2025-07,LN2107,Consumer - KPR Non Subsidi,629.51,165.08,1,9.0,1.24,ACTIVE
2025-07,LN2110,Consumer - KPR Subsidi,1774.75,465.39,1,4.49,1.74,ACTIVE
2025-07,LN2112,Commercial - Investasi,974.58,255.56,1,9.11,1.94,ACTIVE
2025-07,LN2113,Consumer - KPR Non Subsidi,940.0,246.5,2,7.91,1.62,ACTIVE
2025-07,LN2114,Consumer - KPR Subsidi,1170.27,306.88,1,4.76,1.22,ACTIVE
2025-07,LN2116,Consumer - KPR Non Subsidi,1775.18,465.5,1,8.6,3.34,ACTIVE
2025-07,LN2117,Consumer - KPR Subsidi,747.36,195.98,1,4.96,0.81,ACTIVE
2025-07,LN2118,Commercial - Investasi,972.65,255.06,1,9.18,1.95,ACTIVE
2025-07,LN2119,Commercial - Modal Kerja,448.44,117.59,1,8.55,0.84,ACTIVE
2025-07,LN2120,Consumer - KPR Non Subsidi,678.29,177.87,1,9.1,1.35,ACTIVE
2025-07,LN2123,Commercial - Investasi,1341.67,351.83,1,8.99,2.64,ACTIVE
2025-07,LN2124,Consumer - Non KPR,1563.64,410.03,1,10.51,3.59,ACTIVE
2025-07,LN2125,Consumer - KPR Subsidi,1687.25,442.45,3,5.27,1.94,ACTIVE
2025-07,LN2128,Consumer - KPR Non Subsidi,621.43,162.96,1,8.92,1.21,ACTIVE
2025-07,LN2130,Consumer - KPR Non Subsidi,714.99,187.49,1,8.72,1.36,ACTIVE
2025-07,LN2131,Consumer - KPR Subsidi,916.19,240.25,1,5.17,1.04,ACTIVE
2025-07,LN2133,Commercial - Konstruksi,1727.28,452.94,1,9.66,3.65,ACTIVE
2025-07,LN2134,Consumer - KPR Subsidi,567.24,148.75,1,4.93,0.61,ACTIVE
2025-07,LN2135,Commercial - Modal Kerja,1402.25,367.71,1,8.97,2.75,ACTIVE
2025-07,LN2137,Commercial - Investasi,1229.52,322.42,1,9.27,2.49,ACTIVE
2025-07,LN2138,Consumer - KPR Non Subsidi,1687.86,442.61,1,8.92,3.29,ACTIVE
2025-07,LN2139,Commercial - Modal Kerja,1280.55,335.8,1,9.6,2.69,ACTIVE
2025-07,LN2140,Consumer - KPR Non Subsidi,1298.65,340.54,1,8.32,2.36,ACTIVE
2025-07,LN2141,Consumer - Non KPR,1646.82,431.84,1,10.21,3.67,ACTIVE
2025-07,LN2142,Consumer - Multimanfaat,454.32,119.14,1,8.93,0.89,ACTIVE
2025-07,LN2144,Commercial - Investasi,1150.9,301.8,2,9.18,2.31,ACTIVE
2025-07,LN2145,Consumer - Multimanfaat,882.18,226.8,1,9.47,1.79,ACTIVE
2025-07,LN2147,Consumer - KPR Subsidi,749.58,196.56,1,4.73,0.77,ACTIVE
2025-07,LN2148,Commercial - Modal Kerja,1388.78,357.04,1,9.34,2.78,ACTIVE
2025-07,LN2149,Consumer - Multimanfaat,1439.56,377.49,1,9.41,2.96,ACTIVE
2025-07,LN2151,Consumer - KPR Subsidi,1125.23,292.18,1,4.75,1.16,ACTIVE
2025-07,LN2152,Consumer - Multimanfaat,1182.67,310.13,1,9.44,2.44,ACTIVE
2025-07,LN2153,Commercial - Modal Kerja,1387.78,363.92,1,8.78,2.66,ACTIVE
2025-07,LN2154,Consumer - KPR Subsidi,1760.23,461.58,1,5.16,1.98,ACTIVE
2025-07,LN2155,Consumer - KPR Non Subsidi,1512.51,396.62,1,8.79,2.91,ACTIVE
2025-07,LN2156,Commercial - Modal Kerja,1020.53,267.61,1,9.36,2.09,ACTIVE
2025-07,LN2157,Consumer - KPR Subsidi,609.28,159.77,1,4.55,0.61,ACTIVE
2025-07,LN2158,Commercial - Konstruksi,811.45,212.79,1,9.76,1.73,ACTIVE
2025-07,LN2159,Consumer - KPR Non Subsidi,622.87,163.33,1,8.63,1.17,ACTIVE
2025-07,LN2160,Consumer - Non KPR,1072.67,281.29,1,10.45,2.45,ACTIVE
2025-07,LN2161,Consumer - Multimanfaat,1220.17,319.96,1,9.89,2.64,ACTIVE
2025-07,LN2162,Consumer - Non KPR,1513.41,396.86,1,10.22,3.38,ACTIVE
2025-07,LN2163,Commercial - Modal Kerja,537.53,140.96,1,9.58,1.13,ACTIVE
2025-07,LN2165,Consumer - KPR Subsidi,1396.57,366.22,1,5.03,1.54,ACTIVE
2025-07,LN2166,Commercial - Investasi,912.44,236.92,2,8.29,1.64,ACTIVE
2025-07,LN2167,Commercial - Modal Kerja,1142.1,299.49,1,8.41,2.1,ACTIVE
2025-07,LN2169,Commercial - Konstruksi,2091.54,548.46,2,10.04,4.59,ACTIVE
2025-07,LN2170,Consumer - KPR Non Subsidi,504.72,132.35,1,9.06,1.0,ACTIVE
2025-07,LN2171,Commercial - Modal Kerja,1456.31,381.89,2,8.81,2.8,ACTIVE
2025-07,LN2172,Consumer - Multimanfaat,1091.29,286.17,3,9.87,2.35,ACTIVE
2025-07,LN2173,Commercial - Modal Kerja,398.42,104.48,1,8.6,0.75,ACTIVE
2025-07,LN2174,Commercial - Investasi,1588.92,416.66,1,8.39,2.91,ACTIVE
2025-07,LN2175,Consumer - KPR Non Subsidi,1238.72,324.83,1,8.84,2.39,ACTIVE
2025-07,LN2176,Consumer - KPR Subsidi,1430.23,375.05,1,4.76,1.49,ACTIVE
2025-07,LN2177,Commercial - Investasi,1506.89,391.28,1,8.86,2.89,ACTIVE
2025-07,LN2179,Consumer - KPR Subsidi,959.85,246.77,1,4.65,0.96,ACTIVE
2025-07,LN2182,Consumer - Non KPR,891.27,233.72,1,10.16,1.98,ACTIVE
2025-07,LN2183,Commercial - Modal Kerja,725.65,190.29,1,9.1,1.44,ACTIVE
2025-07,LN2186,Consumer - KPR Subsidi,1136.05,297.91,2,4.42,1.1,ACTIVE
2025-07,LN2188,Consumer - Non KPR,1166.73,299.95,2,10.39,2.6,ACTIVE
2025-07,LN2189,Consumer - KPR Subsidi,1674.99,439.23,1,5.37,1.97,ACTIVE
2025-07,LN2190,Consumer - KPR Non Subsidi,1631.84,427.92,1,8.88,3.17,ACTIVE
2025-07,LN2191,Commercial - Investasi,580.86,152.32,1,8.56,1.09,ACTIVE
2025-07,LN2192,Commercial - Modal Kerja,1467.09,384.71,1,9.15,2.93,ACTIVE
2025-07,LN2193,Consumer - KPR Subsidi,530.87,139.21,1,4.79,0.56,ACTIVE
2025-07,LN2194,Consumer - KPR Subsidi,689.74,180.87,1,4.5,0.68,ACTIVE
2025-07,LN2195,Commercial - Konstruksi,1629.38,427.27,1,9.57,3.41,ACTIVE
2025-07,LN2196,Commercial - Investasi,1179.39,309.27,1,8.36,2.15,ACTIVE
2025-07,LN2197,Consumer - KPR Non Subsidi,752.56,197.34,1,8.83,1.45,ACTIVE
2025-07,LN2200,Consumer - Non KPR,517.38,135.67,1,10.61,1.2,ACTIVE
2025-07,LN2201,Commercial - Konstruksi,976.65,256.11,1,10.55,2.25,ACTIVE
2025-07,LN2202,Commercial - Konstruksi,1128.87,293.12,1,9.45,2.31,ACTIVE
2025-07,LN2203,Commercial - Investasi,1207.8,316.72,1,8.68,2.29,ACTIVE
2025-07,LN2204,Consumer - KPR Subsidi,911.51,231.99,1,4.64,0.9,ACTIVE
2025-07,LN2205,Consumer - KPR Subsidi,1322.99,329.92,1,4.69,1.29,ACTIVE
2025-07,LN2206,Commercial - Konstruksi,1603.4,391.6,1,10.58,3.45,ACTIVE
2025-07,LN2207,Consumer - KPR Subsidi,962.68,230.17,2,4.54,0.87,ACTIVE
2025-07,LN2208,Commercial - Modal Kerja,531.1,135.17,1,9.42,1.06,ACTIVE
2025-07,LN2209,Consumer - Multimanfaat,1515.94,358.55,1,9.72,2.9,ACTIVE
2025-07,LN2210,Commercial - Investasi,520.49,125.78,2,8.28,0.87,ACTIVE
2025-07,LN2211,Consumer - KPR Non Subsidi,513.51,124.1,2,8.68,0.9,ACTIVE
2025-07,LN2212,Consumer - KPR Subsidi,669.11,159.98,1,4.45,0.59,ACTIVE
2025-07,LN2213,Commercial - Konstruksi,1909.21,461.38,2,9.76,3.75,ACTIVE
2025-07,LN2214,Commercial - Konstruksi,910.34,231.7,1,9.97,1.93,ACTIVE
2025-07,LN2215,Consumer - KPR Subsidi,1456.83,337.08,2,4.73,1.33,ACTIVE
2025-07,LN2216,Consumer - KPR Non Subsidi,588.11,149.68,1,8.9,1.11,ACTIVE
2025-07,LN2217,Consumer - KPR Non Subsidi,1568.87,391.24,1,8.4,2.74,ACTIVE
2025-07,LN2218,Commercial - Modal Kerja,1497.36,381.1,2,8.71,2.77,ACTIVE
2025-07,LN2219,Consumer - Non KPR,1264.38,292.55,1,11.0,2.68,ACTIVE
2025-07,LN2220,Consumer - KPR Non Subsidi,1275.74,308.3,1,7.96,2.05,ACTIVE
2025-07,LN2221,Consumer - KPR Subsidi,1499.4,358.49,1,4.9,1.46,ACTIVE
2025-07,LN2222,Consumer - Multimanfaat,1120.31,264.98,3,9.7,2.14,ACTIVE
2025-07,LN2223,Consumer - KPR Non Subsidi,1264.91,321.94,2,9.07,2.43,ACTIVE
2025-07,LN2224,Commercial - Modal Kerja,1240.2,306.09,2,9.22,2.35,ACTIVE
2025-07,LN2225,Commercial - Investasi,1519.78,375.09,2,8.9,2.78,ACTIVE
2025-07,LN2226,Commercial - Modal Kerja,540.02,130.5,1,8.57,0.93,ACTIVE
2025-07,LN2227,Commercial - Konstruksi,1548.12,394.02,1,9.76,3.2,ACTIVE
2025-07,LN2228,Consumer - KPR Subsidi,1612.75,385.59,1,4.79,1.54,ACTIVE
2025-07,LN2229,Consumer - Multimanfaat,1213.37,302.58,1,10.04,2.53,ACTIVE
2025-07,LN2230,Consumer - KPR Non Subsidi,936.97,231.25,1,9.03,1.74,ACTIVE
2025-07,LN2231,Consumer - KPR Subsidi,1020.59,241.39,1,5.18,1.04,ACTIVE
2025-07,LN2232,Commercial - Investasi,596.82,147.3,1,8.82,1.08,ACTIVE
2025-07,LN2233,Consumer - KPR Non Subsidi,1139.76,275.44,1,7.97,1.83,ACTIVE
2025-07,LN2234,Commercial - Investasi,845.34,199.94,1,9.16,1.53,ACTIVE
2025-07,LN2235,Commercial - Modal Kerja,1444.53,360.23,1,8.97,2.69,ACTIVE
2025-07,LN2236,Consumer - Multimanfaat,971.34,229.74,1,9.36,1.79,ACTIVE
2025-07,LN2237,Commercial - Modal Kerja,531.67,132.59,1,8.84,0.98,ACTIVE
2025-07,LN2238,Consumer - KPR Subsidi,1042.03,259.86,1,4.57,0.99,ACTIVE
2025-07,LN2239,Consumer - KPR Subsidi,1615.05,373.69,1,5.55,1.73,ACTIVE
2025-07,LN2240,Commercial - Modal Kerja,1035.35,258.19,1,8.79,1.89,ACTIVE
2025-07,LN2241,Commercial - Konstruksi,1364.07,336.66,1,9.88,2.77,ACTIVE
2025-07,LN2242,Consumer - Non KPR,1145.06,267.89,1,10.13,2.26,ACTIVE
2025-07,LN2243,Consumer - KPR Non Subsidi,1540.56,388.14,1,8.05,2.6,ACTIVE
2025-08,LN2026,Consumer - KPR Non Subsidi,1497.01,406.52,1,8.92,3.02,ACTIVE
2025-08,LN2027,Consumer - KPR Subsidi,1406.44,381.93,1,4.93,1.57,ACTIVE
2025-08,LN2029,Consumer - KPR Non Subsidi,1782.56,484.06,2,8.63,3.48,ACTIVE
2025-08,LN2030,Commercial - Investasi,722.1,196.09,2,8.46,1.38,ACTIVE
2025-08,LN2032,Commercial - Investasi,1189.7,323.07,1,8.96,2.41,ACTIVE
2025-08,LN2033,Consumer - KPR Subsidi,1443.01,391.86,1,4.68,1.53,ACTIVE
2025-08,LN2035,Consumer - KPR Subsidi,1712.29,464.98,2,4.99,1.93,ACTIVE
2025-08,LN2037,Consumer - Multimanfaat,1543.95,419.27,1,9.04,3.16,ACTIVE
2025-08,LN2039,Consumer - KPR Subsidi,516.38,140.23,1,4.53,0.53,ACTIVE
2025-08,LN2041,Consumer - KPR Non Subsidi,1652.31,448.69,1,8.45,3.16,ACTIVE
2025-08,LN2043,Commercial - Modal Kerja,645.35,175.25,1,9.59,1.4,ACTIVE
2025-08,LN2044,Commercial - Modal Kerja,377.2,102.43,1,8.85,0.76,ACTIVE
2025-08,LN2046,Consumer - KPR Subsidi,1373.17,372.89,1,5.44,1.69,ACTIVE
2025-08,LN2048,Commercial - Modal Kerja,433.25,117.65,2,8.41,0.82,ACTIVE
2025-08,LN2049,Commercial - Konstruksi,1247.08,338.65,1,10.53,2.97,ACTIVE
2025-08,LN2051,Consumer - KPR Subsidi,812.2,220.56,1,4.68,0.86,ACTIVE
2025-08,LN2054,Consumer - KPR Non Subsidi,1276.06,346.52,1,8.84,2.55,ACTIVE
2025-08,LN2055,Commercial - Konstruksi,1633.64,443.62,1,9.86,3.65,ACTIVE
2025-08,LN2056,Consumer - KPR Subsidi,1154.42,313.49,1,4.84,1.26,ACTIVE
2025-08,LN2060,Commercial - Investasi,849.97,230.81,1,8.72,1.68,ACTIVE
2025-08,LN2061,Consumer - KPR Non Subsidi,1120.23,304.21,1,8.24,2.09,ACTIVE
2025-08,LN2062,Consumer - KPR Non Subsidi,625.14,169.76,1,8.42,1.19,ACTIVE
2025-08,LN2063,Commercial - Investasi,742.11,201.52,3,8.41,1.41,ACTIVE
2025-08,LN2064,Commercial - Investasi,1111.02,301.7,1,9.29,2.34,ACTIVE
2025-08,LN2068,Consumer - KPR Subsidi,939.95,255.25,1,4.77,1.01,ACTIVE
2025-08,LN2069,Consumer - KPR Non Subsidi,1731.13,470.1,1,8.46,3.31,ACTIVE
2025-08,LN2070,Consumer - KPR Non Subsidi,1642.02,445.9,1,8.55,3.18,ACTIVE
2025-08,LN2071,Consumer - Multimanfaat,508.27,138.02,1,9.91,1.14,ACTIVE
2025-08,LN2072,Commercial - Investasi,1475.32,400.63,1,8.73,2.91,ACTIVE
2025-08,LN2074,Commercial - Konstruksi,894.99,243.04,1,10.54,2.13,ACTIVE
2025-08,LN2075,Consumer - Non KPR,997.02,270.75,1,10.48,2.36,ACTIVE
2025-08,LN2076,Commercial - Investasi,1077.94,292.72,1,8.76,2.14,ACTIVE
2025-08,LN2077,Commercial - Modal Kerja,916.66,248.92,1,8.55,1.77,ACTIVE
2025-08,LN2078,Commercial - Konstruksi,2139.28,580.99,3,10.51,5.09,ACTIVE
2025-08,LN2081,Commercial - Konstruksi,1881.11,510.83,1,9.85,4.19,ACTIVE
2025-08,LN2082,Consumer - KPR Non Subsidi,512.48,139.17,1,8.97,1.04,ACTIVE
2025-08,LN2084,Consumer - KPR Subsidi,824.51,223.9,5,5.15,0.96,ACTIVE
2025-08,LN2085,Consumer - KPR Non Subsidi,1009.19,274.05,1,8.05,1.84,ACTIVE
2025-08,LN2086,Commercial - Investasi,1317.8,357.86,1,8.97,2.68,ACTIVE
2025-08,LN2089,Consumer - Non KPR,970.66,263.59,1,10.5,2.31,ACTIVE
2025-08,LN2090,Consumer - Multimanfaat,1369.66,371.94,1,9.46,2.93,ACTIVE
2025-08,LN2091,Consumer - KPR Non Subsidi,1760.12,477.97,1,8.38,3.34,ACTIVE
2025-08,LN2092,Consumer - Multimanfaat,1211.81,329.07,2,8.96,2.46,ACTIVE
2025-08,LN2093,Consumer - KPR Non Subsidi,833.35,226.3,1,9.08,1.71,ACTIVE
2025-08,LN2095,Consumer - KPR Subsidi,1556.61,422.71,1,5.25,1.85,ACTIVE
2025-08,LN2097,Consumer - KPR Non Subsidi,1647.96,447.51,1,8.75,3.26,ACTIVE
2025-08,LN2098,Consumer - Non KPR,1100.34,298.8,1,10.66,2.65,ACTIVE
2025-08,LN2099,Consumer - KPR Subsidi,1266.73,343.99,1,5.58,1.6,ACTIVE
2025-08,LN2100,Consumer - KPR Non Subsidi,1107.37,300.71,1,8.64,2.17,ACTIVE
2025-08,LN2102,Consumer - KPR Subsidi,1074.76,291.86,1,5.32,1.29,ACTIVE
2025-08,LN2103,Consumer - KPR Non Subsidi,958.12,260.18,1,8.42,1.83,ACTIVE
2025-08,LN2105,Commercial - Investasi,1136.57,308.64,1,8.24,2.12,ACTIVE
2025-08,LN2106,Consumer - KPR Subsidi,1531.5,415.89,1,5.04,1.75,ACTIVE
2025-08,LN2107,Consumer - KPR Non Subsidi,629.51,170.95,1,9.0,1.28,ACTIVE
2025-08,LN2110,Consumer - KPR Subsidi,1774.75,481.94,1,4.49,1.8,ACTIVE
2025-08,LN2112,Commercial - Investasi,974.58,264.65,1,9.11,2.01,ACTIVE
2025-08,LN2113,Consumer - KPR Non Subsidi,940.0,255.26,2,7.91,1.68,ACTIVE
2025-08,LN2114,Consumer - KPR Subsidi,1170.27,317.79,1,4.76,1.26,ACTIVE
2025-08,LN2116,Consumer - KPR Non Subsidi,1775.18,482.06,1,8.6,3.45,ACTIVE
2025-08,LN2117,Consumer - KPR Subsidi,747.36,202.95,1,4.96,0.84,ACTIVE
2025-08,LN2118,Commercial - Investasi,972.65,264.13,1,9.18,2.02,ACTIVE
2025-08,LN2119,Commercial - Modal Kerja,448.44,121.78,1,8.55,0.87,ACTIVE
2025-08,LN2120,Consumer - KPR Non Subsidi,678.29,184.19,1,9.1,1.4,ACTIVE
2025-08,LN2123,Commercial - Investasi,1341.67,364.34,1,8.99,2.73,ACTIVE
2025-08,LN2124,Consumer - Non KPR,1563.64,424.62,1,10.51,3.72,ACTIVE
2025-08,LN2125,Consumer - KPR Subsidi,1687.25,458.18,3,5.27,2.01,ACTIVE
2025-08,LN2128,Consumer - KPR Non Subsidi,621.43,168.75,1,8.92,1.25,ACTIVE
2025-08,LN2130,Consumer - KPR Non Subsidi,714.99,194.16,1,8.72,1.41,ACTIVE
2025-08,LN2131,Consumer - KPR Subsidi,916.19,248.8,1,5.17,1.07,ACTIVE
2025-08,LN2133,Commercial - Konstruksi,1727.28,469.05,1,9.66,3.78,ACTIVE
2025-08,LN2134,Consumer - KPR Subsidi,567.24,154.04,1,4.93,0.63,ACTIVE
2025-08,LN2135,Commercial - Modal Kerja,1402.25,380.79,1,8.97,2.85,ACTIVE
2025-08,LN2137,Commercial - Investasi,1229.52,333.88,1,9.27,2.58,ACTIVE
2025-08,LN2138,Consumer - KPR Non Subsidi,1687.86,458.35,1,8.92,3.41,ACTIVE
2025-08,LN2139,Commercial - Modal Kerja,1280.55,347.74,1,9.6,2.78,ACTIVE
2025-08,LN2140,Consumer - KPR Non Subsidi,1298.65,352.66,1,8.32,2.45,ACTIVE
2025-08,LN2141,Consumer - Non KPR,1646.82,447.2,1,10.21,3.8,ACTIVE
2025-08,LN2142,Consumer - Multimanfaat,454.32,123.37,1,8.93,0.92,ACTIVE
2025-08,LN2144,Commercial - Investasi,1150.9,312.53,2,9.18,2.39,ACTIVE
2025-08,LN2145,Consumer - Multimanfaat,882.18,237.21,1,9.47,1.87,ACTIVE
2025-08,LN2147,Consumer - KPR Subsidi,749.58,203.55,1,4.73,0.8,ACTIVE
2025-08,LN2148,Commercial - Modal Kerja,1388.78,373.43,1,9.34,2.91,ACTIVE
2025-08,LN2149,Consumer - Multimanfaat,1439.56,390.92,1,9.41,3.07,ACTIVE
2025-08,LN2151,Consumer - KPR Subsidi,1125.23,305.56,1,4.75,1.21,ACTIVE
2025-08,LN2152,Consumer - Multimanfaat,1182.67,321.16,1,9.44,2.53,ACTIVE
2025-08,LN2153,Commercial - Modal Kerja,1387.78,376.86,1,8.78,2.76,ACTIVE
2025-08,LN2154,Consumer - KPR Subsidi,1760.23,478.0,1,5.16,2.06,ACTIVE
2025-08,LN2155,Consumer - KPR Non Subsidi,1512.51,410.73,1,8.79,3.01,ACTIVE
2025-08,LN2156,Commercial - Modal Kerja,1020.53,277.13,1,9.36,2.16,ACTIVE
2025-08,LN2157,Consumer - KPR Subsidi,609.28,165.45,1,4.55,0.63,ACTIVE
2025-08,LN2158,Commercial - Konstruksi,811.45,220.35,1,9.76,1.79,ACTIVE
2025-08,LN2159,Consumer - KPR Non Subsidi,622.87,169.14,1,8.63,1.22,ACTIVE
2025-08,LN2160,Consumer - Non KPR,1072.67,291.29,1,10.45,2.54,ACTIVE
2025-08,LN2161,Consumer - Multimanfaat,1220.17,331.34,1,9.89,2.73,ACTIVE
2025-08,LN2162,Consumer - Non KPR,1513.41,410.98,1,10.22,3.5,ACTIVE
2025-08,LN2163,Commercial - Modal Kerja,537.53,145.97,1,9.58,1.17,ACTIVE
2025-08,LN2165,Consumer - KPR Subsidi,1396.57,379.25,1,5.03,1.59,ACTIVE
2025-08,LN2166,Commercial - Investasi,912.44,247.78,2,8.29,1.71,ACTIVE
2025-08,LN2167,Commercial - Modal Kerja,1142.1,310.14,1,8.41,2.17,ACTIVE
2025-08,LN2169,Commercial - Konstruksi,2091.54,567.97,2,10.04,4.75,ACTIVE
2025-08,LN2170,Consumer - KPR Non Subsidi,504.72,137.06,1,9.06,1.03,ACTIVE
2025-08,LN2171,Commercial - Modal Kerja,1456.31,395.47,2,8.81,2.9,ACTIVE
2025-08,LN2172,Consumer - Multimanfaat,1091.29,296.35,3,9.87,2.44,ACTIVE
2025-08,LN2173,Commercial - Modal Kerja,398.42,108.19,1,8.6,0.78,ACTIVE
2025-08,LN2174,Commercial - Investasi,1588.92,431.48,1,8.39,3.02,ACTIVE
2025-08,LN2175,Consumer - KPR Non Subsidi,1238.72,336.38,1,8.84,2.48,ACTIVE
2025-08,LN2176,Consumer - KPR Subsidi,1430.23,388.39,1,4.76,1.54,ACTIVE
2025-08,LN2177,Commercial - Investasi,1506.89,409.2,1,8.86,3.02,ACTIVE
2025-08,LN2179,Consumer - KPR Subsidi,959.85,258.1,1,4.65,1.0,ACTIVE
2025-08,LN2182,Consumer - Non KPR,891.27,242.03,1,10.16,2.05,ACTIVE
2025-08,LN2183,Commercial - Modal Kerja,725.65,197.05,1,9.1,1.49,ACTIVE
2025-08,LN2186,Consumer - KPR Subsidi,1136.05,308.5,2,4.42,1.14,ACTIVE
2025-08,LN2188,Consumer - Non KPR,1166.73,313.73,2,10.39,2.72,ACTIVE
2025-08,LN2189,Consumer - KPR Subsidi,1674.99,454.85,1,5.37,2.04,ACTIVE
2025-08,LN2190,Consumer - KPR Non Subsidi,1631.84,443.14,1,8.88,3.28,ACTIVE
2025-08,LN2191,Commercial - Investasi,580.86,157.74,1,8.56,1.13,ACTIVE
2025-08,LN2192,Commercial - Modal Kerja,1467.09,398.4,1,9.15,3.04,ACTIVE
2025-08,LN2193,Consumer - KPR Subsidi,530.87,144.16,1,4.79,0.58,ACTIVE
2025-08,LN2194,Consumer - KPR Subsidi,689.74,187.3,1,4.5,0.7,ACTIVE
2025-08,LN2195,Commercial - Konstruksi,1629.38,442.47,1,9.57,3.53,ACTIVE
2025-08,LN2196,Commercial - Investasi,1179.39,320.27,1,8.36,2.23,ACTIVE
2025-08,LN2200,Consumer - Non KPR,517.38,140.5,1,10.61,1.24,ACTIVE
2025-08,LN2202,Commercial - Konstruksi,1128.87,306.55,1,9.45,2.41,ACTIVE
2025-08,LN2203,Commercial - Investasi,1207.8,327.99,1,8.68,2.37,ACTIVE
2025-08,LN2204,Consumer - KPR Subsidi,911.51,242.67,1,4.64,0.94,ACTIVE
2025-08,LN2205,Consumer - KPR Subsidi,1322.99,345.18,1,4.69,1.35,ACTIVE
2025-08,LN2206,Commercial - Konstruksi,1603.4,409.8,1,10.58,3.61,ACTIVE
2025-08,LN2207,Consumer - KPR Subsidi,962.68,240.92,2,4.54,0.91,ACTIVE
2025-08,LN2208,Commercial - Modal Kerja,531.1,141.4,1,9.42,1.11,ACTIVE
2025-08,LN2209,Consumer - Multimanfaat,1515.94,375.34,1,9.72,3.04,ACTIVE
2025-08,LN2210,Commercial - Investasi,520.49,131.64,2,8.28,0.91,ACTIVE
2025-08,LN2211,Consumer - KPR Non Subsidi,513.51,129.88,2,8.68,0.94,ACTIVE
2025-08,LN2212,Consumer - KPR Subsidi,669.11,167.45,1,4.45,0.62,ACTIVE
2025-08,LN2213,Commercial - Konstruksi,1909.21,482.88,2,9.76,3.93,ACTIVE
2025-08,LN2214,Commercial - Konstruksi,910.34,242.36,1,9.97,2.01,ACTIVE
2025-08,LN2215,Consumer - KPR Subsidi,1456.83,352.95,2,4.73,1.39,ACTIVE
2025-08,LN2216,Consumer - KPR Non Subsidi,588.11,156.57,1,8.9,1.16,ACTIVE
2025-08,LN2217,Consumer - KPR Non Subsidi,1568.87,409.33,1,8.4,2.87,ACTIVE
2025-08,LN2218,Commercial - Modal Kerja,1497.36,398.64,2,8.71,2.89,ACTIVE
2025-08,LN2219,Consumer - Non KPR,1264.38,306.32,1,11.0,2.81,ACTIVE
2025-08,LN2220,Consumer - KPR Non Subsidi,1275.74,322.66,1,7.96,2.14,ACTIVE
2025-08,LN2221,Consumer - KPR Subsidi,1499.4,375.24,1,4.9,1.53,ACTIVE
2025-08,LN2222,Consumer - Multimanfaat,1120.31,277.38,3,9.7,2.24,ACTIVE
2025-08,LN2223,Consumer - KPR Non Subsidi,1264.91,336.76,2,9.07,2.55,ACTIVE
2025-08,LN2224,Commercial - Modal Kerja,1240.2,320.27,2,9.22,2.46,ACTIVE
2025-08,LN2225,Commercial - Investasi,1519.78,392.47,2,8.9,2.91,ACTIVE
2025-08,LN2226,Commercial - Modal Kerja,540.02,136.58,1,8.57,0.98,ACTIVE
2025-08,LN2227,Commercial - Konstruksi,1548.12,412.16,1,9.76,3.35,ACTIVE
2025-08,LN2228,Consumer - KPR Subsidi,1612.75,403.6,1,4.79,1.61,ACTIVE
2025-08,LN2229,Consumer - Multimanfaat,1213.37,316.58,1,10.04,2.65,ACTIVE
2025-08,LN2230,Consumer - KPR Non Subsidi,936.97,241.97,1,9.03,1.82,ACTIVE
2025-08,LN2231,Consumer - KPR Subsidi,1020.59,252.69,1,5.18,1.09,ACTIVE
2025-08,LN2232,Commercial - Investasi,596.82,154.13,1,8.82,1.13,ACTIVE
2025-08,LN2233,Consumer - KPR Non Subsidi,1139.76,288.27,1,7.97,1.91,ACTIVE
2025-08,LN2234,Commercial - Investasi,845.34,209.3,1,9.16,1.6,ACTIVE
2025-08,LN2235,Commercial - Modal Kerja,1444.53,376.89,1,8.97,2.82,ACTIVE
2025-08,LN2236,Consumer - Multimanfaat,971.34,240.5,1,9.36,1.88,ACTIVE
2025-08,LN2237,Commercial - Modal Kerja,531.67,138.72,1,8.84,1.02,ACTIVE
2025-08,LN2238,Consumer - KPR Subsidi,1042.03,271.87,1,4.57,1.04,ACTIVE
2025-08,LN2239,Consumer - KPR Subsidi,1615.05,391.28,1,5.55,1.81,ACTIVE
2025-08,LN2240,Commercial - Modal Kerja,1035.35,270.13,1,8.79,1.98,ACTIVE
2025-08,LN2242,Consumer - Non KPR,1145.06,280.46,1,10.13,2.37,ACTIVE
2025-08,LN2243,Consumer - KPR Non Subsidi,1540.56,406.04,1,8.05,2.72,ACTIVE
2025-09,LN2026,Consumer - KPR Non Subsidi,1497.01,415.64,1,8.92,3.09,ACTIVE
2025-09,LN2027,Consumer - KPR Subsidi,1406.44,390.5,1,4.93,1.6,ACTIVE
2025-09,LN2029,Consumer - KPR Non Subsidi,1782.56,494.93,2,8.63,3.56,ACTIVE
2025-09,LN2030,Commercial - Investasi,722.1,200.49,2,8.46,1.41,ACTIVE
2025-09,LN2032,Commercial - Investasi,1189.7,330.32,1,8.96,2.47,ACTIVE
2025-09,LN2033,Consumer - KPR Subsidi,1443.01,400.65,1,4.68,1.56,ACTIVE
2025-09,LN2035,Consumer - KPR Subsidi,1712.29,475.42,2,4.99,1.98,ACTIVE
2025-09,LN2037,Consumer - Multimanfaat,1543.95,428.68,1,9.04,3.23,ACTIVE
2025-09,LN2039,Consumer - KPR Subsidi,516.38,143.37,1,4.53,0.54,ACTIVE
2025-09,LN2041,Consumer - KPR Non Subsidi,1652.31,458.76,1,8.45,3.23,ACTIVE
2025-09,LN2043,Commercial - Modal Kerja,645.35,179.18,1,9.59,1.43,ACTIVE
2025-09,LN2044,Commercial - Modal Kerja,377.2,104.73,1,8.85,0.77,ACTIVE
2025-09,LN2046,Consumer - KPR Subsidi,1373.17,381.26,1,5.44,1.73,ACTIVE
2025-09,LN2048,Commercial - Modal Kerja,433.25,120.29,2,8.41,0.84,ACTIVE
2025-09,LN2051,Consumer - KPR Subsidi,812.2,225.51,1,4.68,0.88,ACTIVE
2025-09,LN2054,Consumer - KPR Non Subsidi,1276.06,354.3,1,8.84,2.61,ACTIVE
2025-09,LN2055,Commercial - Konstruksi,1633.64,453.58,1,9.86,3.73,ACTIVE
2025-09,LN2056,Consumer - KPR Subsidi,1154.42,320.52,1,4.84,1.29,ACTIVE
2025-09,LN2060,Commercial - Investasi,849.97,235.99,1,8.72,1.71,ACTIVE
2025-09,LN2061,Consumer - KPR Non Subsidi,1120.23,311.03,1,8.24,2.14,ACTIVE
2025-09,LN2063,Commercial - Investasi,742.11,206.05,3,8.41,1.44,ACTIVE
2025-09,LN2064,Commercial - Investasi,1111.02,308.47,1,9.29,2.39,ACTIVE
2025-09,LN2068,Consumer - KPR Subsidi,939.95,260.98,1,4.77,1.04,ACTIVE
2025-09,LN2069,Consumer - KPR Non Subsidi,1731.13,480.65,1,8.46,3.39,ACTIVE
2025-09,LN2070,Consumer - KPR Non Subsidi,1642.02,455.91,1,8.55,3.25,ACTIVE
2025-09,LN2071,Consumer - Multimanfaat,508.27,141.12,1,9.91,1.17,ACTIVE
2025-09,LN2072,Commercial - Investasi,1475.32,409.62,1,8.73,2.98,ACTIVE
2025-09,LN2074,Commercial - Konstruksi,894.99,248.49,1,10.54,2.18,ACTIVE
2025-09,LN2075,Consumer - Non KPR,997.02,276.82,1,10.48,2.42,ACTIVE
2025-09,LN2076,Commercial - Investasi,1077.94,299.29,1,8.76,2.18,ACTIVE
2025-09,LN2077,Commercial - Modal Kerja,916.66,254.51,1,8.55,1.81,ACTIVE
2025-09,LN2078,Commercial - Konstruksi,2139.28,593.92,3,10.51,5.2,ACTIVE
2025-09,LN2081,Commercial - Konstruksi,1881.11,522.29,1,9.85,4.29,ACTIVE
2025-09,LN2082,Consumer - KPR Non Subsidi,512.48,142.29,1,8.97,1.06,ACTIVE
2025-09,LN2084,Consumer - KPR Subsidi,824.51,228.92,5,5.15,0.98,ACTIVE
2025-09,LN2085,Consumer - KPR Non Subsidi,1009.19,280.2,1,8.05,1.88,ACTIVE
2025-09,LN2086,Commercial - Investasi,1317.8,365.89,1,8.97,2.74,ACTIVE
2025-09,LN2089,Consumer - Non KPR,970.66,269.5,1,10.5,2.36,ACTIVE
2025-09,LN2090,Consumer - Multimanfaat,1369.66,380.29,1,9.46,3.0,ACTIVE
2025-09,LN2091,Consumer - KPR Non Subsidi,1760.12,488.7,1,8.38,3.41,ACTIVE
2025-09,LN2092,Consumer - Multimanfaat,1211.81,336.46,2,8.96,2.51,ACTIVE
2025-09,LN2093,Consumer - KPR Non Subsidi,833.35,231.38,1,9.08,1.75,ACTIVE
2025-09,LN2095,Consumer - KPR Subsidi,1556.61,432.19,1,5.25,1.89,ACTIVE
2025-09,LN2097,Consumer - KPR Non Subsidi,1647.96,457.56,1,8.75,3.34,ACTIVE
2025-09,LN2098,Consumer - Non KPR,1100.34,305.51,1,10.66,2.71,ACTIVE
2025-09,LN2099,Consumer - KPR Subsidi,1266.73,351.71,1,5.58,1.64,ACTIVE
2025-09,LN2100,Consumer - KPR Non Subsidi,1107.37,307.46,1,8.64,2.21,ACTIVE
2025-09,LN2102,Consumer - KPR Subsidi,1074.76,298.41,1,5.32,1.32,ACTIVE
2025-09,LN2103,Consumer - KPR Non Subsidi,958.12,266.02,1,8.42,1.87,ACTIVE
2025-09,LN2105,Commercial - Investasi,1136.57,315.57,1,8.24,2.17,ACTIVE
2025-09,LN2106,Consumer - KPR Subsidi,1531.5,425.22,1,5.04,1.79,ACTIVE
2025-09,LN2107,Consumer - KPR Non Subsidi,629.51,174.78,1,9.0,1.31,ACTIVE
2025-09,LN2110,Consumer - KPR Subsidi,1774.75,492.76,1,4.49,1.84,ACTIVE
2025-09,LN2112,Commercial - Investasi,974.58,270.59,1,9.11,2.05,ACTIVE
2025-09,LN2113,Consumer - KPR Non Subsidi,940.0,260.99,2,7.91,1.72,ACTIVE
2025-09,LN2114,Consumer - KPR Subsidi,1170.27,324.92,1,4.76,1.29,ACTIVE
2025-09,LN2116,Consumer - KPR Non Subsidi,1775.18,492.88,1,8.6,3.53,ACTIVE
2025-09,LN2117,Consumer - KPR Subsidi,747.36,207.5,1,4.96,0.86,ACTIVE
2025-09,LN2119,Commercial - Modal Kerja,448.44,124.51,1,8.55,0.89,ACTIVE
2025-09,LN2120,Consumer - KPR Non Subsidi,678.29,188.33,1,9.1,1.43,ACTIVE
2025-09,LN2123,Commercial - Investasi,1341.67,372.51,1,8.99,2.79,ACTIVE
2025-09,LN2124,Consumer - Non KPR,1563.64,434.14,1,10.51,3.8,ACTIVE
2025-09,LN2125,Consumer - KPR Subsidi,1687.25,468.46,3,5.27,2.06,ACTIVE
2025-09,LN2128,Consumer - KPR Non Subsidi,621.43,172.54,1,8.92,1.28,ACTIVE
2025-09,LN2130,Consumer - KPR Non Subsidi,714.99,198.52,1,8.72,1.44,ACTIVE
2025-09,LN2131,Consumer - KPR Subsidi,916.19,254.38,1,5.17,1.1,ACTIVE
2025-09,LN2133,Commercial - Konstruksi,1727.28,479.58,1,9.66,3.86,ACTIVE
2025-09,LN2134,Consumer - KPR Subsidi,567.24,157.49,1,4.93,0.65,ACTIVE
2025-09,LN2135,Commercial - Modal Kerja,1402.25,389.33,1,8.97,2.91,ACTIVE
2025-09,LN2137,Commercial - Investasi,1229.52,341.38,1,9.27,2.64,ACTIVE
2025-09,LN2138,Consumer - KPR Non Subsidi,1687.86,468.63,1,8.92,3.48,ACTIVE
2025-09,LN2139,Commercial - Modal Kerja,1280.55,355.54,1,9.6,2.84,ACTIVE
2025-09,LN2140,Consumer - KPR Non Subsidi,1298.65,360.57,1,8.32,2.5,ACTIVE
2025-09,LN2141,Consumer - Non KPR,1646.82,457.24,1,10.21,3.89,ACTIVE
2025-09,LN2142,Consumer - Multimanfaat,454.32,126.14,1,8.93,0.94,ACTIVE
2025-09,LN2144,Commercial - Investasi,1150.9,319.55,2,9.18,2.44,ACTIVE
2025-09,LN2145,Consumer - Multimanfaat,882.18,244.94,1,9.47,1.93,ACTIVE
2025-09,LN2147,Consumer - KPR Subsidi,749.58,208.12,1,4.73,0.82,ACTIVE
2025-09,LN2148,Commercial - Modal Kerja,1388.78,385.59,1,9.34,3.0,ACTIVE
2025-09,LN2149,Consumer - Multimanfaat,1439.56,399.69,1,9.41,3.13,ACTIVE
2025-09,LN2151,Consumer - KPR Subsidi,1125.23,312.42,1,4.75,1.24,ACTIVE
2025-09,LN2152,Consumer - Multimanfaat,1182.67,328.37,1,9.44,2.58,ACTIVE
2025-09,LN2153,Commercial - Modal Kerja,1387.78,385.32,1,8.78,2.82,ACTIVE
2025-09,LN2154,Consumer - KPR Subsidi,1760.23,488.73,1,5.16,2.1,ACTIVE
2025-09,LN2155,Consumer - KPR Non Subsidi,1512.51,419.95,1,8.79,3.08,ACTIVE
2025-09,LN2156,Commercial - Modal Kerja,1020.53,283.35,1,9.36,2.21,ACTIVE
2025-09,LN2157,Consumer - KPR Subsidi,609.28,169.17,1,4.55,0.64,ACTIVE
2025-09,LN2158,Commercial - Konstruksi,811.45,225.3,1,9.76,1.83,ACTIVE
2025-09,LN2159,Consumer - KPR Non Subsidi,622.87,172.94,1,8.63,1.24,ACTIVE
2025-09,LN2160,Consumer - Non KPR,1072.67,297.83,1,10.45,2.59,ACTIVE
2025-09,LN2161,Consumer - Multimanfaat,1220.17,338.78,1,9.89,2.79,ACTIVE
2025-09,LN2162,Consumer - Non KPR,1513.41,420.2,1,10.22,3.58,ACTIVE
2025-09,LN2163,Commercial - Modal Kerja,537.53,149.24,1,9.58,1.19,ACTIVE
2025-09,LN2165,Consumer - KPR Subsidi,1396.57,387.76,1,5.03,1.63,ACTIVE
2025-09,LN2166,Commercial - Investasi,912.44,253.34,2,8.29,1.75,ACTIVE
2025-09,LN2167,Commercial - Modal Kerja,1142.1,317.1,1,8.41,2.22,ACTIVE
2025-09,LN2169,Commercial - Konstruksi,2091.54,580.72,2,10.04,4.86,ACTIVE
2025-09,LN2170,Consumer - KPR Non Subsidi,504.72,140.14,1,9.06,1.06,ACTIVE
2025-09,LN2171,Commercial - Modal Kerja,1456.31,404.34,2,8.81,2.97,ACTIVE
2025-09,LN2172,Consumer - Multimanfaat,1091.29,303.0,3,9.87,2.49,ACTIVE
2025-09,LN2173,Commercial - Modal Kerja,398.42,110.62,1,8.6,0.79,ACTIVE
2025-09,LN2174,Commercial - Investasi,1588.92,441.16,1,8.39,3.08,ACTIVE
2025-09,LN2175,Consumer - KPR Non Subsidi,1238.72,343.93,1,8.84,2.53,ACTIVE
2025-09,LN2176,Consumer - KPR Subsidi,1430.23,397.1,1,4.76,1.58,ACTIVE
2025-09,LN2177,Commercial - Investasi,1506.89,418.39,1,8.86,3.09,ACTIVE
2025-09,LN2179,Consumer - KPR Subsidi,959.85,266.5,1,4.65,1.03,ACTIVE
2025-09,LN2182,Consumer - Non KPR,891.27,247.46,1,10.16,2.1,ACTIVE
2025-09,LN2183,Commercial - Modal Kerja,725.65,201.48,1,9.1,1.53,ACTIVE
2025-09,LN2186,Consumer - KPR Subsidi,1136.05,315.42,2,4.42,1.16,ACTIVE
2025-09,LN2188,Consumer - Non KPR,1166.73,323.94,2,10.39,2.8,ACTIVE
2025-09,LN2190,Consumer - KPR Non Subsidi,1631.84,453.08,1,8.88,3.35,ACTIVE
2025-09,LN2191,Commercial - Investasi,580.86,161.28,1,8.56,1.15,ACTIVE
2025-09,LN2192,Commercial - Modal Kerja,1467.09,407.34,1,9.15,3.11,ACTIVE
2025-09,LN2193,Consumer - KPR Subsidi,530.87,147.4,1,4.79,0.59,ACTIVE
2025-09,LN2194,Consumer - KPR Subsidi,689.74,191.51,1,4.5,0.72,ACTIVE
2025-09,LN2195,Commercial - Konstruksi,1629.38,452.4,1,9.57,3.61,ACTIVE
2025-09,LN2196,Commercial - Investasi,1179.39,327.46,1,8.36,2.28,ACTIVE
2025-09,LN2200,Consumer - Non KPR,517.38,143.65,1,10.61,1.27,ACTIVE
2025-09,LN2202,Commercial - Konstruksi,1128.87,313.43,1,9.45,2.47,ACTIVE
2025-09,LN2203,Commercial - Investasi,1207.8,335.35,1,8.68,2.43,ACTIVE
2025-09,LN2204,Consumer - KPR Subsidi,911.51,250.6,1,4.64,0.97,ACTIVE
2025-09,LN2205,Consumer - KPR Subsidi,1322.99,356.52,1,4.69,1.39,ACTIVE
2025-09,LN2206,Commercial - Konstruksi,1603.4,423.36,1,10.58,3.73,ACTIVE
2025-09,LN2207,Consumer - KPR Subsidi,962.68,248.94,2,4.54,0.94,ACTIVE
2025-09,LN2208,Commercial - Modal Kerja,531.1,146.01,1,9.42,1.15,ACTIVE
2025-09,LN2209,Consumer - Multimanfaat,1515.94,387.89,1,9.72,3.14,ACTIVE
2025-09,LN2210,Commercial - Investasi,520.49,136.01,2,8.28,0.94,ACTIVE
2025-09,LN2211,Consumer - KPR Non Subsidi,513.51,134.19,2,8.68,0.97,ACTIVE
2025-09,LN2212,Consumer - KPR Subsidi,669.11,173.03,1,4.45,0.64,ACTIVE
2025-09,LN2213,Commercial - Konstruksi,1909.21,498.91,2,9.76,4.06,ACTIVE
2025-09,LN2214,Commercial - Konstruksi,910.34,250.28,1,9.97,2.08,ACTIVE
2025-09,LN2215,Consumer - KPR Subsidi,1456.83,364.83,2,4.73,1.44,ACTIVE
2025-09,LN2216,Consumer - KPR Non Subsidi,588.11,161.69,1,8.9,1.2,ACTIVE
2025-09,LN2217,Consumer - KPR Non Subsidi,1568.87,422.78,1,8.4,2.96,ACTIVE
2025-09,LN2218,Commercial - Modal Kerja,1497.36,411.67,2,8.71,2.99,ACTIVE
2025-09,LN2219,Consumer - Non KPR,1264.38,316.64,1,11.0,2.9,ACTIVE
2025-09,LN2220,Consumer - KPR Non Subsidi,1275.74,333.37,1,7.96,2.21,ACTIVE
2025-09,LN2221,Consumer - KPR Subsidi,1499.4,387.74,1,4.9,1.58,ACTIVE
2025-09,LN2222,Consumer - Multimanfaat,1120.31,286.66,3,9.7,2.32,ACTIVE
2025-09,LN2223,Consumer - KPR Non Subsidi,1264.91,347.76,2,9.07,2.63,ACTIVE
2025-09,LN2224,Commercial - Modal Kerja,1240.2,330.84,2,9.22,2.54,ACTIVE
2025-09,LN2225,Commercial - Investasi,1519.78,405.42,2,8.9,3.01,ACTIVE
2025-09,LN2226,Commercial - Modal Kerja,540.02,141.12,1,8.57,1.01,ACTIVE
2025-09,LN2227,Commercial - Konstruksi,1548.12,425.62,1,9.76,3.46,ACTIVE
2025-09,LN2228,Consumer - KPR Subsidi,1612.75,417.05,1,4.79,1.66,ACTIVE
2025-09,LN2229,Consumer - Multimanfaat,1213.37,326.98,1,10.04,2.74,ACTIVE
2025-09,LN2230,Consumer - KPR Non Subsidi,936.97,249.95,1,9.03,1.88,ACTIVE
2025-09,LN2231,Consumer - KPR Subsidi,1020.59,261.14,1,5.18,1.13,ACTIVE
2025-09,LN2232,Commercial - Investasi,596.82,159.21,1,8.82,1.17,ACTIVE
2025-09,LN2233,Consumer - KPR Non Subsidi,1139.76,297.84,1,7.97,1.98,ACTIVE
2025-09,LN2234,Commercial - Investasi,845.34,216.3,1,9.16,1.65,ACTIVE
2025-09,LN2235,Commercial - Modal Kerja,1444.53,389.28,1,8.97,2.91,ACTIVE
2025-09,LN2236,Consumer - Multimanfaat,971.34,248.54,1,9.36,1.94,ACTIVE
2025-09,LN2237,Commercial - Modal Kerja,531.67,143.28,1,8.84,1.06,ACTIVE
2025-09,LN2238,Consumer - KPR Subsidi,1042.03,280.81,1,4.57,1.07,ACTIVE
2025-09,LN2239,Consumer - KPR Subsidi,1615.05,404.46,1,5.55,1.87,ACTIVE
2025-09,LN2240,Commercial - Modal Kerja,1035.35,279.01,1,8.79,2.04,ACTIVE
2025-09,LN2242,Consumer - Non KPR,1145.06,289.87,1,10.13,2.45,ACTIVE
2025-09,LN2243,Consumer - KPR Non Subsidi,1540.56,419.35,1,8.05,2.81,ACTIVE
2025-10,LN2026,Consumer - KPR Non Subsidi,1497.01,436.56,1,8.92,3.25,ACTIVE
2025-10,LN2027,Consumer - KPR Subsidi,1406.44,410.15,1,4.93,1.69,ACTIVE
2025-10,LN2029,Consumer - KPR Non Subsidi,1782.56,519.83,2,8.63,3.74,ACTIVE
2025-10,LN2030,Commercial - Investasi,722.1,210.58,2,8.46,1.48,ACTIVE
2025-10,LN2032,Commercial - Investasi,1189.7,346.94,1,8.96,2.59,ACTIVE
2025-10,LN2033,Consumer - KPR Subsidi,1443.01,420.81,1,4.68,1.64,ACTIVE
2025-10,LN2035,Consumer - KPR Subsidi,1712.29,499.34,2,4.99,2.08,ACTIVE
2025-10,LN2037,Consumer - Multimanfaat,1543.95,450.25,1,9.04,3.39,ACTIVE
2025-10,LN2039,Consumer - KPR Subsidi,516.38,150.59,1,4.53,0.57,ACTIVE
2025-10,LN2041,Consumer - KPR Non Subsidi,1652.31,481.85,1,8.45,3.39,ACTIVE
2025-10,LN2044,Commercial - Modal Kerja,377.2,110.0,1,8.85,0.81,ACTIVE
2025-10,LN2046,Consumer - KPR Subsidi,1373.17,400.44,1,5.44,1.82,ACTIVE
2025-10,LN2048,Commercial - Modal Kerja,433.25,126.34,2,8.41,0.89,ACTIVE
2025-10,LN2051,Consumer - KPR Subsidi,812.2,236.85,1,4.68,0.92,ACTIVE
2025-10,LN2054,Consumer - KPR Non Subsidi,1276.06,372.13,1,8.84,2.74,ACTIVE
2025-10,LN2055,Commercial - Konstruksi,1633.64,476.4,1,9.86,3.91,ACTIVE
2025-10,LN2056,Consumer - KPR Subsidi,1154.42,336.65,1,4.84,1.36,ACTIVE
2025-10,LN2060,Commercial - Investasi,849.97,247.87,1,8.72,1.8,ACTIVE
2025-10,LN2061,Consumer - KPR Non Subsidi,1120.23,326.68,1,8.24,2.24,ACTIVE
2025-10,LN2063,Commercial - Investasi,742.11,216.41,3,8.41,1.52,ACTIVE
2025-10,LN2064,Commercial - Investasi,1111.02,324.0,1,9.29,2.51,ACTIVE
2025-10,LN2068,Consumer - KPR Subsidi,939.95,274.11,1,4.77,1.09,ACTIVE
2025-10,LN2069,Consumer - KPR Non Subsidi,1731.13,504.83,1,8.46,3.56,ACTIVE
2025-10,LN2070,Consumer - KPR Non Subsidi,1642.02,478.85,1,8.55,3.41,ACTIVE
2025-10,LN2071,Consumer - Multimanfaat,508.27,148.22,1,9.91,1.22,ACTIVE
2025-10,LN2072,Commercial - Investasi,1475.32,430.23,1,8.73,3.13,ACTIVE
2025-10,LN2074,Commercial - Konstruksi,894.99,261.0,1,10.54,2.29,ACTIVE
2025-10,LN2075,Consumer - Non KPR,997.02,290.75,1,10.48,2.54,ACTIVE
2025-10,LN2076,Commercial - Investasi,1077.94,314.35,1,8.76,2.29,ACTIVE
2025-10,LN2077,Commercial - Modal Kerja,916.66,267.32,1,8.55,1.9,ACTIVE
2025-10,LN2078,Commercial - Konstruksi,2139.28,623.9,3,10.51,5.46,ACTIVE
2025-10,LN2081,Commercial - Konstruksi,1881.11,548.57,1,9.85,4.5,ACTIVE
2025-10,LN2082,Consumer - KPR Non Subsidi,512.48,149.45,1,8.97,1.12,ACTIVE
2025-10,LN2084,Consumer - KPR Subsidi,824.51,240.44,5,5.15,1.03,ACTIVE
2025-10,LN2085,Consumer - KPR Non Subsidi,1009.19,294.3,1,8.05,1.97,ACTIVE
2025-10,LN2086,Commercial - Investasi,1317.8,384.3,1,8.97,2.87,ACTIVE
2025-10,LN2089,Consumer - Non KPR,970.66,283.06,1,10.5,2.48,ACTIVE
2025-10,LN2090,Consumer - Multimanfaat,1369.66,399.42,1,9.46,3.15,ACTIVE
2025-10,LN2092,Consumer - Multimanfaat,1211.81,353.39,2,8.96,2.64,ACTIVE
2025-10,LN2093,Consumer - KPR Non Subsidi,833.35,243.02,1,9.08,1.84,ACTIVE
2025-10,LN2097,Consumer - KPR Non Subsidi,1647.96,480.58,1,8.75,3.5,ACTIVE
2025-10,LN2098,Consumer - Non KPR,1100.34,320.88,1,10.66,2.85,ACTIVE
2025-10,LN2099,Consumer - KPR Subsidi,1266.73,369.4,1,5.58,1.72,ACTIVE
2025-10,LN2100,Consumer - KPR Non Subsidi,1107.37,322.93,1,8.64,2.33,ACTIVE
2025-10,LN2102,Consumer - KPR Subsidi,1074.76,313.42,1,5.32,1.39,ACTIVE
2025-10,LN2103,Consumer - KPR Non Subsidi,958.12,279.41,1,8.42,1.96,ACTIVE
2025-10,LN2105,Commercial - Investasi,1136.57,331.45,1,8.24,2.28,ACTIVE
2025-10,LN2106,Consumer - KPR Subsidi,1531.5,446.62,1,5.04,1.88,ACTIVE
2025-10,LN2107,Consumer - KPR Non Subsidi,629.51,183.58,1,9.0,1.38,ACTIVE
2025-10,LN2110,Consumer - KPR Subsidi,1774.75,517.55,1,4.49,1.94,ACTIVE
2025-10,LN2112,Commercial - Investasi,974.58,284.21,1,9.11,2.16,ACTIVE
2025-10,LN2113,Consumer - KPR Non Subsidi,940.0,274.12,2,7.91,1.81,ACTIVE
2025-10,LN2116,Consumer - KPR Non Subsidi,1775.18,517.68,1,8.6,3.71,ACTIVE
2025-10,LN2119,Commercial - Modal Kerja,448.44,130.77,1,8.55,0.93,ACTIVE
2025-10,LN2120,Consumer - KPR Non Subsidi,678.29,197.8,1,9.1,1.5,ACTIVE
2025-10,LN2123,Commercial - Investasi,1341.67,391.26,1,8.99,2.93,ACTIVE
2025-10,LN2124,Consumer - Non KPR,1563.64,455.99,1,10.51,3.99,ACTIVE
2025-10,LN2125,Consumer - KPR Subsidi,1687.25,492.04,3,5.27,2.16,ACTIVE
2025-10,LN2128,Consumer - KPR Non Subsidi,621.43,181.22,1,8.92,1.35,ACTIVE
2025-10,LN2130,Consumer - KPR Non Subsidi,714.99,208.51,1,8.72,1.52,ACTIVE
2025-10,LN2131,Consumer - KPR Subsidi,916.19,267.18,1,5.17,1.15,ACTIVE
2025-10,LN2134,Consumer - KPR Subsidi,567.24,165.42,1,4.93,0.68,ACTIVE
2025-10,LN2135,Commercial - Modal Kerja,1402.25,408.93,1,8.97,3.06,ACTIVE
2025-10,LN2137,Commercial - Investasi,1229.52,358.55,1,9.27,2.77,ACTIVE
2025-10,LN2138,Consumer - KPR Non Subsidi,1687.86,492.21,1,8.92,3.66,ACTIVE
2025-10,LN2139,Commercial - Modal Kerja,1280.55,373.43,1,9.6,2.99,ACTIVE
2025-10,LN2140,Consumer - KPR Non Subsidi,1298.65,378.71,1,8.32,2.63,ACTIVE
2025-10,LN2141,Consumer - Non KPR,1646.82,480.25,1,10.21,4.09,ACTIVE
2025-10,LN2142,Consumer - Multimanfaat,454.32,132.49,1,8.93,0.99,ACTIVE
2025-10,LN2144,Commercial - Investasi,1150.9,335.63,2,9.18,2.57,ACTIVE
2025-10,LN2145,Consumer - Multimanfaat,882.18,257.26,1,9.47,2.03,ACTIVE
2025-10,LN2147,Consumer - KPR Subsidi,749.58,218.59,1,4.73,0.86,ACTIVE
2025-10,LN2148,Commercial - Modal Kerja,1388.78,405.0,1,9.34,3.15,ACTIVE
2025-10,LN2149,Consumer - Multimanfaat,1439.56,419.81,1,9.41,3.29,ACTIVE
2025-10,LN2151,Consumer - KPR Subsidi,1125.23,328.14,1,4.75,1.3,ACTIVE
2025-10,LN2152,Consumer - Multimanfaat,1182.67,344.89,1,9.44,2.71,ACTIVE
2025-10,LN2153,Commercial - Modal Kerja,1387.78,404.71,1,8.78,2.96,ACTIVE
2025-10,LN2154,Consumer - KPR Subsidi,1760.23,513.32,1,5.16,2.21,ACTIVE
2025-10,LN2155,Consumer - KPR Non Subsidi,1512.51,441.08,1,8.79,3.23,ACTIVE
2025-10,LN2156,Commercial - Modal Kerja,1020.53,297.61,1,9.36,2.32,ACTIVE
2025-10,LN2157,Consumer - KPR Subsidi,609.28,177.68,1,4.55,0.67,ACTIVE
2025-10,LN2158,Commercial - Konstruksi,811.45,236.64,1,9.76,1.92,ACTIVE
2025-10,LN2159,Consumer - KPR Non Subsidi,622.87,181.64,1,8.63,1.31,ACTIVE
2025-10,LN2160,Consumer - Non KPR,1072.67,312.81,1,10.45,2.72,ACTIVE
2025-10,LN2161,Consumer - Multimanfaat,1220.17,355.83,1,9.89,2.93,ACTIVE
2025-10,LN2162,Consumer - Non KPR,1513.41,441.34,1,10.22,3.76,ACTIVE
2025-10,LN2163,Commercial - Modal Kerja,537.53,156.75,1,9.58,1.25,ACTIVE
2025-10,LN2165,Consumer - KPR Subsidi,1396.57,407.27,1,5.03,1.71,ACTIVE
2025-10,LN2166,Commercial - Investasi,912.44,266.09,2,8.29,1.84,ACTIVE
2025-10,LN2167,Commercial - Modal Kerja,1142.1,333.06,1,8.41,2.33,ACTIVE
2025-10,LN2169,Commercial - Konstruksi,2091.54,609.94,2,10.04,5.1,ACTIVE
2025-10,LN2170,Consumer - KPR Non Subsidi,504.72,147.19,1,9.06,1.11,ACTIVE
2025-10,LN2172,Consumer - Multimanfaat,1091.29,318.24,3,9.87,2.62,ACTIVE
2025-10,LN2173,Commercial - Modal Kerja,398.42,116.19,1,8.6,0.83,ACTIVE
2025-10,LN2174,Commercial - Investasi,1588.92,463.36,1,8.39,3.24,ACTIVE
2025-10,LN2175,Consumer - KPR Non Subsidi,1238.72,361.24,1,8.84,2.66,ACTIVE
2025-10,LN2176,Consumer - KPR Subsidi,1430.23,417.08,1,4.76,1.65,ACTIVE
2025-10,LN2177,Commercial - Investasi,1506.89,439.44,1,8.86,3.24,ACTIVE
2025-10,LN2179,Consumer - KPR Subsidi,959.85,279.91,1,4.65,1.08,ACTIVE
2025-10,LN2182,Consumer - Non KPR,891.27,259.91,1,10.16,2.2,ACTIVE
2025-10,LN2183,Commercial - Modal Kerja,725.65,211.61,1,9.1,1.6,ACTIVE
2025-10,LN2186,Consumer - KPR Subsidi,1136.05,331.3,2,4.42,1.22,ACTIVE
2025-10,LN2188,Consumer - Non KPR,1166.73,340.24,2,10.39,2.95,ACTIVE
2025-10,LN2190,Consumer - KPR Non Subsidi,1631.84,475.88,1,8.88,3.52,ACTIVE
2025-10,LN2191,Commercial - Investasi,580.86,169.39,1,8.56,1.21,ACTIVE
2025-10,LN2192,Commercial - Modal Kerja,1467.09,427.83,1,9.15,3.26,ACTIVE
2025-10,LN2193,Consumer - KPR Subsidi,530.87,154.81,1,4.79,0.62,ACTIVE
2025-10,LN2194,Consumer - KPR Subsidi,689.74,201.14,1,4.5,0.75,ACTIVE
2025-10,LN2195,Commercial - Konstruksi,1629.38,475.16,1,9.57,3.79,ACTIVE
2025-10,LN2196,Commercial - Investasi,1179.39,343.93,1,8.36,2.4,ACTIVE
2025-10,LN2200,Consumer - Non KPR,517.38,150.88,1,10.61,1.33,ACTIVE
2025-10,LN2202,Commercial - Konstruksi,1128.87,329.2,1,9.45,2.59,ACTIVE
2025-10,LN2203,Commercial - Investasi,1207.8,352.22,1,8.68,2.55,ACTIVE
2025-10,LN2204,Consumer - KPR Subsidi,911.51,265.82,1,4.64,1.03,ACTIVE
2025-10,LN2205,Consumer - KPR Subsidi,1322.99,378.25,1,4.69,1.48,ACTIVE
2025-10,LN2206,Commercial - Konstruksi,1603.4,449.25,1,10.58,3.96,ACTIVE
2025-10,LN2207,Consumer - KPR Subsidi,962.68,264.22,2,4.54,1.0,ACTIVE
2025-10,LN2208,Commercial - Modal Kerja,531.1,154.88,1,9.42,1.22,ACTIVE
2025-10,LN2209,Consumer - Multimanfaat,1515.94,411.74,1,9.72,3.34,ACTIVE
2025-10,LN2210,Commercial - Investasi,520.49,144.35,2,8.28,1.0,ACTIVE
2025-10,LN2211,Consumer - KPR Non Subsidi,513.51,142.41,2,8.68,1.03,ACTIVE
2025-10,LN2212,Consumer - KPR Subsidi,669.11,183.65,1,4.45,0.68,ACTIVE
2025-10,LN2213,Commercial - Konstruksi,1909.21,529.47,2,9.76,4.31,ACTIVE
2025-10,LN2214,Commercial - Konstruksi,910.34,265.47,1,9.97,2.21,ACTIVE
2025-10,LN2215,Consumer - KPR Subsidi,1456.83,387.36,2,4.73,1.53,ACTIVE
2025-10,LN2216,Consumer - KPR Non Subsidi,588.11,171.51,1,8.9,1.27,ACTIVE
2025-10,LN2217,Consumer - KPR Non Subsidi,1568.87,448.54,1,8.4,3.14,ACTIVE
2025-10,LN2218,Commercial - Modal Kerja,1497.36,436.66,2,8.71,3.17,ACTIVE
2025-10,LN2219,Consumer - Non KPR,1264.38,336.19,1,11.0,3.08,ACTIVE
2025-10,LN2220,Consumer - KPR Non Subsidi,1275.74,353.8,1,7.96,2.35,ACTIVE
2025-10,LN2221,Consumer - KPR Subsidi,1499.4,411.54,1,4.9,1.68,ACTIVE
2025-10,LN2222,Consumer - Multimanfaat,1120.31,304.28,3,9.7,2.46,ACTIVE
2025-10,LN2223,Consumer - KPR Non Subsidi,1264.91,368.87,2,9.07,2.79,ACTIVE
2025-10,LN2224,Commercial - Modal Kerja,1240.2,351.03,2,9.22,2.7,ACTIVE
2025-10,LN2225,Commercial - Investasi,1519.78,430.16,2,8.9,3.19,ACTIVE
2025-10,LN2226,Commercial - Modal Kerja,540.02,149.76,1,8.57,1.07,ACTIVE
2025-10,LN2227,Commercial - Konstruksi,1548.12,451.46,1,9.76,3.67,ACTIVE
2025-10,LN2228,Consumer - KPR Subsidi,1612.75,442.65,1,4.79,1.77,ACTIVE
2025-10,LN2229,Consumer - Multimanfaat,1213.37,346.91,1,10.04,2.9,ACTIVE
2025-10,LN2230,Consumer - KPR Non Subsidi,936.97,265.2,1,9.03,2.0,ACTIVE
2025-10,LN2231,Consumer - KPR Subsidi,1020.59,277.2,1,5.18,1.2,ACTIVE
2025-10,LN2232,Commercial - Investasi,596.82,168.93,1,8.82,1.24,ACTIVE
2025-10,LN2233,Consumer - KPR Non Subsidi,1139.76,316.08,1,7.97,2.1,ACTIVE
2025-10,LN2234,Commercial - Investasi,845.34,229.6,1,9.16,1.75,ACTIVE
2025-10,LN2235,Commercial - Modal Kerja,1444.53,412.99,1,8.97,3.09,ACTIVE
2025-10,LN2236,Consumer - Multimanfaat,971.34,263.82,1,9.36,2.06,ACTIVE
2025-10,LN2237,Commercial - Modal Kerja,531.67,152.01,1,8.84,1.12,ACTIVE
2025-10,LN2238,Consumer - KPR Subsidi,1042.03,297.92,1,4.57,1.13,ACTIVE
2025-10,LN2239,Consumer - KPR Subsidi,1615.05,429.42,1,5.55,1.99,ACTIVE
2025-10,LN2240,Commercial - Modal Kerja,1035.35,296.01,1,8.79,2.17,ACTIVE
2025-10,LN2242,Consumer - Non KPR,1145.06,307.73,1,10.13,2.6,ACTIVE
2025-10,LN2243,Consumer - KPR Non Subsidi,1540.56,444.85,1,8.05,2.98,ACTIVE
2025-11,LN2026,Consumer - KPR Non Subsidi,1497.01,461.82,1,8.92,3.43,ACTIVE
2025-11,LN2027,Consumer - KPR Subsidi,1406.44,433.88,1,4.93,1.78,ACTIVE
2025-11,LN2029,Consumer - KPR Non Subsidi,1782.56,549.91,2,8.63,3.95,ACTIVE
2025-11,LN2030,Commercial - Investasi,722.1,222.76,2,8.46,1.57,ACTIVE
2025-11,LN2032,Commercial - Investasi,1189.7,367.01,1,8.96,2.74,ACTIVE
2025-11,LN2033,Consumer - KPR Subsidi,1443.01,445.16,1,4.68,1.74,ACTIVE
2025-11,LN2035,Consumer - KPR Subsidi,1712.29,528.23,2,4.99,2.2,ACTIVE
2025-11,LN2037,Consumer - Multimanfaat,1543.95,476.3,1,9.04,3.59,ACTIVE
2025-11,LN2039,Consumer - KPR Subsidi,516.38,159.3,1,4.53,0.6,ACTIVE
2025-11,LN2041,Consumer - KPR Non Subsidi,1652.31,509.73,1,8.45,3.59,ACTIVE
2025-11,LN2044,Commercial - Modal Kerja,377.2,116.36,1,8.85,0.86,ACTIVE
2025-11,LN2046,Consumer - KPR Subsidi,1373.17,423.61,1,5.44,1.92,ACTIVE
2025-11,LN2048,Commercial - Modal Kerja,433.25,133.65,2,8.41,0.94,ACTIVE
2025-11,LN2051,Consumer - KPR Subsidi,812.2,250.56,1,4.68,0.98,ACTIVE
2025-11,LN2054,Consumer - KPR Non Subsidi,1276.06,393.66,1,8.84,2.9,ACTIVE
2025-11,LN2055,Commercial - Konstruksi,1633.64,503.97,1,9.86,4.14,ACTIVE
2025-11,LN2056,Consumer - KPR Subsidi,1154.42,356.13,1,4.84,1.44,ACTIVE
2025-11,LN2060,Commercial - Investasi,849.97,262.21,1,8.72,1.91,ACTIVE
2025-11,LN2063,Commercial - Investasi,742.11,228.94,3,8.41,1.6,ACTIVE
2025-11,LN2064,Commercial - Investasi,1111.02,342.74,1,9.29,2.65,ACTIVE
2025-11,LN2068,Consumer - KPR Subsidi,939.95,289.97,1,4.77,1.15,ACTIVE
2025-11,LN2069,Consumer - KPR Non Subsidi,1731.13,534.04,1,8.46,3.76,ACTIVE
2025-11,LN2070,Consumer - KPR Non Subsidi,1642.02,506.55,1,8.55,3.61,ACTIVE
2025-11,LN2071,Consumer - Multimanfaat,508.27,156.8,1,9.91,1.29,ACTIVE
2025-11,LN2074,Commercial - Konstruksi,894.99,276.1,1,10.54,2.43,ACTIVE
2025-11,LN2075,Consumer - Non KPR,997.02,307.57,1,10.48,2.69,ACTIVE
2025-11,LN2076,Commercial - Investasi,1077.94,332.54,1,8.76,2.43,ACTIVE
2025-11,LN2077,Commercial - Modal Kerja,916.66,282.78,1,8.55,2.01,ACTIVE
2025-11,LN2078,Commercial - Konstruksi,2139.28,659.95,3,10.51,5.78,ACTIVE
2025-11,LN2081,Commercial - Konstruksi,1881.11,580.31,1,9.85,4.76,ACTIVE
2025-11,LN2082,Consumer - KPR Non Subsidi,512.48,158.1,1,8.97,1.18,ACTIVE
2025-11,LN2084,Consumer - KPR Subsidi,824.51,254.36,5,5.15,1.09,ACTIVE
2025-11,LN2085,Consumer - KPR Non Subsidi,1009.19,311.33,1,8.05,2.09,ACTIVE
2025-11,LN2086,Commercial - Investasi,1317.8,406.53,1,8.97,3.04,ACTIVE
2025-11,LN2089,Consumer - Non KPR,970.66,299.44,1,10.5,2.62,ACTIVE
2025-11,LN2090,Consumer - Multimanfaat,1369.66,422.53,1,9.46,3.33,ACTIVE
2025-11,LN2092,Consumer - Multimanfaat,1211.81,373.83,2,8.96,2.79,ACTIVE
2025-11,LN2093,Consumer - KPR Non Subsidi,833.35,257.08,1,9.08,1.95,ACTIVE
2025-11,LN2097,Consumer - KPR Non Subsidi,1647.96,508.38,1,8.75,3.71,ACTIVE
2025-11,LN2098,Consumer - Non KPR,1100.34,339.45,1,10.66,3.02,ACTIVE
2025-11,LN2099,Consumer - KPR Subsidi,1266.73,390.78,1,5.58,1.82,ACTIVE
2025-11,LN2100,Consumer - KPR Non Subsidi,1107.37,341.62,1,8.64,2.46,ACTIVE
2025-11,LN2102,Consumer - KPR Subsidi,1074.76,331.56,1,5.32,1.47,ACTIVE
2025-11,LN2105,Commercial - Investasi,1136.57,350.62,1,8.24,2.41,ACTIVE
2025-11,LN2106,Consumer - KPR Subsidi,1531.5,472.46,1,5.04,1.98,ACTIVE
2025-11,LN2107,Consumer - KPR Non Subsidi,629.51,194.2,1,9.0,1.46,ACTIVE
2025-11,LN2110,Consumer - KPR Subsidi,1774.75,547.5,1,4.49,2.05,ACTIVE
2025-11,LN2112,Commercial - Investasi,974.58,300.65,1,9.11,2.28,ACTIVE
2025-11,LN2113,Consumer - KPR Non Subsidi,940.0,289.98,2,7.91,1.91,ACTIVE
2025-11,LN2116,Consumer - KPR Non Subsidi,1775.18,547.63,1,8.6,3.92,ACTIVE
2025-11,LN2119,Commercial - Modal Kerja,448.44,138.34,1,8.55,0.99,ACTIVE
2025-11,LN2120,Consumer - KPR Non Subsidi,678.29,209.25,1,9.1,1.59,ACTIVE
2025-11,LN2123,Commercial - Investasi,1341.67,413.9,1,8.99,3.1,ACTIVE
2025-11,LN2124,Consumer - Non KPR,1563.64,482.37,1,10.51,4.22,ACTIVE
2025-11,LN2125,Consumer - KPR Subsidi,1687.25,520.5,3,5.27,2.29,ACTIVE
2025-11,LN2128,Consumer - KPR Non Subsidi,621.43,191.71,1,8.92,1.43,ACTIVE
2025-11,LN2130,Consumer - KPR Non Subsidi,714.99,220.57,1,8.72,1.6,ACTIVE
2025-11,LN2131,Consumer - KPR Subsidi,916.19,282.64,1,5.17,1.22,ACTIVE
2025-11,LN2134,Consumer - KPR Subsidi,567.24,174.99,1,4.93,0.72,ACTIVE
2025-11,LN2135,Commercial - Modal Kerja,1402.25,432.58,1,8.97,3.23,ACTIVE
2025-11,LN2138,Consumer - KPR Non Subsidi,1687.86,520.69,1,8.92,3.87,ACTIVE
2025-11,LN2139,Commercial - Modal Kerja,1280.55,395.04,1,9.6,3.16,ACTIVE
2025-11,LN2141,Consumer - Non KPR,1646.82,508.03,1,10.21,4.32,ACTIVE
2025-11,LN2142,Consumer - Multimanfaat,454.32,140.15,1,8.93,1.04,ACTIVE
2025-11,LN2144,Commercial - Investasi,1150.9,355.04,2,9.18,2.72,ACTIVE
2025-11,LN2145,Consumer - Multimanfaat,882.18,272.15,1,9.47,2.15,ACTIVE
2025-11,LN2147,Consumer - KPR Subsidi,749.58,231.24,1,4.73,0.91,ACTIVE
2025-11,LN2148,Commercial - Modal Kerja,1388.78,428.43,1,9.34,3.33,ACTIVE
2025-11,LN2149,Consumer - Multimanfaat,1439.56,444.09,1,9.41,3.48,ACTIVE
2025-11,LN2151,Consumer - KPR Subsidi,1125.23,347.13,1,4.75,1.37,ACTIVE
2025-11,LN2152,Consumer - Multimanfaat,1182.67,364.85,1,9.44,2.87,ACTIVE
2025-11,LN2153,Commercial - Modal Kerja,1387.78,428.12,1,8.78,3.13,ACTIVE
2025-11,LN2154,Consumer - KPR Subsidi,1760.23,543.02,1,5.16,2.33,ACTIVE
2025-11,LN2155,Consumer - KPR Non Subsidi,1512.51,466.6,1,8.79,3.42,ACTIVE
2025-11,LN2156,Commercial - Modal Kerja,1020.53,314.83,1,9.36,2.46,ACTIVE
2025-11,LN2157,Consumer - KPR Subsidi,609.28,187.96,1,4.55,0.71,ACTIVE
2025-11,LN2158,Commercial - Konstruksi,811.45,250.33,1,9.76,2.04,ACTIVE
2025-11,LN2159,Consumer - KPR Non Subsidi,622.87,192.15,1,8.63,1.38,ACTIVE
2025-11,LN2160,Consumer - Non KPR,1072.67,330.91,1,10.45,2.88,ACTIVE
2025-11,LN2161,Consumer - Multimanfaat,1220.17,376.41,1,9.89,3.1,ACTIVE
2025-11,LN2162,Consumer - Non KPR,1513.41,466.88,1,10.22,3.98,ACTIVE
2025-11,LN2163,Commercial - Modal Kerja,537.53,165.82,1,9.58,1.32,ACTIVE
2025-11,LN2165,Consumer - KPR Subsidi,1396.57,430.83,1,5.03,1.81,ACTIVE
2025-11,LN2166,Commercial - Investasi,912.44,281.48,2,8.29,1.94,ACTIVE
2025-11,LN2167,Commercial - Modal Kerja,1142.1,352.33,1,8.41,2.47,ACTIVE
2025-11,LN2169,Commercial - Konstruksi,2091.54,645.23,2,10.04,5.4,ACTIVE
2025-11,LN2170,Consumer - KPR Non Subsidi,504.72,155.7,1,9.06,1.18,ACTIVE
2025-11,LN2172,Consumer - Multimanfaat,1091.29,336.66,3,9.87,2.77,ACTIVE
2025-11,LN2173,Commercial - Modal Kerja,398.42,122.91,1,8.6,0.88,ACTIVE
2025-11,LN2174,Commercial - Investasi,1588.92,490.17,1,8.39,3.43,ACTIVE
2025-11,LN2175,Consumer - KPR Non Subsidi,1238.72,382.14,1,8.84,2.82,ACTIVE
2025-11,LN2176,Consumer - KPR Subsidi,1430.23,441.22,1,4.76,1.75,ACTIVE
2025-11,LN2177,Commercial - Investasi,1506.89,464.86,1,8.86,3.43,ACTIVE
2025-11,LN2179,Consumer - KPR Subsidi,959.85,296.11,1,4.65,1.15,ACTIVE
2025-11,LN2182,Consumer - Non KPR,891.27,274.95,1,10.16,2.33,ACTIVE
2025-11,LN2183,Commercial - Modal Kerja,725.65,223.86,1,9.1,1.7,ACTIVE
2025-11,LN2188,Consumer - Non KPR,1166.73,359.93,2,10.39,3.12,ACTIVE
2025-11,LN2190,Consumer - KPR Non Subsidi,1631.84,503.41,1,8.88,3.73,ACTIVE
2025-11,LN2191,Commercial - Investasi,580.86,179.19,1,8.56,1.28,ACTIVE
2025-11,LN2192,Commercial - Modal Kerja,1467.09,452.59,1,9.15,3.45,ACTIVE
2025-11,LN2193,Consumer - KPR Subsidi,530.87,163.77,1,4.79,0.65,ACTIVE
2025-11,LN2195,Commercial - Konstruksi,1629.38,502.65,1,9.57,4.01,ACTIVE
2025-11,LN2196,Commercial - Investasi,1179.39,363.83,1,8.36,2.53,ACTIVE
2025-11,LN2200,Consumer - Non KPR,517.38,159.61,1,10.61,1.41,ACTIVE
2025-11,LN2202,Commercial - Konstruksi,1128.87,348.25,1,9.45,2.74,ACTIVE
2025-11,LN2203,Commercial - Investasi,1207.8,372.6,1,8.68,2.7,ACTIVE
2025-11,LN2204,Consumer - KPR Subsidi,911.51,281.19,1,4.64,1.09,ACTIVE
2025-11,LN2205,Consumer - KPR Subsidi,1322.99,404.13,1,4.69,1.58,ACTIVE
2025-11,LN2206,Commercial - Konstruksi,1603.4,480.09,1,10.58,4.23,ACTIVE
2025-11,LN2207,Consumer - KPR Subsidi,962.68,282.42,2,4.54,1.07,ACTIVE
2025-11,LN2208,Commercial - Modal Kerja,531.1,163.84,1,9.42,1.29,ACTIVE
2025-11,LN2209,Consumer - Multimanfaat,1515.94,440.15,1,9.72,3.57,ACTIVE
2025-11,LN2210,Commercial - Investasi,520.49,154.27,2,8.28,1.06,ACTIVE
2025-11,LN2211,Consumer - KPR Non Subsidi,513.51,152.2,2,8.68,1.1,ACTIVE
2025-11,LN2212,Consumer - KPR Subsidi,669.11,196.3,1,4.45,0.73,ACTIVE
2025-11,LN2214,Commercial - Konstruksi,910.34,280.83,1,9.97,2.33,ACTIVE
2025-11,LN2215,Consumer - KPR Subsidi,1456.83,414.17,2,4.73,1.63,ACTIVE
2025-11,LN2216,Consumer - KPR Non Subsidi,588.11,181.43,1,8.9,1.35,ACTIVE
2025-11,LN2217,Consumer - KPR Non Subsidi,1568.87,479.24,1,8.4,3.35,ACTIVE
2025-11,LN2218,Commercial - Modal Kerja,1497.36,461.92,2,8.71,3.35,ACTIVE
2025-11,LN2219,Consumer - Non KPR,1264.38,359.46,1,11.0,3.3,ACTIVE
2025-11,LN2220,Consumer - KPR Non Subsidi,1275.74,378.12,1,7.96,2.51,ACTIVE
2025-11,LN2221,Consumer - KPR Subsidi,1499.4,439.88,1,4.9,1.8,ACTIVE
2025-11,LN2222,Consumer - Multimanfaat,1120.31,325.28,3,9.7,2.63,ACTIVE
2025-11,LN2223,Consumer - KPR Non Subsidi,1264.91,390.22,2,9.07,2.95,ACTIVE
2025-11,LN2224,Commercial - Modal Kerja,1240.2,375.09,2,9.22,2.88,ACTIVE
2025-11,LN2225,Commercial - Investasi,1519.78,459.65,2,8.9,3.41,ACTIVE
2025-11,LN2226,Commercial - Modal Kerja,540.02,160.06,1,8.57,1.14,ACTIVE
2025-11,LN2227,Commercial - Konstruksi,1548.12,477.58,1,9.76,3.88,ACTIVE
2025-11,LN2228,Consumer - KPR Subsidi,1612.75,473.13,1,4.79,1.89,ACTIVE
2025-11,LN2229,Consumer - Multimanfaat,1213.37,370.65,1,10.04,3.1,ACTIVE
2025-11,LN2230,Consumer - KPR Non Subsidi,936.97,283.38,1,9.03,2.13,ACTIVE
2025-11,LN2231,Consumer - KPR Subsidi,1020.59,296.32,1,5.18,1.28,ACTIVE
2025-11,LN2232,Commercial - Investasi,596.82,180.5,1,8.82,1.33,ACTIVE
2025-11,LN2233,Consumer - KPR Non Subsidi,1139.76,337.82,1,7.97,2.24,ACTIVE
2025-11,LN2234,Commercial - Investasi,845.34,245.44,1,9.16,1.87,ACTIVE
2025-11,LN2235,Commercial - Modal Kerja,1444.53,441.26,1,8.97,3.3,ACTIVE
2025-11,LN2236,Consumer - Multimanfaat,971.34,282.02,1,9.36,2.2,ACTIVE
2025-11,LN2237,Commercial - Modal Kerja,531.67,162.41,1,8.84,1.2,ACTIVE
2025-11,LN2238,Consumer - KPR Subsidi,1042.03,318.31,1,4.57,1.21,ACTIVE
2025-11,LN2239,Consumer - KPR Subsidi,1615.05,459.15,1,5.55,2.12,ACTIVE
2025-11,LN2240,Commercial - Modal Kerja,1035.35,316.27,1,8.79,2.32,ACTIVE
2025-11,LN2242,Consumer - Non KPR,1145.06,329.0,1,10.13,2.78,ACTIVE
2025-11,LN2243,Consumer - KPR Non Subsidi,1540.56,475.25,1,8.05,3.19,ACTIVE
2025-12,LN2026,Consumer - KPR Non Subsidi,1497.01,474.28,1,8.92,3.53,ACTIVE
2025-12,LN2029,Consumer - KPR Non Subsidi,1782.56,564.74,2,8.63,4.06,ACTIVE
2025-12,LN2030,Commercial - Investasi,722.1,228.77,2,8.46,1.61,ACTIVE
2025-12,LN2032,Commercial - Investasi,1189.7,376.91,1,8.96,2.81,ACTIVE
2025-12,LN2033,Consumer - KPR Subsidi,1443.01,457.17,1,4.68,1.78,ACTIVE
2025-12,LN2035,Consumer - KPR Subsidi,1712.29,542.48,2,4.99,2.26,ACTIVE
2025-12,LN2037,Consumer - Multimanfaat,1543.95,489.15,1,9.04,3.68,ACTIVE
2025-12,LN2039,Consumer - KPR Subsidi,516.38,163.6,1,4.53,0.62,ACTIVE
2025-12,LN2041,Consumer - KPR Non Subsidi,1652.31,523.48,1,8.45,3.69,ACTIVE
2025-12,LN2044,Commercial - Modal Kerja,377.2,119.5,1,8.85,0.88,ACTIVE
2025-12,LN2046,Consumer - KPR Subsidi,1373.17,435.04,1,5.44,1.97,ACTIVE
2025-12,LN2048,Commercial - Modal Kerja,433.25,137.26,2,8.41,0.96,ACTIVE
2025-12,LN2051,Consumer - KPR Subsidi,812.2,257.32,1,4.68,1.0,ACTIVE
2025-12,LN2054,Consumer - KPR Non Subsidi,1276.06,404.28,1,8.84,2.98,ACTIVE
2025-12,LN2055,Commercial - Konstruksi,1633.64,517.56,1,9.86,4.25,ACTIVE
2025-12,LN2056,Consumer - KPR Subsidi,1154.42,365.74,1,4.84,1.48,ACTIVE
2025-12,LN2060,Commercial - Investasi,849.97,269.28,1,8.72,1.96,ACTIVE
2025-12,LN2063,Commercial - Investasi,742.11,235.11,3,8.41,1.65,ACTIVE
2025-12,LN2064,Commercial - Investasi,1111.02,351.99,1,9.29,2.72,ACTIVE
2025-12,LN2068,Consumer - KPR Subsidi,939.95,297.79,1,4.77,1.18,ACTIVE
2025-12,LN2069,Consumer - KPR Non Subsidi,1731.13,548.45,1,8.46,3.87,ACTIVE
2025-12,LN2070,Consumer - KPR Non Subsidi,1642.02,520.22,1,8.55,3.71,ACTIVE
2025-12,LN2071,Consumer - Multimanfaat,508.27,161.03,1,9.91,1.33,ACTIVE
2025-12,LN2074,Commercial - Konstruksi,894.99,283.55,1,10.54,2.49,ACTIVE
2025-12,LN2075,Consumer - Non KPR,997.02,315.87,1,10.48,2.76,ACTIVE
2025-12,LN2076,Commercial - Investasi,1077.94,341.51,1,8.76,2.49,ACTIVE
2025-12,LN2077,Commercial - Modal Kerja,916.66,290.41,1,8.55,2.07,ACTIVE
2025-12,LN2078,Commercial - Konstruksi,2139.28,677.74,3,10.51,5.94,ACTIVE
2025-12,LN2081,Commercial - Konstruksi,1881.11,595.96,1,9.85,4.89,ACTIVE
2025-12,LN2082,Consumer - KPR Non Subsidi,512.48,162.36,1,8.97,1.21,ACTIVE
2025-12,LN2084,Consumer - KPR Subsidi,824.51,261.22,5,5.15,1.12,ACTIVE
2025-12,LN2085,Consumer - KPR Non Subsidi,1009.19,319.73,1,8.05,2.14,ACTIVE
2025-12,LN2086,Commercial - Investasi,1317.8,417.5,1,8.97,3.12,ACTIVE
2025-12,LN2089,Consumer - Non KPR,970.66,307.52,1,10.5,2.69,ACTIVE
2025-12,LN2090,Consumer - Multimanfaat,1369.66,433.93,1,9.46,3.42,ACTIVE
2025-12,LN2092,Consumer - Multimanfaat,1211.81,383.92,2,8.96,2.87,ACTIVE
2025-12,LN2093,Consumer - KPR Non Subsidi,833.35,264.02,1,9.08,2.0,ACTIVE
2025-12,LN2097,Consumer - KPR Non Subsidi,1647.96,522.1,1,8.75,3.81,ACTIVE
2025-12,LN2098,Consumer - Non KPR,1100.34,348.6,1,10.66,3.1,ACTIVE
2025-12,LN2099,Consumer - KPR Subsidi,1266.73,401.32,1,5.58,1.87,ACTIVE
2025-12,LN2100,Consumer - KPR Non Subsidi,1107.37,350.83,1,8.64,2.53,ACTIVE
2025-12,LN2102,Consumer - KPR Subsidi,1074.76,340.5,1,5.32,1.51,ACTIVE
2025-12,LN2105,Commercial - Investasi,1136.57,360.08,1,8.24,2.47,ACTIVE
2025-12,LN2106,Consumer - KPR Subsidi,1531.5,485.2,1,5.04,2.04,ACTIVE
2025-12,LN2107,Consumer - KPR Non Subsidi,629.51,199.44,1,9.0,1.5,ACTIVE
2025-12,LN2110,Consumer - KPR Subsidi,1774.75,562.27,1,4.49,2.1,ACTIVE
2025-12,LN2112,Commercial - Investasi,974.58,308.76,1,9.11,2.34,ACTIVE
2025-12,LN2113,Consumer - KPR Non Subsidi,940.0,297.81,2,7.91,1.96,ACTIVE
2025-12,LN2116,Consumer - KPR Non Subsidi,1775.18,562.4,1,8.6,4.03,ACTIVE
2025-12,LN2119,Commercial - Modal Kerja,448.44,142.07,1,8.55,1.01,ACTIVE
2025-12,LN2120,Consumer - KPR Non Subsidi,678.29,214.89,1,9.1,1.63,ACTIVE
2025-12,LN2123,Commercial - Investasi,1341.67,425.06,1,8.99,3.18,ACTIVE
2025-12,LN2124,Consumer - Non KPR,1563.64,495.38,1,10.51,4.34,ACTIVE
2025-12,LN2125,Consumer - KPR Subsidi,1687.25,534.55,3,5.27,2.35,ACTIVE
2025-12,LN2128,Consumer - KPR Non Subsidi,621.43,196.88,1,8.92,1.46,ACTIVE
2025-12,LN2130,Consumer - KPR Non Subsidi,714.99,226.52,1,8.72,1.65,ACTIVE
2025-12,LN2131,Consumer - KPR Subsidi,916.19,290.26,1,5.17,1.25,ACTIVE
2025-12,LN2134,Consumer - KPR Subsidi,567.24,179.71,1,4.93,0.74,ACTIVE
2025-12,LN2135,Commercial - Modal Kerja,1402.25,444.25,1,8.97,3.32,ACTIVE
2025-12,LN2138,Consumer - KPR Non Subsidi,1687.86,534.74,1,8.92,3.97,ACTIVE
2025-12,LN2139,Commercial - Modal Kerja,1280.55,405.7,1,9.6,3.25,ACTIVE
2025-12,LN2141,Consumer - Non KPR,1646.82,521.74,1,10.21,4.44,ACTIVE
2025-12,LN2142,Consumer - Multimanfaat,454.32,143.94,1,8.93,1.07,ACTIVE
2025-12,LN2144,Commercial - Investasi,1150.9,364.62,2,9.18,2.79,ACTIVE
2025-12,LN2145,Consumer - Multimanfaat,882.18,279.49,1,9.47,2.21,ACTIVE
2025-12,LN2147,Consumer - KPR Subsidi,749.58,237.48,1,4.73,0.94,ACTIVE
2025-12,LN2148,Commercial - Modal Kerja,1388.78,439.99,1,9.34,3.42,ACTIVE
2025-12,LN2149,Consumer - Multimanfaat,1439.56,456.07,1,9.41,3.58,ACTIVE
2025-12,LN2151,Consumer - KPR Subsidi,1125.23,356.49,1,4.75,1.41,ACTIVE
2025-12,LN2152,Consumer - Multimanfaat,1182.67,374.69,1,9.44,2.95,ACTIVE
2025-12,LN2153,Commercial - Modal Kerja,1387.78,439.67,1,8.78,3.22,ACTIVE
2025-12,LN2154,Consumer - KPR Subsidi,1760.23,557.67,1,5.16,2.4,ACTIVE
2025-12,LN2155,Consumer - KPR Non Subsidi,1512.51,479.19,1,8.79,3.51,ACTIVE
2025-12,LN2156,Commercial - Modal Kerja,1020.53,323.32,1,9.36,2.52,ACTIVE
2025-12,LN2158,Commercial - Konstruksi,811.45,257.08,1,9.76,2.09,ACTIVE
2025-12,LN2159,Consumer - KPR Non Subsidi,622.87,197.33,1,8.63,1.42,ACTIVE
2025-12,LN2160,Consumer - Non KPR,1072.67,339.84,1,10.45,2.96,ACTIVE
2025-12,LN2161,Consumer - Multimanfaat,1220.17,386.57,1,9.89,3.19,ACTIVE
2025-12,LN2162,Consumer - Non KPR,1513.41,479.47,1,10.22,4.08,ACTIVE
2025-12,LN2163,Commercial - Modal Kerja,537.53,170.3,1,9.58,1.36,ACTIVE
2025-12,LN2165,Consumer - KPR Subsidi,1396.57,442.45,1,5.03,1.85,ACTIVE
2025-12,LN2166,Commercial - Investasi,912.44,289.07,2,8.29,2.0,ACTIVE
2025-12,LN2167,Commercial - Modal Kerja,1142.1,361.83,1,8.41,2.54,ACTIVE
2025-12,LN2169,Commercial - Konstruksi,2091.54,662.63,2,10.04,5.54,ACTIVE
2025-12,LN2170,Consumer - KPR Non Subsidi,504.72,159.9,1,9.06,1.21,ACTIVE
2025-12,LN2172,Consumer - Multimanfaat,1091.29,345.74,3,9.87,2.84,ACTIVE
2025-12,LN2173,Commercial - Modal Kerja,398.42,126.23,1,8.6,0.9,ACTIVE
2025-12,LN2174,Commercial - Investasi,1588.92,503.39,1,8.39,3.52,ACTIVE
2025-12,LN2175,Consumer - KPR Non Subsidi,1238.72,392.45,1,8.84,2.89,ACTIVE
2025-12,LN2176,Consumer - KPR Subsidi,1430.23,453.12,1,4.76,1.8,ACTIVE
2025-12,LN2177,Commercial - Investasi,1506.89,477.41,1,8.86,3.52,ACTIVE
2025-12,LN2179,Consumer - KPR Subsidi,959.85,304.09,1,4.65,1.18,ACTIVE
2025-12,LN2182,Consumer - Non KPR,891.27,282.37,1,10.16,2.39,ACTIVE
2025-12,LN2183,Commercial - Modal Kerja,725.65,229.9,1,9.1,1.74,ACTIVE
2025-12,LN2188,Consumer - Non KPR,1166.73,369.64,2,10.39,3.2,ACTIVE
2025-12,LN2190,Consumer - KPR Non Subsidi,1631.84,516.99,1,8.88,3.83,ACTIVE
2025-12,LN2191,Commercial - Investasi,580.86,184.03,1,8.56,1.31,ACTIVE
2025-12,LN2193,Consumer - KPR Subsidi,530.87,168.19,1,4.79,0.67,ACTIVE
2025-12,LN2195,Commercial - Konstruksi,1629.38,516.21,1,9.57,4.12,ACTIVE
2025-12,LN2196,Commercial - Investasi,1179.39,373.65,1,8.36,2.6,ACTIVE
2025-12,LN2202,Commercial - Konstruksi,1128.87,357.64,1,9.45,2.82,ACTIVE
2025-12,LN2203,Commercial - Investasi,1207.8,382.65,1,8.68,2.77,ACTIVE
2025-12,LN2204,Consumer - KPR Subsidi,911.51,288.78,1,4.64,1.12,ACTIVE
2025-12,LN2205,Consumer - KPR Subsidi,1322.99,419.14,1,4.69,1.64,ACTIVE
2025-12,LN2206,Commercial - Konstruksi,1603.4,498.02,1,10.58,4.39,ACTIVE
2025-12,LN2207,Consumer - KPR Subsidi,962.68,293.03,2,4.54,1.11,ACTIVE
2025-12,LN2208,Commercial - Modal Kerja,531.1,168.26,1,9.42,1.32,ACTIVE
2025-12,LN2209,Consumer - Multimanfaat,1515.94,456.73,1,9.72,3.7,ACTIVE
2025-12,LN2210,Commercial - Investasi,520.49,160.05,2,8.28,1.1,ACTIVE
2025-12,LN2211,Consumer - KPR Non Subsidi,513.51,157.9,2,8.68,1.14,ACTIVE
2025-12,LN2212,Consumer - KPR Subsidi,669.11,203.67,1,4.45,0.76,ACTIVE
2025-12,LN2214,Commercial - Konstruksi,910.34,288.41,1,9.97,2.4,ACTIVE
2025-12,LN2215,Consumer - KPR Subsidi,1456.83,429.87,2,4.73,1.69,ACTIVE
2025-12,LN2217,Consumer - KPR Non Subsidi,1568.87,497.04,1,8.4,3.48,ACTIVE
2025-12,LN2218,Commercial - Modal Kerja,1497.36,474.39,2,8.71,3.44,ACTIVE
2025-12,LN2219,Consumer - Non KPR,1264.38,373.08,1,11.0,3.42,ACTIVE
2025-12,LN2220,Consumer - KPR Non Subsidi,1275.74,392.29,1,7.96,2.6,ACTIVE
2025-12,LN2221,Consumer - KPR Subsidi,1499.4,456.4,1,4.9,1.86,ACTIVE
2025-12,LN2222,Consumer - Multimanfaat,1120.31,337.53,3,9.7,2.73,ACTIVE
2025-12,LN2223,Consumer - KPR Non Subsidi,1264.91,400.74,2,9.07,3.03,ACTIVE
2025-12,LN2224,Commercial - Modal Kerja,1240.2,389.06,2,9.22,2.99,ACTIVE
2025-12,LN2225,Commercial - Investasi,1519.78,476.77,2,8.9,3.54,ACTIVE
2025-12,LN2226,Commercial - Modal Kerja,540.02,166.05,1,8.57,1.19,ACTIVE
2025-12,LN2227,Commercial - Konstruksi,1548.12,490.47,1,9.76,3.99,ACTIVE
2025-12,LN2228,Consumer - KPR Subsidi,1612.75,490.91,1,4.79,1.96,ACTIVE
2025-12,LN2229,Consumer - Multimanfaat,1213.37,384.41,1,10.04,3.22,ACTIVE
2025-12,LN2230,Consumer - KPR Non Subsidi,936.97,293.94,1,9.03,2.21,ACTIVE
2025-12,LN2231,Consumer - KPR Subsidi,1020.59,307.49,1,5.18,1.33,ACTIVE
2025-12,LN2232,Commercial - Investasi,596.82,187.23,1,8.82,1.38,ACTIVE
2025-12,LN2233,Consumer - KPR Non Subsidi,1139.76,350.47,1,7.97,2.33,ACTIVE
2025-12,LN2234,Commercial - Investasi,845.34,254.69,1,9.16,1.94,ACTIVE
2025-12,LN2235,Commercial - Modal Kerja,1444.53,457.65,1,8.97,3.42,ACTIVE
2025-12,LN2236,Consumer - Multimanfaat,971.34,292.65,1,9.36,2.28,ACTIVE
2025-12,LN2237,Commercial - Modal Kerja,531.67,168.44,1,8.84,1.24,ACTIVE
2025-12,LN2238,Consumer - KPR Subsidi,1042.03,330.13,1,4.57,1.26,ACTIVE
2025-12,LN2239,Consumer - KPR Subsidi,1615.05,476.56,1,5.55,2.2,ACTIVE
2025-12,LN2240,Commercial - Modal Kerja,1035.35,328.01,1,8.79,2.4,ACTIVE
2025-12,LN2242,Consumer - Non KPR,1145.06,341.43,1,10.13,2.88,ACTIVE
2025-12,LN2243,Consumer - KPR Non Subsidi,1540.56,488.07,1,8.05,3.27,ACTIVE
2026-01,LN2026,Consumer - KPR Non Subsidi,1497.01,561.25,1,8.92,4.17,ACTIVE
2026-01,LN2029,Consumer - KPR Non Subsidi,1782.56,668.31,2,8.63,4.81,ACTIVE
2026-01,LN2030,Commercial - Investasi,722.1,270.73,2,8.46,1.91,ACTIVE
2026-01,LN2032,Commercial - Investasi,1189.7,446.04,1,8.96,3.33,ACTIVE
2026-01,LN2033,Consumer - KPR Subsidi,1443.01,541.01,1,4.68,2.11,ACTIVE
2026-01,LN2035,Consumer - KPR Subsidi,1712.29,641.97,2,4.99,2.67,ACTIVE
2026-01,LN2037,Consumer - Multimanfaat,1543.95,578.85,1,9.04,4.36,ACTIVE
2026-01,LN2039,Consumer - KPR Subsidi,516.38,193.6,1,4.53,0.73,ACTIVE
2026-01,LN2041,Consumer - KPR Non Subsidi,1652.31,619.48,1,8.45,4.36,ACTIVE
2026-01,LN2044,Commercial - Modal Kerja,377.2,141.42,1,8.85,1.04,ACTIVE
2026-01,LN2046,Consumer - KPR Subsidi,1373.17,514.82,1,5.44,2.33,ACTIVE
2026-01,LN2048,Commercial - Modal Kerja,433.25,162.43,2,8.41,1.14,ACTIVE
2026-01,LN2051,Consumer - KPR Subsidi,812.2,304.51,1,4.68,1.19,ACTIVE
2026-01,LN2054,Consumer - KPR Non Subsidi,1276.06,478.42,1,8.84,3.52,ACTIVE
2026-01,LN2055,Commercial - Konstruksi,1633.64,612.48,1,9.86,5.03,ACTIVE
2026-01,LN2056,Consumer - KPR Subsidi,1154.42,432.81,1,4.84,1.75,ACTIVE
2026-01,LN2060,Commercial - Investasi,849.97,318.67,1,8.72,2.32,ACTIVE
2026-01,LN2063,Commercial - Investasi,742.11,278.23,3,8.41,1.95,ACTIVE
2026-01,LN2064,Commercial - Investasi,1111.02,416.54,1,9.29,3.22,ACTIVE
2026-01,LN2069,Consumer - KPR Non Subsidi,1731.13,649.03,1,8.46,4.58,ACTIVE
2026-01,LN2070,Consumer - KPR Non Subsidi,1642.02,615.62,1,8.55,4.39,ACTIVE
2026-01,LN2071,Consumer - Multimanfaat,508.27,190.56,1,9.91,1.57,ACTIVE
2026-01,LN2074,Commercial - Konstruksi,894.99,335.55,1,10.54,2.95,ACTIVE
2026-01,LN2075,Consumer - Non KPR,997.02,373.8,1,10.48,3.26,ACTIVE
2026-01,LN2076,Commercial - Investasi,1077.94,404.14,1,8.76,2.95,ACTIVE
2026-01,LN2077,Commercial - Modal Kerja,916.66,343.67,1,8.55,2.45,ACTIVE
2026-01,LN2078,Commercial - Konstruksi,2139.28,802.07,3,10.51,7.02,ACTIVE
2026-01,LN2081,Commercial - Konstruksi,1881.11,705.26,1,9.85,5.79,ACTIVE
2026-01,LN2082,Consumer - KPR Non Subsidi,512.48,192.14,1,8.97,1.44,ACTIVE
2026-01,LN2084,Consumer - KPR Subsidi,824.51,309.12,5,5.15,1.33,ACTIVE
2026-01,LN2085,Consumer - KPR Non Subsidi,1009.19,378.36,1,8.05,2.54,ACTIVE
2026-01,LN2086,Commercial - Investasi,1317.8,494.06,1,8.97,3.69,ACTIVE
2026-01,LN2089,Consumer - Non KPR,970.66,363.92,1,10.5,3.18,ACTIVE
2026-01,LN2092,Consumer - Multimanfaat,1211.81,454.33,2,8.96,3.39,ACTIVE
2026-01,LN2093,Consumer - KPR Non Subsidi,833.35,312.44,1,9.08,2.36,ACTIVE
2026-01,LN2097,Consumer - KPR Non Subsidi,1647.96,617.85,1,8.75,4.51,ACTIVE
2026-01,LN2098,Consumer - Non KPR,1100.34,412.54,1,10.66,3.66,ACTIVE
2026-01,LN2099,Consumer - KPR Subsidi,1266.73,474.92,1,5.58,2.21,ACTIVE
2026-01,LN2100,Consumer - KPR Non Subsidi,1107.37,415.17,1,8.64,2.99,ACTIVE
2026-01,LN2102,Consumer - KPR Subsidi,1074.76,402.95,1,5.32,1.79,ACTIVE
2026-01,LN2105,Commercial - Investasi,1136.57,426.12,1,8.24,2.93,ACTIVE
2026-01,LN2106,Consumer - KPR Subsidi,1531.5,574.18,1,5.04,2.41,ACTIVE
2026-01,LN2107,Consumer - KPR Non Subsidi,629.51,236.01,1,9.0,1.77,ACTIVE
2026-01,LN2110,Consumer - KPR Subsidi,1774.75,665.38,1,4.49,2.49,ACTIVE
2026-01,LN2112,Commercial - Investasi,974.58,365.39,1,9.11,2.77,ACTIVE
2026-01,LN2113,Consumer - KPR Non Subsidi,940.0,352.42,2,7.91,2.32,ACTIVE
2026-01,LN2116,Consumer - KPR Non Subsidi,1775.18,665.54,1,8.6,4.77,ACTIVE
2026-01,LN2119,Commercial - Modal Kerja,448.44,168.13,1,8.55,1.2,ACTIVE
2026-01,LN2120,Consumer - KPR Non Subsidi,678.29,254.3,1,9.1,1.93,ACTIVE
2026-01,LN2123,Commercial - Investasi,1341.67,503.01,1,8.99,3.77,ACTIVE
2026-01,LN2124,Consumer - Non KPR,1563.64,586.23,1,10.51,5.13,ACTIVE
2026-01,LN2125,Consumer - KPR Subsidi,1687.25,632.58,3,5.27,2.78,ACTIVE
2026-01,LN2128,Consumer - KPR Non Subsidi,621.43,232.98,1,8.92,1.73,ACTIVE
2026-01,LN2130,Consumer - KPR Non Subsidi,714.99,268.06,1,8.72,1.95,ACTIVE
2026-01,LN2131,Consumer - KPR Subsidi,916.19,343.49,1,5.17,1.48,ACTIVE
2026-01,LN2134,Consumer - KPR Subsidi,567.24,212.67,1,4.93,0.87,ACTIVE
2026-01,LN2135,Commercial - Modal Kerja,1402.25,525.73,1,8.97,3.93,ACTIVE
2026-01,LN2138,Consumer - KPR Non Subsidi,1687.86,632.81,1,8.92,4.7,ACTIVE
2026-01,LN2139,Commercial - Modal Kerja,1280.55,480.1,1,9.6,3.84,ACTIVE
2026-01,LN2141,Consumer - Non KPR,1646.82,617.42,1,10.21,5.25,ACTIVE
2026-01,LN2142,Consumer - Multimanfaat,454.32,170.33,1,8.93,1.27,ACTIVE
2026-01,LN2144,Commercial - Investasi,1150.9,431.49,2,9.18,3.3,ACTIVE
2026-01,LN2145,Consumer - Multimanfaat,882.18,330.74,1,9.47,2.61,ACTIVE
2026-01,LN2147,Consumer - KPR Subsidi,749.58,281.03,1,4.73,1.11,ACTIVE
2026-01,LN2148,Commercial - Modal Kerja,1388.78,520.68,1,9.34,4.05,ACTIVE
2026-01,LN2149,Consumer - Multimanfaat,1439.56,539.71,1,9.41,4.23,ACTIVE
2026-01,LN2151,Consumer - KPR Subsidi,1125.23,421.87,1,4.75,1.67,ACTIVE
2026-01,LN2152,Consumer - Multimanfaat,1182.67,443.4,1,9.44,3.49,ACTIVE
2026-01,LN2153,Commercial - Modal Kerja,1387.78,520.3,1,8.78,3.81,ACTIVE
2026-01,LN2154,Consumer - KPR Subsidi,1760.23,659.94,1,5.16,2.84,ACTIVE
2026-01,LN2155,Consumer - KPR Non Subsidi,1512.51,567.06,1,8.79,4.15,ACTIVE
2026-01,LN2156,Commercial - Modal Kerja,1020.53,382.61,1,9.36,2.98,ACTIVE
2026-01,LN2158,Commercial - Konstruksi,811.45,304.23,1,9.76,2.47,ACTIVE
2026-01,LN2159,Consumer - KPR Non Subsidi,622.87,233.52,1,8.63,1.68,ACTIVE
2026-01,LN2160,Consumer - Non KPR,1072.67,402.16,1,10.45,3.5,ACTIVE
2026-01,LN2161,Consumer - Multimanfaat,1220.17,457.46,1,9.89,3.77,ACTIVE
2026-01,LN2162,Consumer - Non KPR,1513.41,567.4,1,10.22,4.83,ACTIVE
2026-01,LN2163,Commercial - Modal Kerja,537.53,201.53,1,9.58,1.61,ACTIVE
2026-01,LN2165,Consumer - KPR Subsidi,1396.57,523.6,1,5.03,2.19,ACTIVE
2026-01,LN2166,Commercial - Investasi,912.44,342.09,2,8.29,2.36,ACTIVE
2026-01,LN2167,Commercial - Modal Kerja,1142.1,428.19,1,8.41,3.0,ACTIVE
2026-01,LN2169,Commercial - Konstruksi,2091.54,784.15,2,10.04,6.56,ACTIVE
2026-01,LN2170,Consumer - KPR Non Subsidi,504.72,189.23,1,9.06,1.43,ACTIVE
2026-01,LN2172,Consumer - Multimanfaat,1091.29,409.14,3,9.87,3.37,ACTIVE
2026-01,LN2173,Commercial - Modal Kerja,398.42,149.37,1,8.6,1.07,ACTIVE
2026-01,LN2174,Commercial - Investasi,1588.92,595.71,1,8.39,4.17,ACTIVE
2026-01,LN2175,Consumer - KPR Non Subsidi,1238.72,464.42,1,8.84,3.42,ACTIVE
2026-01,LN2176,Consumer - KPR Subsidi,1430.23,536.22,1,4.76,2.13,ACTIVE
2026-01,LN2177,Commercial - Investasi,1506.89,564.96,1,8.86,4.17,ACTIVE
2026-01,LN2179,Consumer - KPR Subsidi,959.85,359.86,1,4.65,1.39,ACTIVE
2026-01,LN2182,Consumer - Non KPR,891.27,334.15,1,10.16,2.83,ACTIVE
2026-01,LN2183,Commercial - Modal Kerja,725.65,272.06,1,9.1,2.06,ACTIVE
2026-01,LN2188,Consumer - Non KPR,1166.73,437.43,2,10.39,3.79,ACTIVE
2026-01,LN2190,Consumer - KPR Non Subsidi,1631.84,611.8,1,8.88,4.53,ACTIVE
2026-01,LN2191,Commercial - Investasi,580.86,217.77,1,8.56,1.55,ACTIVE
2026-01,LN2193,Consumer - KPR Subsidi,530.87,199.03,1,4.79,0.79,ACTIVE
2026-01,LN2195,Commercial - Konstruksi,1629.38,610.88,1,9.57,4.87,ACTIVE
2026-01,LN2196,Commercial - Investasi,1179.39,442.17,1,8.36,3.08,ACTIVE
2026-01,LN2202,Commercial - Konstruksi,1128.87,423.23,1,9.45,3.33,ACTIVE
2026-01,LN2203,Commercial - Investasi,1207.8,452.82,1,8.68,3.28,ACTIVE
2026-01,LN2204,Consumer - KPR Subsidi,911.51,341.74,1,4.64,1.32,ACTIVE
2026-01,LN2205,Consumer - KPR Subsidi,1322.99,496.01,1,4.69,1.94,ACTIVE
2026-01,LN2206,Commercial - Konstruksi,1603.4,595.25,1,10.58,5.25,ACTIVE
2026-01,LN2207,Consumer - KPR Subsidi,962.68,350.31,2,4.54,1.33,ACTIVE
2026-01,LN2208,Commercial - Modal Kerja,531.1,199.12,1,9.42,1.56,ACTIVE
2026-01,LN2209,Consumer - Multimanfaat,1515.94,546.06,1,9.72,4.42,ACTIVE
2026-01,LN2210,Commercial - Investasi,520.49,191.31,2,8.28,1.32,ACTIVE
2026-01,LN2211,Consumer - KPR Non Subsidi,513.51,188.75,2,8.68,1.37,ACTIVE
2026-01,LN2212,Consumer - KPR Subsidi,669.11,243.48,1,4.45,0.9,ACTIVE
2026-01,LN2214,Commercial - Konstruksi,910.34,341.3,1,9.97,2.84,ACTIVE
2026-01,LN2215,Consumer - KPR Subsidi,1456.83,514.06,2,4.73,2.03,ACTIVE
2026-01,LN2217,Consumer - KPR Non Subsidi,1568.87,588.2,1,8.4,4.12,ACTIVE
2026-01,LN2218,Commercial - Modal Kerja,1497.36,561.38,2,8.71,4.07,ACTIVE
2026-01,LN2219,Consumer - Non KPR,1264.38,446.15,1,11.0,4.09,ACTIVE
2026-01,LN2220,Consumer - KPR Non Subsidi,1275.74,468.92,1,7.96,3.11,ACTIVE
2026-01,LN2221,Consumer - KPR Subsidi,1499.4,545.62,1,4.9,2.23,ACTIVE
2026-01,LN2222,Consumer - Multimanfaat,1120.31,403.55,3,9.7,3.26,ACTIVE
2026-01,LN2223,Consumer - KPR Non Subsidi,1264.91,474.24,2,9.07,3.58,ACTIVE
2026-01,LN2224,Commercial - Modal Kerja,1240.2,464.97,2,9.22,3.57,ACTIVE
2026-01,LN2225,Commercial - Investasi,1519.78,569.79,2,8.9,4.23,ACTIVE
2026-01,LN2226,Commercial - Modal Kerja,540.02,198.49,1,8.57,1.42,ACTIVE
2026-01,LN2228,Consumer - KPR Subsidi,1612.75,586.86,1,4.79,2.34,ACTIVE
2026-01,LN2229,Consumer - Multimanfaat,1213.37,454.91,1,10.04,3.81,ACTIVE
2026-01,LN2230,Consumer - KPR Non Subsidi,936.97,351.29,1,9.03,2.64,ACTIVE
2026-01,LN2231,Consumer - KPR Subsidi,1020.59,367.63,1,5.18,1.59,ACTIVE
2026-01,LN2232,Commercial - Investasi,596.82,223.76,1,8.82,1.64,ACTIVE
2026-01,LN2233,Consumer - KPR Non Subsidi,1139.76,418.94,1,7.97,2.78,ACTIVE
2026-01,LN2234,Commercial - Investasi,845.34,304.5,1,9.16,2.32,ACTIVE
2026-01,LN2235,Commercial - Modal Kerja,1444.53,541.58,1,8.97,4.05,ACTIVE
2026-01,LN2236,Consumer - Multimanfaat,971.34,349.89,1,9.36,2.73,ACTIVE
2026-01,LN2237,Commercial - Modal Kerja,531.67,199.33,1,8.84,1.47,ACTIVE
2026-01,LN2238,Consumer - KPR Subsidi,1042.03,390.67,1,4.57,1.49,ACTIVE
2026-01,LN2239,Consumer - KPR Subsidi,1615.05,569.89,1,5.55,2.64,ACTIVE
2026-01,LN2240,Commercial - Modal Kerja,1035.35,388.17,1,8.79,2.84,ACTIVE
2026-01,LN2242,Consumer - Non KPR,1145.06,408.26,1,10.13,3.45,ACTIVE
2026-01,LN2243,Consumer - KPR Non Subsidi,1540.56,577.58,1,8.05,3.87,ACTIVE
2026-02,LN2029,Consumer - KPR Non Subsidi,1782.56,712.76,2,8.63,5.13,ACTIVE
2026-02,LN2030,Commercial - Investasi,722.1,288.73,2,8.46,2.04,ACTIVE
2026-02,LN2032,Commercial - Investasi,1189.7,475.7,1,8.96,3.55,ACTIVE
2026-02,LN2033,Consumer - KPR Subsidi,1443.01,576.99,1,4.68,2.25,ACTIVE
2026-02,LN2035,Consumer - KPR Subsidi,1712.29,684.66,2,4.99,2.85,ACTIVE
2026-02,LN2037,Consumer - Multimanfaat,1543.95,617.35,1,9.04,4.65,ACTIVE
2026-02,LN2039,Consumer - KPR Subsidi,516.38,206.48,1,4.53,0.78,ACTIVE
2026-02,LN2041,Consumer - KPR Non Subsidi,1652.31,660.68,1,8.45,4.65,ACTIVE
2026-02,LN2044,Commercial - Modal Kerja,377.2,150.82,1,8.85,1.11,ACTIVE
2026-02,LN2046,Consumer - KPR Subsidi,1373.17,549.07,1,5.44,2.49,ACTIVE
2026-02,LN2048,Commercial - Modal Kerja,433.25,173.24,2,8.41,1.21,ACTIVE
2026-02,LN2051,Consumer - KPR Subsidi,812.2,324.76,1,4.68,1.27,ACTIVE
2026-02,LN2054,Consumer - KPR Non Subsidi,1276.06,510.24,1,8.84,3.76,ACTIVE
2026-02,LN2055,Commercial - Konstruksi,1633.64,653.22,1,9.86,5.37,ACTIVE
2026-02,LN2056,Consumer - KPR Subsidi,1154.42,461.6,1,4.84,1.86,ACTIVE
2026-02,LN2060,Commercial - Investasi,849.97,339.86,1,8.72,2.47,ACTIVE
2026-02,LN2063,Commercial - Investasi,742.11,296.73,3,8.41,2.08,ACTIVE
2026-02,LN2064,Commercial - Investasi,1111.02,444.24,1,9.29,3.44,ACTIVE
2026-02,LN2069,Consumer - KPR Non Subsidi,1731.13,692.2,1,8.46,4.88,ACTIVE
2026-02,LN2070,Consumer - KPR Non Subsidi,1642.02,656.57,1,8.55,4.68,ACTIVE
2026-02,LN2071,Consumer - Multimanfaat,508.27,203.23,1,9.91,1.68,ACTIVE
2026-02,LN2074,Commercial - Konstruksi,894.99,357.86,1,10.54,3.14,ACTIVE
2026-02,LN2075,Consumer - Non KPR,997.02,398.66,1,10.48,3.48,ACTIVE
2026-02,LN2076,Commercial - Investasi,1077.94,431.02,1,8.76,3.15,ACTIVE
2026-02,LN2077,Commercial - Modal Kerja,916.66,366.53,1,8.55,2.61,ACTIVE
2026-02,LN2078,Commercial - Konstruksi,2139.28,855.39,3,10.51,7.49,ACTIVE
2026-02,LN2081,Commercial - Konstruksi,1881.11,752.17,1,9.85,6.17,ACTIVE
2026-02,LN2082,Consumer - KPR Non Subsidi,512.48,204.92,1,8.97,1.53,ACTIVE
2026-02,LN2084,Consumer - KPR Subsidi,824.51,329.68,5,5.15,1.41,ACTIVE
2026-02,LN2085,Consumer - KPR Non Subsidi,1009.19,403.53,1,8.05,2.71,ACTIVE
2026-02,LN2086,Commercial - Investasi,1317.8,526.93,1,8.97,3.94,ACTIVE
2026-02,LN2089,Consumer - Non KPR,970.66,388.12,1,10.5,3.4,ACTIVE
2026-02,LN2092,Consumer - Multimanfaat,1211.81,484.55,2,8.96,3.62,ACTIVE
2026-02,LN2093,Consumer - KPR Non Subsidi,833.35,333.22,1,9.08,2.52,ACTIVE
2026-02,LN2098,Consumer - Non KPR,1100.34,439.97,1,10.66,3.91,ACTIVE
2026-02,LN2099,Consumer - KPR Subsidi,1266.73,506.51,1,5.58,2.36,ACTIVE
2026-02,LN2100,Consumer - KPR Non Subsidi,1107.37,442.78,1,8.64,3.19,ACTIVE
2026-02,LN2105,Commercial - Investasi,1136.57,454.46,1,8.24,3.12,ACTIVE
2026-02,LN2106,Consumer - KPR Subsidi,1531.5,612.37,1,5.04,2.57,ACTIVE
2026-02,LN2107,Consumer - KPR Non Subsidi,629.51,251.71,1,9.0,1.89,ACTIVE
2026-02,LN2110,Consumer - KPR Subsidi,1774.75,709.64,1,4.49,2.66,ACTIVE
2026-02,LN2112,Commercial - Investasi,974.58,389.69,1,9.11,2.96,ACTIVE
2026-02,LN2113,Consumer - KPR Non Subsidi,940.0,375.86,2,7.91,2.48,ACTIVE
2026-02,LN2116,Consumer - KPR Non Subsidi,1775.18,709.81,1,8.6,5.09,ACTIVE
2026-02,LN2123,Commercial - Investasi,1341.67,536.47,1,8.99,4.02,ACTIVE
2026-02,LN2124,Consumer - Non KPR,1563.64,625.23,1,10.51,5.48,ACTIVE
2026-02,LN2125,Consumer - KPR Subsidi,1687.25,674.65,3,5.27,2.96,ACTIVE
2026-02,LN2128,Consumer - KPR Non Subsidi,621.43,248.48,1,8.92,1.85,ACTIVE
2026-02,LN2130,Consumer - KPR Non Subsidi,714.99,285.89,1,8.72,2.08,ACTIVE
2026-02,LN2131,Consumer - KPR Subsidi,916.19,366.34,1,5.17,1.58,ACTIVE
2026-02,LN2134,Consumer - KPR Subsidi,567.24,226.81,1,4.93,0.93,ACTIVE
2026-02,LN2135,Commercial - Modal Kerja,1402.25,560.69,1,8.97,4.19,ACTIVE
2026-02,LN2138,Consumer - KPR Non Subsidi,1687.86,674.9,1,8.92,5.02,ACTIVE
2026-02,LN2141,Consumer - Non KPR,1646.82,658.49,1,10.21,5.6,ACTIVE
2026-02,LN2142,Consumer - Multimanfaat,454.32,181.66,1,8.93,1.35,ACTIVE
2026-02,LN2144,Commercial - Investasi,1150.9,460.19,2,9.18,3.52,ACTIVE
2026-02,LN2145,Consumer - Multimanfaat,882.18,352.74,1,9.47,2.78,ACTIVE
2026-02,LN2147,Consumer - KPR Subsidi,749.58,299.72,1,4.73,1.18,ACTIVE
2026-02,LN2148,Commercial - Modal Kerja,1388.78,555.31,1,9.34,4.32,ACTIVE
2026-02,LN2149,Consumer - Multimanfaat,1439.56,575.61,1,9.41,4.51,ACTIVE
2026-02,LN2151,Consumer - KPR Subsidi,1125.23,449.93,1,4.75,1.78,ACTIVE
2026-02,LN2152,Consumer - Multimanfaat,1182.67,472.89,1,9.44,3.72,ACTIVE
2026-02,LN2153,Commercial - Modal Kerja,1387.78,554.91,1,8.78,4.06,ACTIVE
2026-02,LN2154,Consumer - KPR Subsidi,1760.23,703.83,1,5.16,3.03,ACTIVE
2026-02,LN2155,Consumer - KPR Non Subsidi,1512.51,604.78,1,8.79,4.43,ACTIVE
2026-02,LN2156,Commercial - Modal Kerja,1020.53,408.06,1,9.36,3.18,ACTIVE
2026-02,LN2158,Commercial - Konstruksi,811.45,324.46,1,9.76,2.64,ACTIVE
2026-02,LN2159,Consumer - KPR Non Subsidi,622.87,249.06,1,8.63,1.79,ACTIVE
2026-02,LN2160,Consumer - Non KPR,1072.67,428.91,1,10.45,3.74,ACTIVE
2026-02,LN2161,Consumer - Multimanfaat,1220.17,487.89,1,9.89,4.02,ACTIVE
2026-02,LN2162,Consumer - Non KPR,1513.41,605.14,1,10.22,5.15,ACTIVE
2026-02,LN2163,Commercial - Modal Kerja,537.53,214.93,1,9.58,1.72,ACTIVE
2026-02,LN2165,Consumer - KPR Subsidi,1396.57,558.42,1,5.03,2.34,ACTIVE
2026-02,LN2166,Commercial - Investasi,912.44,364.84,2,8.29,2.52,ACTIVE
2026-02,LN2167,Commercial - Modal Kerja,1142.1,456.67,1,8.41,3.2,ACTIVE
2026-02,LN2169,Commercial - Konstruksi,2091.54,836.31,2,10.04,7.0,ACTIVE
2026-02,LN2170,Consumer - KPR Non Subsidi,504.72,201.81,1,9.06,1.52,ACTIVE
2026-02,LN2172,Consumer - Multimanfaat,1091.29,436.36,3,9.87,3.59,ACTIVE
2026-02,LN2173,Commercial - Modal Kerja,398.42,159.31,1,8.6,1.14,ACTIVE
2026-02,LN2174,Commercial - Investasi,1588.92,635.33,1,8.39,4.44,ACTIVE
2026-02,LN2175,Consumer - KPR Non Subsidi,1238.72,495.31,1,8.84,3.65,ACTIVE
2026-02,LN2176,Consumer - KPR Subsidi,1430.23,571.88,1,4.76,2.27,ACTIVE
2026-02,LN2177,Commercial - Investasi,1506.89,602.53,1,8.86,4.45,ACTIVE
2026-02,LN2179,Consumer - KPR Subsidi,959.85,383.8,1,4.65,1.49,ACTIVE
2026-02,LN2182,Consumer - Non KPR,891.27,356.38,1,10.16,3.02,ACTIVE
2026-02,LN2183,Commercial - Modal Kerja,725.65,290.15,1,9.1,2.2,ACTIVE
2026-02,LN2188,Consumer - Non KPR,1166.73,466.52,2,10.39,4.04,ACTIVE
2026-02,LN2190,Consumer - KPR Non Subsidi,1631.84,652.5,1,8.88,4.83,ACTIVE
2026-02,LN2191,Commercial - Investasi,580.86,232.26,1,8.56,1.66,ACTIVE
2026-02,LN2193,Consumer - KPR Subsidi,530.87,212.27,1,4.79,0.85,ACTIVE
2026-02,LN2195,Commercial - Konstruksi,1629.38,651.51,1,9.57,5.2,ACTIVE
2026-02,LN2196,Commercial - Investasi,1179.39,471.58,1,8.36,3.29,ACTIVE
2026-02,LN2203,Commercial - Investasi,1207.8,482.94,1,8.68,3.49,ACTIVE
2026-02,LN2204,Consumer - KPR Subsidi,911.51,364.47,1,4.64,1.41,ACTIVE
2026-02,LN2205,Consumer - KPR Subsidi,1322.99,529.0,1,4.69,2.07,ACTIVE
2026-02,LN2206,Commercial - Konstruksi,1603.4,641.12,1,10.58,5.65,ACTIVE
2026-02,LN2207,Consumer - KPR Subsidi,962.68,377.38,2,4.54,1.43,ACTIVE
2026-02,LN2208,Commercial - Modal Kerja,531.1,212.36,1,9.42,1.67,ACTIVE
2026-02,LN2209,Consumer - Multimanfaat,1515.94,588.32,1,9.72,4.77,ACTIVE
2026-02,LN2210,Commercial - Investasi,520.49,206.08,2,8.28,1.42,ACTIVE
2026-02,LN2211,Consumer - KPR Non Subsidi,513.51,203.32,2,8.68,1.47,ACTIVE
2026-02,LN2212,Consumer - KPR Subsidi,669.11,262.3,1,4.45,0.97,ACTIVE
2026-02,LN2214,Commercial - Konstruksi,910.34,364.0,1,9.97,3.02,ACTIVE
2026-02,LN2215,Consumer - KPR Subsidi,1456.83,553.96,2,4.73,2.18,ACTIVE
2026-02,LN2218,Commercial - Modal Kerja,1497.36,598.72,2,8.71,4.35,ACTIVE
2026-02,LN2219,Consumer - Non KPR,1264.38,480.78,1,11.0,4.41,ACTIVE
2026-02,LN2220,Consumer - KPR Non Subsidi,1275.74,505.11,1,7.96,3.35,ACTIVE
2026-02,LN2221,Consumer - KPR Subsidi,1499.4,587.78,1,4.9,2.4,ACTIVE
2026-02,LN2222,Consumer - Multimanfaat,1120.31,434.78,3,9.7,3.51,ACTIVE
2026-02,LN2223,Consumer - KPR Non Subsidi,1264.91,505.78,2,9.07,3.82,ACTIVE
2026-02,LN2224,Commercial - Modal Kerja,1240.2,495.9,2,9.22,3.81,ACTIVE
2026-02,LN2225,Commercial - Investasi,1519.78,607.69,2,8.9,4.51,ACTIVE
2026-02,LN2226,Commercial - Modal Kerja,540.02,213.81,1,8.57,1.53,ACTIVE
2026-02,LN2228,Consumer - KPR Subsidi,1612.75,632.22,1,4.79,2.52,ACTIVE
2026-02,LN2229,Consumer - Multimanfaat,1213.37,485.17,1,10.04,4.06,ACTIVE
2026-02,LN2230,Consumer - KPR Non Subsidi,936.97,374.65,1,9.03,2.82,ACTIVE
2026-02,LN2231,Consumer - KPR Subsidi,1020.59,396.08,1,5.18,1.71,ACTIVE
2026-02,LN2232,Commercial - Investasi,596.82,238.64,1,8.82,1.75,ACTIVE
2026-02,LN2233,Consumer - KPR Non Subsidi,1139.76,451.27,1,7.97,3.0,ACTIVE
2026-02,LN2234,Commercial - Investasi,845.34,328.07,1,9.16,2.5,ACTIVE
2026-02,LN2235,Commercial - Modal Kerja,1444.53,577.6,1,8.97,4.32,ACTIVE
2026-02,LN2236,Consumer - Multimanfaat,971.34,376.97,1,9.36,2.94,ACTIVE
2026-02,LN2237,Commercial - Modal Kerja,531.67,212.59,1,8.84,1.57,ACTIVE
2026-02,LN2238,Consumer - KPR Subsidi,1042.03,416.66,1,4.57,1.59,ACTIVE
2026-02,LN2239,Consumer - KPR Subsidi,1615.05,614.13,1,5.55,2.84,ACTIVE
2026-02,LN2240,Commercial - Modal Kerja,1035.35,413.99,1,8.79,3.03,ACTIVE
2026-02,LN2242,Consumer - Non KPR,1145.06,439.9,1,10.13,3.71,ACTIVE
2026-02,LN2243,Consumer - KPR Non Subsidi,1540.56,616.0,1,8.05,4.13,ACTIVE
2026-03,LN2029,Consumer - KPR Non Subsidi,1782.56,730.5,2,8.63,5.25,ACTIVE
2026-03,LN2030,Commercial - Investasi,722.1,295.92,2,8.46,2.09,ACTIVE
2026-03,LN2032,Commercial - Investasi,1189.7,487.54,1,8.96,3.64,ACTIVE
2026-03,LN2033,Consumer - KPR Subsidi,1443.01,591.35,1,4.68,2.31,ACTIVE
2026-03,LN2035,Consumer - KPR Subsidi,1712.29,701.7,2,4.99,2.92,ACTIVE
2026-03,LN2037,Consumer - Multimanfaat,1543.95,632.71,1,9.04,4.77,ACTIVE
2026-03,LN2041,Consumer - KPR Non Subsidi,1652.31,677.12,1,8.45,4.77,ACTIVE
2026-03,LN2044,Commercial - Modal Kerja,377.2,154.58,1,8.85,1.14,ACTIVE
2026-03,LN2046,Consumer - KPR Subsidi,1373.17,562.73,1,5.44,2.55,ACTIVE
2026-03,LN2048,Commercial - Modal Kerja,433.25,177.55,2,8.41,1.24,ACTIVE
2026-03,LN2051,Consumer - KPR Subsidi,812.2,332.84,1,4.68,1.3,ACTIVE
2026-03,LN2054,Consumer - KPR Non Subsidi,1276.06,522.93,1,8.84,3.85,ACTIVE
2026-03,LN2055,Commercial - Konstruksi,1633.64,669.47,1,9.86,5.5,ACTIVE
2026-03,LN2056,Consumer - KPR Subsidi,1154.42,473.08,1,4.84,1.91,ACTIVE
2026-03,LN2063,Commercial - Investasi,742.11,304.12,3,8.41,2.13,ACTIVE
2026-03,LN2069,Consumer - KPR Non Subsidi,1731.13,709.42,1,8.46,5.0,ACTIVE
2026-03,LN2070,Consumer - KPR Non Subsidi,1642.02,672.9,1,8.55,4.79,ACTIVE
2026-03,LN2071,Consumer - Multimanfaat,508.27,208.29,1,9.91,1.72,ACTIVE
2026-03,LN2074,Commercial - Konstruksi,894.99,366.77,1,10.54,3.22,ACTIVE
2026-03,LN2075,Consumer - Non KPR,997.02,408.58,1,10.48,3.57,ACTIVE
2026-03,LN2076,Commercial - Investasi,1077.94,441.74,1,8.76,3.22,ACTIVE
2026-03,LN2077,Commercial - Modal Kerja,916.66,375.65,1,8.55,2.68,ACTIVE
2026-03,LN2078,Commercial - Konstruksi,2139.28,876.72,3,10.51,7.68,ACTIVE
2026-03,LN2081,Commercial - Konstruksi,1881.11,770.88,1,9.85,6.33,ACTIVE
2026-03,LN2082,Consumer - KPR Non Subsidi,512.48,210.02,1,8.97,1.57,ACTIVE
2026-03,LN2084,Consumer - KPR Subsidi,824.51,337.89,5,5.15,1.45,ACTIVE
2026-03,LN2085,Consumer - KPR Non Subsidi,1009.19,413.57,1,8.05,2.77,ACTIVE
2026-03,LN2086,Commercial - Investasi,1317.8,540.04,1,8.97,4.04,ACTIVE
2026-03,LN2089,Consumer - Non KPR,970.66,397.78,1,10.5,3.48,ACTIVE
2026-03,LN2092,Consumer - Multimanfaat,1211.81,496.6,2,8.96,3.71,ACTIVE
2026-03,LN2093,Consumer - KPR Non Subsidi,833.35,341.51,1,9.08,2.58,ACTIVE
2026-03,LN2098,Consumer - Non KPR,1100.34,450.92,1,10.66,4.01,ACTIVE
2026-03,LN2099,Consumer - KPR Subsidi,1266.73,519.11,1,5.58,2.41,ACTIVE
2026-03,LN2100,Consumer - KPR Non Subsidi,1107.37,453.8,1,8.64,3.27,ACTIVE
2026-03,LN2105,Commercial - Investasi,1136.57,465.77,1,8.24,3.2,ACTIVE
2026-03,LN2106,Consumer - KPR Subsidi,1531.5,627.61,1,5.04,2.64,ACTIVE
2026-03,LN2107,Consumer - KPR Non Subsidi,629.51,257.97,1,9.0,1.93,ACTIVE
2026-03,LN2110,Consumer - KPR Subsidi,1774.75,727.3,1,4.49,2.72,ACTIVE
2026-03,LN2112,Commercial - Investasi,974.58,399.39,1,9.11,3.03,ACTIVE
2026-03,LN2113,Consumer - KPR Non Subsidi,940.0,385.21,2,7.91,2.54,ACTIVE
2026-03,LN2116,Consumer - KPR Non Subsidi,1775.18,727.47,1,8.6,5.21,ACTIVE
2026-03,LN2123,Commercial - Investasi,1341.67,549.82,1,8.99,4.12,ACTIVE
2026-03,LN2124,Consumer - Non KPR,1563.64,640.78,1,10.51,5.61,ACTIVE
2026-03,LN2125,Consumer - KPR Subsidi,1687.25,691.44,3,5.27,3.04,ACTIVE
2026-03,LN2128,Consumer - KPR Non Subsidi,621.43,254.66,1,8.92,1.89,ACTIVE
2026-03,LN2130,Consumer - KPR Non Subsidi,714.99,293.0,1,8.72,2.13,ACTIVE
2026-03,LN2131,Consumer - KPR Subsidi,916.19,375.46,1,5.17,1.62,ACTIVE
2026-03,LN2134,Consumer - KPR Subsidi,567.24,232.46,1,4.93,0.96,ACTIVE
2026-03,LN2135,Commercial - Modal Kerja,1402.25,574.65,1,8.97,4.3,ACTIVE
2026-03,LN2138,Consumer - KPR Non Subsidi,1687.86,691.69,1,8.92,5.14,ACTIVE
2026-03,LN2141,Consumer - Non KPR,1646.82,674.87,1,10.21,5.74,ACTIVE
2026-03,LN2142,Consumer - Multimanfaat,454.32,186.18,1,8.93,1.39,ACTIVE
2026-03,LN2144,Commercial - Investasi,1150.9,471.64,2,9.18,3.61,ACTIVE
2026-03,LN2145,Consumer - Multimanfaat,882.18,361.52,1,9.47,2.85,ACTIVE
2026-03,LN2148,Commercial - Modal Kerja,1388.78,569.13,1,9.34,4.43,ACTIVE
2026-03,LN2149,Consumer - Multimanfaat,1439.56,589.94,1,9.41,4.63,ACTIVE
2026-03,LN2151,Consumer - KPR Subsidi,1125.23,461.12,1,4.75,1.83,ACTIVE
2026-03,LN2152,Consumer - Multimanfaat,1182.67,484.66,1,9.44,3.81,ACTIVE
2026-03,LN2153,Commercial - Modal Kerja,1387.78,568.72,1,8.78,4.16,ACTIVE
2026-03,LN2154,Consumer - KPR Subsidi,1760.23,721.35,1,5.16,3.1,ACTIVE
2026-03,LN2155,Consumer - KPR Non Subsidi,1512.51,619.83,1,8.79,4.54,ACTIVE
2026-03,LN2156,Commercial - Modal Kerja,1020.53,418.22,1,9.36,3.26,ACTIVE
2026-03,LN2158,Commercial - Konstruksi,811.45,332.53,1,9.76,2.7,ACTIVE
2026-03,LN2159,Consumer - KPR Non Subsidi,622.87,255.25,1,8.63,1.84,ACTIVE
2026-03,LN2160,Consumer - Non KPR,1072.67,439.58,1,10.45,3.83,ACTIVE
2026-03,LN2161,Consumer - Multimanfaat,1220.17,500.03,1,9.89,4.12,ACTIVE
2026-03,LN2162,Consumer - Non KPR,1513.41,620.2,1,10.22,5.28,ACTIVE
2026-03,LN2163,Commercial - Modal Kerja,537.53,220.28,1,9.58,1.76,ACTIVE
2026-03,LN2165,Consumer - KPR Subsidi,1396.57,572.32,1,5.03,2.4,ACTIVE
2026-03,LN2166,Commercial - Investasi,912.44,373.92,2,8.29,2.58,ACTIVE
2026-03,LN2167,Commercial - Modal Kerja,1142.1,468.04,1,8.41,3.28,ACTIVE
2026-03,LN2169,Commercial - Konstruksi,2091.54,857.12,2,10.04,7.17,ACTIVE
2026-03,LN2170,Consumer - KPR Non Subsidi,504.72,206.84,1,9.06,1.56,ACTIVE
2026-03,LN2172,Consumer - Multimanfaat,1091.29,447.21,3,9.87,3.68,ACTIVE
2026-03,LN2173,Commercial - Modal Kerja,398.42,163.27,1,8.6,1.17,ACTIVE
2026-03,LN2174,Commercial - Investasi,1588.92,651.14,1,8.39,4.55,ACTIVE
2026-03,LN2175,Consumer - KPR Non Subsidi,1238.72,507.63,1,8.84,3.74,ACTIVE
2026-03,LN2176,Consumer - KPR Subsidi,1430.23,586.11,1,4.76,2.32,ACTIVE
2026-03,LN2177,Commercial - Investasi,1506.89,617.53,1,8.86,4.56,ACTIVE
2026-03,LN2179,Consumer - KPR Subsidi,959.85,393.35,1,4.65,1.52,ACTIVE
2026-03,LN2182,Consumer - Non KPR,891.27,365.24,1,10.16,3.09,ACTIVE
2026-03,LN2183,Commercial - Modal Kerja,725.65,297.37,1,9.1,2.26,ACTIVE
2026-03,LN2188,Consumer - Non KPR,1166.73,478.13,2,10.39,4.14,ACTIVE
2026-03,LN2190,Consumer - KPR Non Subsidi,1631.84,668.73,1,8.88,4.95,ACTIVE
2026-03,LN2191,Commercial - Investasi,580.86,238.04,1,8.56,1.7,ACTIVE
2026-03,LN2193,Consumer - KPR Subsidi,530.87,217.55,1,4.79,0.87,ACTIVE
2026-03,LN2195,Commercial - Konstruksi,1629.38,667.72,1,9.57,5.33,ACTIVE
2026-03,LN2196,Commercial - Investasi,1179.39,483.32,1,8.36,3.37,ACTIVE
2026-03,LN2203,Commercial - Investasi,1207.8,494.96,1,8.68,3.58,ACTIVE
2026-03,LN2204,Consumer - KPR Subsidi,911.51,373.54,1,4.64,1.44,ACTIVE
2026-03,LN2205,Consumer - KPR Subsidi,1322.99,542.16,1,4.69,2.12,ACTIVE
2026-03,LN2206,Commercial - Konstruksi,1603.4,657.08,1,10.58,5.79,ACTIVE
2026-03,LN2207,Consumer - KPR Subsidi,962.68,390.64,2,4.54,1.48,ACTIVE
2026-03,LN2208,Commercial - Modal Kerja,531.1,217.65,1,9.42,1.71,ACTIVE
2026-03,LN2209,Consumer - Multimanfaat,1515.94,609.06,1,9.72,4.93,ACTIVE
2026-03,LN2210,Commercial - Investasi,520.49,213.3,2,8.28,1.47,ACTIVE
2026-03,LN2211,Consumer - KPR Non Subsidi,513.51,210.44,2,8.68,1.52,ACTIVE
2026-03,LN2212,Consumer - KPR Subsidi,669.11,271.51,1,4.45,1.01,ACTIVE
2026-03,LN2214,Commercial - Konstruksi,910.34,373.06,1,9.97,3.1,ACTIVE
2026-03,LN2215,Consumer - KPR Subsidi,1456.83,573.6,2,4.73,2.26,ACTIVE
2026-03,LN2218,Commercial - Modal Kerja,1497.36,613.62,2,8.71,4.45,ACTIVE
2026-03,LN2219,Consumer - Non KPR,1264.38,497.83,1,11.0,4.56,ACTIVE
2026-03,LN2220,Consumer - KPR Non Subsidi,1275.74,522.8,1,7.96,3.47,ACTIVE
2026-03,LN2221,Consumer - KPR Subsidi,1499.4,608.43,1,4.9,2.48,ACTIVE
2026-03,LN2222,Consumer - Multimanfaat,1120.31,450.1,3,9.7,3.64,ACTIVE
2026-03,LN2223,Consumer - KPR Non Subsidi,1264.91,518.36,2,9.07,3.92,ACTIVE
2026-03,LN2224,Commercial - Modal Kerja,1240.2,508.24,2,9.22,3.9,ACTIVE
2026-03,LN2225,Commercial - Investasi,1519.78,622.81,2,8.9,4.62,ACTIVE
2026-03,LN2226,Commercial - Modal Kerja,540.02,221.3,1,8.57,1.58,ACTIVE
2026-03,LN2228,Consumer - KPR Subsidi,1612.75,654.43,1,4.79,2.61,ACTIVE
2026-03,LN2229,Consumer - Multimanfaat,1213.37,497.24,1,10.04,4.16,ACTIVE
2026-03,LN2230,Consumer - KPR Non Subsidi,936.97,383.97,1,9.03,2.89,ACTIVE
2026-03,LN2231,Consumer - KPR Subsidi,1020.59,410.04,1,5.18,1.77,ACTIVE
2026-03,LN2232,Commercial - Investasi,596.82,244.58,1,8.82,1.8,ACTIVE
2026-03,LN2233,Consumer - KPR Non Subsidi,1139.76,467.08,1,7.97,3.1,ACTIVE
2026-03,LN2234,Commercial - Investasi,845.34,339.63,1,9.16,2.59,ACTIVE
2026-03,LN2235,Commercial - Modal Kerja,1444.53,591.97,1,8.97,4.42,ACTIVE
2026-03,LN2236,Consumer - Multimanfaat,971.34,390.25,1,9.36,3.04,ACTIVE
2026-03,LN2237,Commercial - Modal Kerja,531.67,217.88,1,8.84,1.61,ACTIVE
2026-03,LN2238,Consumer - KPR Subsidi,1042.03,427.03,1,4.57,1.63,ACTIVE
2026-03,LN2239,Consumer - KPR Subsidi,1615.05,635.9,1,5.55,2.94,ACTIVE
2026-03,LN2240,Commercial - Modal Kerja,1035.35,424.29,1,8.79,3.11,ACTIVE
2026-03,LN2242,Consumer - Non KPR,1145.06,455.45,1,10.13,3.84,ACTIVE
2026-03,LN2243,Consumer - KPR Non Subsidi,1540.56,631.33,1,8.05,4.24,ACTIVE
2026-04,LN2029,Consumer - KPR Non Subsidi,1782.56,773.42,2,8.63,5.56,ACTIVE
2026-04,LN2030,Commercial - Investasi,722.1,313.3,2,8.46,2.21,ACTIVE
2026-04,LN2032,Commercial - Investasi,1189.7,516.19,1,8.96,3.85,ACTIVE
2026-04,LN2033,Consumer - KPR Subsidi,1443.01,626.09,1,4.68,2.44,ACTIVE
2026-04,LN2035,Consumer - KPR Subsidi,1712.29,742.93,2,4.99,3.09,ACTIVE
2026-04,LN2037,Consumer - Multimanfaat,1543.95,669.89,1,9.04,5.05,ACTIVE
2026-04,LN2041,Consumer - KPR Non Subsidi,1652.31,716.9,1,8.45,5.05,ACTIVE
2026-04,LN2044,Commercial - Modal Kerja,377.2,163.66,1,8.85,1.21,ACTIVE
2026-04,LN2046,Consumer - KPR Subsidi,1373.17,595.79,1,5.44,2.7,ACTIVE
2026-04,LN2048,Commercial - Modal Kerja,433.25,187.98,2,8.41,1.32,ACTIVE
2026-04,LN2051,Consumer - KPR Subsidi,812.2,352.4,1,4.68,1.37,ACTIVE
2026-04,LN2054,Consumer - KPR Non Subsidi,1276.06,553.66,1,8.84,4.08,ACTIVE
2026-04,LN2055,Commercial - Konstruksi,1633.64,708.8,1,9.86,5.82,ACTIVE
2026-04,LN2056,Consumer - KPR Subsidi,1154.42,500.88,1,4.84,2.02,ACTIVE
2026-04,LN2063,Commercial - Investasi,742.11,321.99,3,8.41,2.26,ACTIVE
2026-04,LN2069,Consumer - KPR Non Subsidi,1731.13,751.1,1,8.46,5.3,ACTIVE
2026-04,LN2070,Consumer - KPR Non Subsidi,1642.02,712.44,1,8.55,5.08,ACTIVE
2026-04,LN2071,Consumer - Multimanfaat,508.27,220.53,1,9.91,1.82,ACTIVE
2026-04,LN2074,Commercial - Konstruksi,894.99,388.32,1,10.54,3.41,ACTIVE
2026-04,LN2075,Consumer - Non KPR,997.02,432.59,1,10.48,3.78,ACTIVE
2026-04,LN2076,Commercial - Investasi,1077.94,467.7,1,8.76,3.41,ACTIVE
2026-04,LN2077,Commercial - Modal Kerja,916.66,397.72,1,8.55,2.83,ACTIVE
2026-04,LN2078,Commercial - Konstruksi,2139.28,928.2,3,10.51,8.13,ACTIVE
2026-04,LN2081,Commercial - Konstruksi,1881.11,816.18,1,9.85,6.7,ACTIVE
2026-04,LN2082,Consumer - KPR Non Subsidi,512.48,222.35,1,8.97,1.66,ACTIVE
2026-04,LN2084,Consumer - KPR Subsidi,824.51,357.74,5,5.15,1.54,ACTIVE
2026-04,LN2085,Consumer - KPR Non Subsidi,1009.19,437.87,1,8.05,2.94,ACTIVE
2026-04,LN2089,Consumer - Non KPR,970.66,421.15,1,10.5,3.69,ACTIVE
2026-04,LN2092,Consumer - Multimanfaat,1211.81,525.78,2,8.96,3.93,ACTIVE
2026-04,LN2093,Consumer - KPR Non Subsidi,833.35,361.57,1,9.08,2.74,ACTIVE
2026-04,LN2098,Consumer - Non KPR,1100.34,477.42,1,10.66,4.24,ACTIVE
2026-04,LN2099,Consumer - KPR Subsidi,1266.73,549.61,1,5.58,2.56,ACTIVE
2026-04,LN2100,Consumer - KPR Non Subsidi,1107.37,480.47,1,8.64,3.46,ACTIVE
2026-04,LN2105,Commercial - Investasi,1136.57,493.13,1,8.24,3.39,ACTIVE
2026-04,LN2106,Consumer - KPR Subsidi,1531.5,664.49,1,5.04,2.79,ACTIVE
2026-04,LN2107,Consumer - KPR Non Subsidi,629.51,273.13,1,9.0,2.05,ACTIVE
2026-04,LN2110,Consumer - KPR Subsidi,1774.75,770.03,1,4.49,2.88,ACTIVE
2026-04,LN2113,Consumer - KPR Non Subsidi,940.0,407.85,2,7.91,2.69,ACTIVE
2026-04,LN2116,Consumer - KPR Non Subsidi,1775.18,770.21,1,8.6,5.52,ACTIVE
2026-04,LN2123,Commercial - Investasi,1341.67,582.12,1,8.99,4.36,ACTIVE
2026-04,LN2124,Consumer - Non KPR,1563.64,678.43,1,10.51,5.94,ACTIVE
2026-04,LN2125,Consumer - KPR Subsidi,1687.25,732.06,3,5.27,3.21,ACTIVE
2026-04,LN2128,Consumer - KPR Non Subsidi,621.43,269.63,1,8.92,2.0,ACTIVE
2026-04,LN2130,Consumer - KPR Non Subsidi,714.99,310.22,1,8.72,2.25,ACTIVE
2026-04,LN2131,Consumer - KPR Subsidi,916.19,397.52,1,5.17,1.71,ACTIVE
2026-04,LN2134,Consumer - KPR Subsidi,567.24,246.11,1,4.93,1.01,ACTIVE
2026-04,LN2135,Commercial - Modal Kerja,1402.25,608.41,1,8.97,4.55,ACTIVE
2026-04,LN2141,Consumer - Non KPR,1646.82,714.52,1,10.21,6.08,ACTIVE
2026-04,LN2142,Consumer - Multimanfaat,454.32,197.12,1,8.93,1.47,ACTIVE
2026-04,LN2144,Commercial - Investasi,1150.9,499.35,2,9.18,3.82,ACTIVE
2026-04,LN2145,Consumer - Multimanfaat,882.18,382.76,1,9.47,3.02,ACTIVE
2026-04,LN2148,Commercial - Modal Kerja,1388.78,602.56,1,9.34,4.69,ACTIVE
2026-04,LN2149,Consumer - Multimanfaat,1439.56,624.6,1,9.41,4.9,ACTIVE
2026-04,LN2151,Consumer - KPR Subsidi,1125.23,488.21,1,4.75,1.93,ACTIVE
2026-04,LN2152,Consumer - Multimanfaat,1182.67,513.14,1,9.44,4.04,ACTIVE
2026-04,LN2153,Commercial - Modal Kerja,1387.78,602.13,1,8.78,4.41,ACTIVE
2026-04,LN2154,Consumer - KPR Subsidi,1760.23,763.73,1,5.16,3.28,ACTIVE
2026-04,LN2155,Consumer - KPR Non Subsidi,1512.51,656.25,1,8.79,4.81,ACTIVE
2026-04,LN2156,Commercial - Modal Kerja,1020.53,442.79,1,9.36,3.45,ACTIVE
2026-04,LN2158,Commercial - Konstruksi,811.45,352.07,1,9.76,2.86,ACTIVE
2026-04,LN2159,Consumer - KPR Non Subsidi,622.87,270.25,1,8.63,1.94,ACTIVE
2026-04,LN2160,Consumer - Non KPR,1072.67,465.41,1,10.45,4.05,ACTIVE
2026-04,LN2161,Consumer - Multimanfaat,1220.17,529.41,1,9.89,4.36,ACTIVE
2026-04,LN2162,Consumer - Non KPR,1513.41,656.64,1,10.22,5.59,ACTIVE
2026-04,LN2163,Commercial - Modal Kerja,537.53,233.22,1,9.58,1.86,ACTIVE
2026-04,LN2165,Consumer - KPR Subsidi,1396.57,605.94,1,5.03,2.54,ACTIVE
2026-04,LN2166,Commercial - Investasi,912.44,395.89,2,8.29,2.73,ACTIVE
2026-04,LN2167,Commercial - Modal Kerja,1142.1,495.53,1,8.41,3.47,ACTIVE
2026-04,LN2169,Commercial - Konstruksi,2091.54,907.48,2,10.04,7.59,ACTIVE
2026-04,LN2170,Consumer - KPR Non Subsidi,504.72,218.99,1,9.06,1.65,ACTIVE
2026-04,LN2172,Consumer - Multimanfaat,1091.29,473.49,3,9.87,3.89,ACTIVE
2026-04,LN2173,Commercial - Modal Kerja,398.42,172.87,1,8.6,1.24,ACTIVE
2026-04,LN2174,Commercial - Investasi,1588.92,689.4,1,8.39,4.82,ACTIVE
2026-04,LN2175,Consumer - KPR Non Subsidi,1238.72,537.46,1,8.84,3.96,ACTIVE
2026-04,LN2176,Consumer - KPR Subsidi,1430.23,620.55,1,4.76,2.46,ACTIVE
2026-04,LN2177,Commercial - Investasi,1506.89,653.81,1,8.86,4.83,ACTIVE
2026-04,LN2179,Consumer - KPR Subsidi,959.85,416.46,1,4.65,1.61,ACTIVE
2026-04,LN2182,Consumer - Non KPR,891.27,386.7,1,10.16,3.27,ACTIVE
2026-04,LN2188,Consumer - Non KPR,1166.73,506.22,2,10.39,4.38,ACTIVE
2026-04,LN2190,Consumer - KPR Non Subsidi,1631.84,708.02,1,8.88,5.24,ACTIVE
2026-04,LN2191,Commercial - Investasi,580.86,252.02,1,8.56,1.8,ACTIVE
2026-04,LN2193,Consumer - KPR Subsidi,530.87,230.33,1,4.79,0.92,ACTIVE
2026-04,LN2196,Commercial - Investasi,1179.39,511.71,1,8.36,3.56,ACTIVE
2026-04,LN2203,Commercial - Investasi,1207.8,524.04,1,8.68,3.79,ACTIVE
2026-04,LN2204,Consumer - KPR Subsidi,911.51,395.49,1,4.64,1.53,ACTIVE
2026-04,LN2205,Consumer - KPR Subsidi,1322.99,574.02,1,4.69,2.24,ACTIVE
2026-04,LN2206,Commercial - Konstruksi,1603.4,695.68,1,10.58,6.13,ACTIVE
2026-04,LN2207,Consumer - KPR Subsidi,962.68,417.69,2,4.54,1.58,ACTIVE
2026-04,LN2208,Commercial - Modal Kerja,531.1,230.43,1,9.42,1.81,ACTIVE
2026-04,LN2209,Consumer - Multimanfaat,1515.94,651.29,1,9.72,5.28,ACTIVE
2026-04,LN2210,Commercial - Investasi,520.49,225.83,2,8.28,1.56,ACTIVE
2026-04,LN2211,Consumer - KPR Non Subsidi,513.51,222.8,2,8.68,1.61,ACTIVE
2026-04,LN2212,Consumer - KPR Subsidi,669.11,290.31,1,4.45,1.08,ACTIVE
2026-04,LN2214,Commercial - Konstruksi,910.34,394.98,1,9.97,3.28,ACTIVE
2026-04,LN2215,Consumer - KPR Subsidi,1456.83,613.5,2,4.73,2.42,ACTIVE
2026-04,LN2218,Commercial - Modal Kerja,1497.36,649.67,2,8.71,4.72,ACTIVE
2026-04,LN2219,Consumer - Non KPR,1264.38,532.45,1,11.0,4.88,ACTIVE
2026-04,LN2220,Consumer - KPR Non Subsidi,1275.74,553.52,1,7.96,3.67,ACTIVE
2026-04,LN2221,Consumer - KPR Subsidi,1499.4,650.56,1,4.9,2.66,ACTIVE
2026-04,LN2222,Consumer - Multimanfaat,1120.31,481.31,3,9.7,3.89,ACTIVE
2026-04,LN2223,Consumer - KPR Non Subsidi,1264.91,548.82,2,9.07,4.15,ACTIVE
2026-04,LN2225,Commercial - Investasi,1519.78,659.4,2,8.9,4.89,ACTIVE
2026-04,LN2226,Commercial - Modal Kerja,540.02,234.3,1,8.57,1.67,ACTIVE
2026-04,LN2228,Consumer - KPR Subsidi,1612.75,699.74,1,4.79,2.79,ACTIVE
2026-04,LN2229,Consumer - Multimanfaat,1213.37,526.46,1,10.04,4.4,ACTIVE
2026-04,LN2230,Consumer - KPR Non Subsidi,936.97,406.53,1,9.03,3.06,ACTIVE
2026-04,LN2231,Consumer - KPR Subsidi,1020.59,438.47,1,5.18,1.89,ACTIVE
2026-04,LN2232,Commercial - Investasi,596.82,258.95,1,8.82,1.9,ACTIVE
2026-04,LN2233,Consumer - KPR Non Subsidi,1139.76,494.52,1,7.97,3.28,ACTIVE
2026-04,LN2234,Commercial - Investasi,845.34,363.18,1,9.16,2.77,ACTIVE
2026-04,LN2235,Commercial - Modal Kerja,1444.53,626.75,1,8.97,4.68,ACTIVE
2026-04,LN2236,Consumer - Multimanfaat,971.34,417.31,1,9.36,3.26,ACTIVE
2026-04,LN2237,Commercial - Modal Kerja,531.67,230.68,1,8.84,1.7,ACTIVE
2026-04,LN2238,Consumer - KPR Subsidi,1042.03,452.12,1,4.57,1.72,ACTIVE
2026-04,LN2239,Consumer - KPR Subsidi,1615.05,680.13,1,5.55,3.15,ACTIVE
2026-04,LN2240,Commercial - Modal Kerja,1035.35,449.22,1,8.79,3.29,ACTIVE
2026-04,LN2242,Consumer - Non KPR,1145.06,487.08,1,10.13,4.11,ACTIVE
2026-04,LN2243,Consumer - KPR Non Subsidi,1540.56,668.42,1,8.05,4.48,ACTIVE
2026-05,LN2029,Consumer - KPR Non Subsidi,1782.56,803.11,2,8.63,5.78,ACTIVE
2026-05,LN2030,Commercial - Investasi,722.1,325.33,2,8.46,2.29,ACTIVE
2026-05,LN2032,Commercial - Investasi,1189.7,536.0,1,8.96,4.0,ACTIVE
2026-05,LN2033,Consumer - KPR Subsidi,1443.01,650.13,1,4.68,2.54,ACTIVE
2026-05,LN2035,Consumer - KPR Subsidi,1712.29,771.45,2,4.99,3.21,ACTIVE
2026-05,LN2037,Consumer - Multimanfaat,1543.95,695.6,1,9.04,5.24,ACTIVE
2026-05,LN2041,Consumer - KPR Non Subsidi,1652.31,744.42,1,8.45,5.24,ACTIVE
2026-05,LN2044,Commercial - Modal Kerja,377.2,169.94,1,8.85,1.25,ACTIVE
2026-05,LN2046,Consumer - KPR Subsidi,1373.17,618.66,1,5.44,2.8,ACTIVE
2026-05,LN2048,Commercial - Modal Kerja,433.25,195.19,2,8.41,1.37,ACTIVE
2026-05,LN2051,Consumer - KPR Subsidi,812.2,365.93,1,4.68,1.43,ACTIVE
2026-05,LN2054,Consumer - KPR Non Subsidi,1276.06,574.91,1,8.84,4.24,ACTIVE
2026-05,LN2055,Commercial - Konstruksi,1633.64,736.01,1,9.86,6.05,ACTIVE
2026-05,LN2056,Consumer - KPR Subsidi,1154.42,520.11,1,4.84,2.1,ACTIVE
2026-05,LN2063,Commercial - Investasi,742.11,334.35,3,8.41,2.34,ACTIVE
2026-05,LN2069,Consumer - KPR Non Subsidi,1731.13,779.94,1,8.46,5.5,ACTIVE
2026-05,LN2070,Consumer - KPR Non Subsidi,1642.02,739.79,1,8.55,5.27,ACTIVE
2026-05,LN2071,Consumer - Multimanfaat,508.27,228.99,1,9.91,1.89,ACTIVE
2026-05,LN2074,Commercial - Konstruksi,894.99,403.22,1,10.54,3.54,ACTIVE
2026-05,LN2075,Consumer - Non KPR,997.02,449.19,1,10.48,3.92,ACTIVE
2026-05,LN2076,Commercial - Investasi,1077.94,485.65,1,8.76,3.55,ACTIVE
2026-05,LN2077,Commercial - Modal Kerja,916.66,412.99,1,8.55,2.94,ACTIVE
2026-05,LN2078,Commercial - Konstruksi,2139.28,963.79,3,10.51,8.44,ACTIVE
2026-05,LN2081,Commercial - Konstruksi,1881.11,847.51,1,9.85,6.96,ACTIVE
2026-05,LN2082,Consumer - KPR Non Subsidi,512.48,230.89,1,8.97,1.73,ACTIVE
2026-05,LN2084,Consumer - KPR Subsidi,824.51,371.47,5,5.15,1.59,ACTIVE
2026-05,LN2085,Consumer - KPR Non Subsidi,1009.19,454.68,1,8.05,3.05,ACTIVE
2026-05,LN2089,Consumer - Non KPR,970.66,437.32,1,10.5,3.83,ACTIVE
2026-05,LN2092,Consumer - Multimanfaat,1211.81,545.96,2,8.96,4.08,ACTIVE
2026-05,LN2093,Consumer - KPR Non Subsidi,833.35,375.45,1,9.08,2.84,ACTIVE
2026-05,LN2098,Consumer - Non KPR,1100.34,495.74,1,10.66,4.4,ACTIVE
2026-05,LN2099,Consumer - KPR Subsidi,1266.73,570.71,1,5.58,2.65,ACTIVE
2026-05,LN2100,Consumer - KPR Non Subsidi,1107.37,498.91,1,8.64,3.59,ACTIVE
2026-05,LN2105,Commercial - Investasi,1136.57,512.07,1,8.24,3.52,ACTIVE
2026-05,LN2106,Consumer - KPR Subsidi,1531.5,690.0,1,5.04,2.9,ACTIVE
2026-05,LN2107,Consumer - KPR Non Subsidi,629.51,283.62,1,9.0,2.13,ACTIVE
2026-05,LN2110,Consumer - KPR Subsidi,1774.75,799.59,1,4.49,2.99,ACTIVE
2026-05,LN2113,Consumer - KPR Non Subsidi,940.0,423.5,2,7.91,2.79,ACTIVE
2026-05,LN2116,Consumer - KPR Non Subsidi,1775.18,799.78,1,8.6,5.73,ACTIVE
2026-05,LN2123,Commercial - Investasi,1341.67,604.47,1,8.99,4.53,ACTIVE
2026-05,LN2124,Consumer - Non KPR,1563.64,704.48,1,10.51,6.17,ACTIVE
2026-05,LN2125,Consumer - KPR Subsidi,1687.25,760.17,3,5.27,3.34,ACTIVE
2026-05,LN2128,Consumer - KPR Non Subsidi,621.43,279.98,1,8.92,2.08,ACTIVE
2026-05,LN2130,Consumer - KPR Non Subsidi,714.99,322.13,1,8.72,2.34,ACTIVE
2026-05,LN2131,Consumer - KPR Subsidi,916.19,412.78,1,5.17,1.78,ACTIVE
2026-05,LN2134,Consumer - KPR Subsidi,567.24,255.56,1,4.93,1.05,ACTIVE
2026-05,LN2135,Commercial - Modal Kerja,1402.25,631.76,1,8.97,4.72,ACTIVE
2026-05,LN2141,Consumer - Non KPR,1646.82,741.95,1,10.21,6.31,ACTIVE
2026-05,LN2142,Consumer - Multimanfaat,454.32,204.69,1,8.93,1.52,ACTIVE
2026-05,LN2144,Commercial - Investasi,1150.9,518.52,2,9.18,3.97,ACTIVE
2026-05,LN2145,Consumer - Multimanfaat,882.18,397.45,1,9.47,3.14,ACTIVE
2026-05,LN2148,Commercial - Modal Kerja,1388.78,625.7,1,9.34,4.87,ACTIVE
2026-05,LN2149,Consumer - Multimanfaat,1439.56,648.57,1,9.41,5.09,ACTIVE
2026-05,LN2151,Consumer - KPR Subsidi,1125.23,506.96,1,4.75,2.01,ACTIVE
2026-05,LN2152,Consumer - Multimanfaat,1182.67,532.84,1,9.44,4.19,ACTIVE
2026-05,LN2153,Commercial - Modal Kerja,1387.78,625.24,1,8.78,4.57,ACTIVE
2026-05,LN2154,Consumer - KPR Subsidi,1760.23,793.05,1,5.16,3.41,ACTIVE
2026-05,LN2155,Consumer - KPR Non Subsidi,1512.51,681.44,1,8.79,4.99,ACTIVE
2026-05,LN2156,Commercial - Modal Kerja,1020.53,459.79,1,9.36,3.59,ACTIVE
2026-05,LN2158,Commercial - Konstruksi,811.45,365.59,1,9.76,2.97,ACTIVE
2026-05,LN2159,Consumer - KPR Non Subsidi,622.87,280.63,1,8.63,2.02,ACTIVE
2026-05,LN2160,Consumer - Non KPR,1072.67,483.28,1,10.45,4.21,ACTIVE
2026-05,LN2161,Consumer - Multimanfaat,1220.17,549.73,1,9.89,4.53,ACTIVE
2026-05,LN2162,Consumer - Non KPR,1513.41,681.85,1,10.22,5.81,ACTIVE
2026-05,LN2163,Commercial - Modal Kerja,537.53,242.18,1,9.58,1.93,ACTIVE
2026-05,LN2165,Consumer - KPR Subsidi,1396.57,629.2,1,5.03,2.64,ACTIVE
2026-05,LN2166,Commercial - Investasi,912.44,411.09,2,8.29,2.84,ACTIVE
2026-05,LN2167,Commercial - Modal Kerja,1142.1,514.56,1,8.41,3.61,ACTIVE
2026-05,LN2169,Commercial - Konstruksi,2091.54,942.31,2,10.04,7.88,ACTIVE
2026-05,LN2170,Consumer - KPR Non Subsidi,504.72,227.39,1,9.06,1.72,ACTIVE
2026-05,LN2172,Consumer - Multimanfaat,1091.29,491.67,3,9.87,4.04,ACTIVE
2026-05,LN2175,Consumer - KPR Non Subsidi,1238.72,558.09,1,8.84,4.11,ACTIVE
2026-05,LN2176,Consumer - KPR Subsidi,1430.23,644.37,1,4.76,2.56,ACTIVE
2026-05,LN2177,Commercial - Investasi,1506.89,678.91,1,8.86,5.01,ACTIVE
2026-05,LN2179,Consumer - KPR Subsidi,959.85,432.45,1,4.65,1.68,ACTIVE
2026-05,LN2182,Consumer - Non KPR,891.27,401.55,1,10.16,3.4,ACTIVE
2026-05,LN2188,Consumer - Non KPR,1166.73,525.65,2,10.39,4.55,ACTIVE
2026-05,LN2190,Consumer - KPR Non Subsidi,1631.84,735.2,1,8.88,5.44,ACTIVE
2026-05,LN2191,Commercial - Investasi,580.86,261.7,1,8.56,1.87,ACTIVE
2026-05,LN2193,Consumer - KPR Subsidi,530.87,239.18,1,4.79,0.95,ACTIVE
2026-05,LN2196,Commercial - Investasi,1179.39,531.36,1,8.36,3.7,ACTIVE
2026-05,LN2203,Commercial - Investasi,1207.8,544.16,1,8.68,3.94,ACTIVE
2026-05,LN2204,Consumer - KPR Subsidi,911.51,410.67,1,4.64,1.59,ACTIVE
2026-05,LN2205,Consumer - KPR Subsidi,1322.99,596.05,1,4.69,2.33,ACTIVE
2026-05,LN2206,Commercial - Konstruksi,1603.4,722.39,1,10.58,6.37,ACTIVE
2026-05,LN2207,Consumer - KPR Subsidi,962.68,433.72,2,4.54,1.64,ACTIVE
2026-05,LN2208,Commercial - Modal Kerja,531.1,239.28,1,9.42,1.88,ACTIVE
2026-05,LN2209,Consumer - Multimanfaat,1515.94,682.99,1,9.72,5.53,ACTIVE
2026-05,LN2210,Commercial - Investasi,520.49,234.5,2,8.28,1.62,ACTIVE
2026-05,LN2211,Consumer - KPR Non Subsidi,513.51,231.35,2,8.68,1.67,ACTIVE
2026-05,LN2212,Consumer - KPR Subsidi,669.11,301.46,1,4.45,1.12,ACTIVE
2026-05,LN2214,Commercial - Konstruksi,910.34,410.14,1,9.97,3.41,ACTIVE
2026-05,LN2215,Consumer - KPR Subsidi,1456.83,643.48,2,4.73,2.54,ACTIVE
2026-05,LN2218,Commercial - Modal Kerja,1497.36,674.61,2,8.71,4.9,ACTIVE
2026-05,LN2219,Consumer - Non KPR,1264.38,558.48,1,11.0,5.12,ACTIVE
2026-05,LN2221,Consumer - KPR Subsidi,1499.4,675.53,1,4.9,2.76,ACTIVE
2026-05,LN2222,Consumer - Multimanfaat,1120.31,504.74,3,9.7,4.08,ACTIVE
2026-05,LN2223,Consumer - KPR Non Subsidi,1264.91,569.89,2,9.07,4.31,ACTIVE
2026-05,LN2225,Commercial - Investasi,1519.78,684.72,2,8.9,5.08,ACTIVE
2026-05,LN2226,Commercial - Modal Kerja,540.02,243.3,1,8.57,1.74,ACTIVE
2026-05,LN2228,Consumer - KPR Subsidi,1612.75,726.6,1,4.79,2.9,ACTIVE
2026-05,LN2229,Consumer - Multimanfaat,1213.37,546.67,1,10.04,4.57,ACTIVE
2026-05,LN2230,Consumer - KPR Non Subsidi,936.97,422.14,1,9.03,3.18,ACTIVE
2026-05,LN2231,Consumer - KPR Subsidi,1020.59,459.81,1,5.18,1.98,ACTIVE
2026-05,LN2232,Commercial - Investasi,596.82,268.89,1,8.82,1.98,ACTIVE
2026-05,LN2233,Consumer - KPR Non Subsidi,1139.76,513.5,1,7.97,3.41,ACTIVE
2026-05,LN2235,Commercial - Modal Kerja,1444.53,650.81,1,8.97,4.86,ACTIVE
2026-05,LN2236,Consumer - Multimanfaat,971.34,437.62,1,9.36,3.41,ACTIVE
2026-05,LN2238,Consumer - KPR Subsidi,1042.03,469.47,1,4.57,1.79,ACTIVE
2026-05,LN2239,Consumer - KPR Subsidi,1615.05,713.37,1,5.55,3.3,ACTIVE
2026-05,LN2240,Commercial - Modal Kerja,1035.35,466.46,1,8.79,3.42,ACTIVE
2026-05,LN2242,Consumer - Non KPR,1145.06,510.83,1,10.13,4.31,ACTIVE
2026-05,LN2243,Consumer - KPR Non Subsidi,1540.56,694.08,1,8.05,4.66,ACTIVE
2026-06,LN2029,Consumer - KPR Non Subsidi,1782.56,874.09,2,8.63,6.29,ACTIVE
2026-06,LN2030,Commercial - Investasi,722.1,354.08,2,8.46,2.5,ACTIVE
2026-06,LN2032,Commercial - Investasi,1189.7,583.37,1,8.96,4.36,ACTIVE
2026-06,LN2033,Consumer - KPR Subsidi,1443.01,707.59,1,4.68,2.76,ACTIVE
2026-06,LN2035,Consumer - KPR Subsidi,1712.29,839.63,2,4.99,3.49,ACTIVE
2026-06,LN2037,Consumer - Multimanfaat,1543.95,757.08,1,9.04,5.7,ACTIVE
2026-06,LN2041,Consumer - KPR Non Subsidi,1652.31,810.22,1,8.45,5.71,ACTIVE
2026-06,LN2044,Commercial - Modal Kerja,377.2,184.96,1,8.85,1.36,ACTIVE
2026-06,LN2046,Consumer - KPR Subsidi,1373.17,673.34,1,5.44,3.05,ACTIVE
2026-06,LN2048,Commercial - Modal Kerja,433.25,212.45,2,8.41,1.49,ACTIVE
2026-06,LN2051,Consumer - KPR Subsidi,812.2,398.27,1,4.68,1.55,ACTIVE
2026-06,LN2055,Commercial - Konstruksi,1633.64,801.06,1,9.86,6.58,ACTIVE
2026-06,LN2063,Commercial - Investasi,742.11,363.9,3,8.41,2.55,ACTIVE
2026-06,LN2069,Consumer - KPR Non Subsidi,1731.13,848.87,1,8.46,5.98,ACTIVE
2026-06,LN2070,Consumer - KPR Non Subsidi,1642.02,805.17,1,8.55,5.74,ACTIVE
2026-06,LN2071,Consumer - Multimanfaat,508.27,249.23,1,9.91,2.06,ACTIVE
2026-06,LN2074,Commercial - Konstruksi,894.99,438.86,1,10.54,3.85,ACTIVE
2026-06,LN2075,Consumer - Non KPR,997.02,488.89,1,10.48,4.27,ACTIVE
2026-06,LN2076,Commercial - Investasi,1077.94,528.57,1,8.76,3.86,ACTIVE
2026-06,LN2077,Commercial - Modal Kerja,916.66,449.49,1,8.55,3.2,ACTIVE
2026-06,LN2081,Commercial - Konstruksi,1881.11,922.41,1,9.85,7.57,ACTIVE
2026-06,LN2082,Consumer - KPR Non Subsidi,512.48,251.3,1,8.97,1.88,ACTIVE
2026-06,LN2084,Consumer - KPR Subsidi,824.51,404.3,5,5.15,1.74,ACTIVE
2026-06,LN2085,Consumer - KPR Non Subsidi,1009.19,494.86,1,8.05,3.32,ACTIVE
2026-06,LN2089,Consumer - Non KPR,970.66,475.97,1,10.5,4.16,ACTIVE
2026-06,LN2092,Consumer - Multimanfaat,1211.81,594.22,2,8.96,4.44,ACTIVE
2026-06,LN2093,Consumer - KPR Non Subsidi,833.35,408.64,1,9.08,3.09,ACTIVE
2026-06,LN2098,Consumer - Non KPR,1100.34,539.56,1,10.66,4.79,ACTIVE
2026-06,LN2099,Consumer - KPR Subsidi,1266.73,621.15,1,5.58,2.89,ACTIVE
2026-06,LN2100,Consumer - KPR Non Subsidi,1107.37,543.0,1,8.64,3.91,ACTIVE
2026-06,LN2105,Commercial - Investasi,1136.57,557.32,1,8.24,3.83,ACTIVE
2026-06,LN2106,Consumer - KPR Subsidi,1531.5,750.98,1,5.04,3.15,ACTIVE
2026-06,LN2110,Consumer - KPR Subsidi,1774.75,870.26,1,4.49,3.26,ACTIVE
2026-06,LN2113,Consumer - KPR Non Subsidi,940.0,460.93,2,7.91,3.04,ACTIVE
2026-06,LN2123,Commercial - Investasi,1341.67,657.89,1,8.99,4.93,ACTIVE
2026-06,LN2125,Consumer - KPR Subsidi,1687.25,827.35,3,5.27,3.63,ACTIVE
2026-06,LN2128,Consumer - KPR Non Subsidi,621.43,304.72,1,8.92,2.27,ACTIVE
2026-06,LN2130,Consumer - KPR Non Subsidi,714.99,350.6,1,8.72,2.55,ACTIVE
2026-06,LN2131,Consumer - KPR Subsidi,916.19,449.26,1,5.17,1.94,ACTIVE
2026-06,LN2134,Consumer - KPR Subsidi,567.24,278.15,1,4.93,1.14,ACTIVE
2026-06,LN2135,Commercial - Modal Kerja,1402.25,687.6,1,8.97,5.14,ACTIVE
2026-06,LN2141,Consumer - Non KPR,1646.82,807.52,1,10.21,6.87,ACTIVE
2026-06,LN2142,Consumer - Multimanfaat,454.32,222.78,1,8.93,1.66,ACTIVE
2026-06,LN2144,Commercial - Investasi,1150.9,564.35,2,9.18,4.32,ACTIVE
2026-06,LN2145,Consumer - Multimanfaat,882.18,432.58,1,9.47,3.41,ACTIVE
2026-06,LN2148,Commercial - Modal Kerja,1388.78,680.99,1,9.34,5.3,ACTIVE
2026-06,LN2149,Consumer - Multimanfaat,1439.56,705.89,1,9.41,5.54,ACTIVE
2026-06,LN2151,Consumer - KPR Subsidi,1125.23,551.76,1,4.75,2.18,ACTIVE
2026-06,LN2152,Consumer - Multimanfaat,1182.67,579.93,1,9.44,4.56,ACTIVE
2026-06,LN2153,Commercial - Modal Kerja,1387.78,680.5,1,8.78,4.98,ACTIVE
2026-06,LN2154,Consumer - KPR Subsidi,1760.23,863.14,1,5.16,3.71,ACTIVE
2026-06,LN2155,Consumer - KPR Non Subsidi,1512.51,741.67,1,8.79,5.43,ACTIVE
2026-06,LN2156,Commercial - Modal Kerja,1020.53,500.42,1,9.36,3.9,ACTIVE
2026-06,LN2158,Commercial - Konstruksi,811.45,397.9,1,9.76,3.24,ACTIVE
2026-06,LN2159,Consumer - KPR Non Subsidi,622.87,305.43,1,8.63,2.2,ACTIVE
2026-06,LN2160,Consumer - Non KPR,1072.67,525.99,1,10.45,4.58,ACTIVE
2026-06,LN2161,Consumer - Multimanfaat,1220.17,598.32,1,9.89,4.93,ACTIVE
2026-06,LN2162,Consumer - Non KPR,1513.41,742.11,1,10.22,6.32,ACTIVE
2026-06,LN2163,Commercial - Modal Kerja,537.53,263.58,1,9.58,2.1,ACTIVE
2026-06,LN2165,Consumer - KPR Subsidi,1396.57,684.81,1,5.03,2.87,ACTIVE
2026-06,LN2166,Commercial - Investasi,912.44,447.42,2,8.29,3.09,ACTIVE
2026-06,LN2167,Commercial - Modal Kerja,1142.1,560.03,1,8.41,3.92,ACTIVE
2026-06,LN2169,Commercial - Konstruksi,2091.54,1025.54,2,10.04,8.58,ACTIVE
2026-06,LN2170,Consumer - KPR Non Subsidi,504.72,247.49,1,9.06,1.87,ACTIVE
2026-06,LN2175,Consumer - KPR Non Subsidi,1238.72,607.41,1,8.84,4.47,ACTIVE
2026-06,LN2176,Consumer - KPR Subsidi,1430.23,701.32,1,4.76,2.78,ACTIVE
2026-06,LN2177,Commercial - Investasi,1506.89,738.91,1,8.86,5.46,ACTIVE
2026-06,LN2179,Consumer - KPR Subsidi,959.85,470.67,1,4.65,1.82,ACTIVE
2026-06,LN2182,Consumer - Non KPR,891.27,437.04,1,10.16,3.7,ACTIVE
2026-06,LN2188,Consumer - Non KPR,1166.73,572.11,2,10.39,4.95,ACTIVE
2026-06,LN2190,Consumer - KPR Non Subsidi,1631.84,800.18,1,8.88,5.92,ACTIVE
2026-06,LN2193,Consumer - KPR Subsidi,530.87,260.31,1,4.79,1.04,ACTIVE
2026-06,LN2196,Commercial - Investasi,1179.39,578.32,1,8.36,4.03,ACTIVE
2026-06,LN2203,Commercial - Investasi,1207.8,592.25,1,8.68,4.28,ACTIVE
2026-06,LN2204,Consumer - KPR Subsidi,911.51,446.96,1,4.64,1.73,ACTIVE
2026-06,LN2205,Consumer - KPR Subsidi,1322.99,648.73,1,4.69,2.54,ACTIVE
2026-06,LN2206,Commercial - Konstruksi,1603.4,786.23,1,10.58,6.93,ACTIVE
2026-06,LN2207,Consumer - KPR Subsidi,962.68,472.05,2,4.54,1.79,ACTIVE
2026-06,LN2208,Commercial - Modal Kerja,531.1,260.43,1,9.42,2.04,ACTIVE
2026-06,LN2209,Consumer - Multimanfaat,1515.94,743.35,1,9.72,6.02,ACTIVE
2026-06,LN2210,Commercial - Investasi,520.49,255.22,2,8.28,1.76,ACTIVE
2026-06,LN2211,Consumer - KPR Non Subsidi,513.51,251.8,2,8.68,1.82,ACTIVE
2026-06,LN2212,Consumer - KPR Subsidi,669.11,328.1,1,4.45,1.22,ACTIVE
2026-06,LN2214,Commercial - Konstruksi,910.34,446.39,1,9.97,3.71,ACTIVE
2026-06,LN2215,Consumer - KPR Subsidi,1456.83,707.36,2,4.73,2.79,ACTIVE
2026-06,LN2218,Commercial - Modal Kerja,1497.36,734.24,2,8.71,5.33,ACTIVE
2026-06,LN2219,Consumer - Non KPR,1264.38,613.92,1,11.0,5.63,ACTIVE
2026-06,LN2221,Consumer - KPR Subsidi,1499.4,735.24,1,4.9,3.0,ACTIVE
2026-06,LN2222,Consumer - Multimanfaat,1120.31,549.35,3,9.7,4.44,ACTIVE
2026-06,LN2223,Consumer - KPR Non Subsidi,1264.91,620.25,2,9.07,4.69,ACTIVE
2026-06,LN2225,Commercial - Investasi,1519.78,745.23,2,8.9,5.53,ACTIVE
2026-06,LN2226,Commercial - Modal Kerja,540.02,264.8,1,8.57,1.89,ACTIVE
2026-06,LN2228,Consumer - KPR Subsidi,1612.75,790.82,1,4.79,3.16,ACTIVE
2026-06,LN2229,Consumer - Multimanfaat,1213.37,594.98,1,10.04,4.98,ACTIVE
2026-06,LN2230,Consumer - KPR Non Subsidi,936.97,459.45,1,9.03,3.46,ACTIVE
2026-06,LN2231,Consumer - KPR Subsidi,1020.59,500.45,1,5.18,2.16,ACTIVE
2026-06,LN2232,Commercial - Investasi,596.82,292.65,1,8.82,2.15,ACTIVE
2026-06,LN2233,Consumer - KPR Non Subsidi,1139.76,558.89,1,7.97,3.71,ACTIVE
2026-06,LN2235,Commercial - Modal Kerja,1444.53,708.33,1,8.97,5.29,ACTIVE
2026-06,LN2236,Consumer - Multimanfaat,971.34,476.3,1,9.36,3.72,ACTIVE
2026-06,LN2238,Consumer - KPR Subsidi,1042.03,510.96,1,4.57,1.95,ACTIVE
2026-06,LN2239,Consumer - KPR Subsidi,1615.05,784.18,1,5.55,3.63,ACTIVE
2026-06,LN2240,Commercial - Modal Kerja,1035.35,507.69,1,8.79,3.72,ACTIVE
2026-06,LN2242,Consumer - Non KPR,1145.06,561.48,1,10.13,4.74,ACTIVE
2026-06,LN2243,Consumer - KPR Non Subsidi,1540.56,755.42,1,8.05,5.07,ACTIVE
2026-07,LN2029,Consumer - KPR Non Subsidi,1782.56,917.78,2,8.63,6.6,ACTIVE
2026-07,LN2030,Commercial - Investasi,722.1,371.78,2,8.46,2.62,ACTIVE
2026-07,LN2032,Commercial - Investasi,1189.7,612.53,1,8.96,4.57,ACTIVE
2026-07,LN2033,Consumer - KPR Subsidi,1443.01,742.95,1,4.68,2.9,ACTIVE
2026-07,LN2035,Consumer - KPR Subsidi,1712.29,881.6,2,4.99,3.67,ACTIVE
2026-07,LN2037,Consumer - Multimanfaat,1543.95,794.92,1,9.04,5.99,ACTIVE
2026-07,LN2041,Consumer - KPR Non Subsidi,1652.31,850.72,1,8.45,5.99,ACTIVE
2026-07,LN2044,Commercial - Modal Kerja,377.2,194.21,1,8.85,1.43,ACTIVE
2026-07,LN2048,Commercial - Modal Kerja,433.25,223.06,2,8.41,1.56,ACTIVE
2026-07,LN2051,Consumer - KPR Subsidi,812.2,418.17,1,4.68,1.63,ACTIVE
2026-07,LN2055,Commercial - Konstruksi,1633.64,841.1,1,9.86,6.91,ACTIVE
2026-07,LN2063,Commercial - Investasi,742.11,382.09,3,8.41,2.68,ACTIVE
2026-07,LN2069,Consumer - KPR Non Subsidi,1731.13,891.3,1,8.46,6.28,ACTIVE
2026-07,LN2070,Consumer - KPR Non Subsidi,1642.02,845.42,1,8.55,6.02,ACTIVE
2026-07,LN2071,Consumer - Multimanfaat,508.27,261.69,1,9.91,2.16,ACTIVE
2026-07,LN2074,Commercial - Konstruksi,894.99,460.8,1,10.54,4.05,ACTIVE
2026-07,LN2075,Consumer - Non KPR,997.02,513.33,1,10.48,4.48,ACTIVE
2026-07,LN2076,Commercial - Investasi,1077.94,554.99,1,8.76,4.05,ACTIVE
2026-07,LN2077,Commercial - Modal Kerja,916.66,471.96,1,8.55,3.36,ACTIVE
2026-07,LN2082,Consumer - KPR Non Subsidi,512.48,263.86,1,8.97,1.97,ACTIVE
2026-07,LN2084,Consumer - KPR Subsidi,824.51,424.51,5,5.15,1.82,ACTIVE
2026-07,LN2085,Consumer - KPR Non Subsidi,1009.19,519.6,1,8.05,3.49,ACTIVE
2026-07,LN2089,Consumer - Non KPR,970.66,499.76,1,10.5,4.37,ACTIVE
2026-07,LN2092,Consumer - Multimanfaat,1211.81,623.92,2,8.96,4.66,ACTIVE
2026-07,LN2093,Consumer - KPR Non Subsidi,833.35,429.06,1,9.08,3.25,ACTIVE
2026-07,LN2098,Consumer - Non KPR,1100.34,566.53,1,10.66,5.03,ACTIVE
2026-07,LN2099,Consumer - KPR Subsidi,1266.73,652.19,1,5.58,3.03,ACTIVE
2026-07,LN2100,Consumer - KPR Non Subsidi,1107.37,570.15,1,8.64,4.11,ACTIVE
2026-07,LN2105,Commercial - Investasi,1136.57,585.18,1,8.24,4.02,ACTIVE
2026-07,LN2106,Consumer - KPR Subsidi,1531.5,788.51,1,5.04,3.31,ACTIVE
2026-07,LN2110,Consumer - KPR Subsidi,1774.75,913.75,1,4.49,3.42,ACTIVE
2026-07,LN2113,Consumer - KPR Non Subsidi,940.0,483.97,2,7.91,3.19,ACTIVE
2026-07,LN2123,Commercial - Investasi,1341.67,690.78,1,8.99,5.18,ACTIVE
2026-07,LN2125,Consumer - KPR Subsidi,1687.25,868.7,3,5.27,3.82,ACTIVE
2026-07,LN2128,Consumer - KPR Non Subsidi,621.43,319.95,1,8.92,2.38,ACTIVE
2026-07,LN2130,Consumer - KPR Non Subsidi,714.99,368.12,1,8.72,2.68,ACTIVE
2026-07,LN2131,Consumer - KPR Subsidi,916.19,471.71,1,5.17,2.03,ACTIVE
2026-07,LN2134,Consumer - KPR Subsidi,567.24,292.05,1,4.93,1.2,ACTIVE
2026-07,LN2135,Commercial - Modal Kerja,1402.25,721.97,1,8.97,5.4,ACTIVE
2026-07,LN2141,Consumer - Non KPR,1646.82,847.89,1,10.21,7.21,ACTIVE
2026-07,LN2142,Consumer - Multimanfaat,454.32,233.91,1,8.93,1.74,ACTIVE
2026-07,LN2144,Commercial - Investasi,1150.9,592.56,2,9.18,4.53,ACTIVE
2026-07,LN2145,Consumer - Multimanfaat,882.18,454.2,1,9.47,3.58,ACTIVE
2026-07,LN2148,Commercial - Modal Kerja,1388.78,715.03,1,9.34,5.57,ACTIVE
2026-07,LN2149,Consumer - Multimanfaat,1439.56,741.18,1,9.41,5.81,ACTIVE
2026-07,LN2151,Consumer - KPR Subsidi,1125.23,579.34,1,4.75,2.29,ACTIVE
2026-07,LN2152,Consumer - Multimanfaat,1182.67,608.91,1,9.44,4.79,ACTIVE
2026-07,LN2153,Commercial - Modal Kerja,1387.78,714.52,1,8.78,5.23,ACTIVE
2026-07,LN2154,Consumer - KPR Subsidi,1760.23,906.28,1,5.16,3.9,ACTIVE
2026-07,LN2156,Commercial - Modal Kerja,1020.53,525.43,1,9.36,4.1,ACTIVE
2026-07,LN2158,Commercial - Konstruksi,811.45,417.79,1,9.76,3.4,ACTIVE
2026-07,LN2159,Consumer - KPR Non Subsidi,622.87,320.69,1,8.63,2.31,ACTIVE
2026-07,LN2160,Consumer - Non KPR,1072.67,552.28,1,10.45,4.81,ACTIVE
2026-07,LN2161,Consumer - Multimanfaat,1220.17,628.22,1,9.89,5.18,ACTIVE
2026-07,LN2162,Consumer - Non KPR,1513.41,779.2,1,10.22,6.64,ACTIVE
2026-07,LN2163,Commercial - Modal Kerja,537.53,276.75,1,9.58,2.21,ACTIVE
2026-07,LN2165,Consumer - KPR Subsidi,1396.57,719.04,1,5.03,3.01,ACTIVE
2026-07,LN2166,Commercial - Investasi,912.44,469.78,2,8.29,3.25,ACTIVE
2026-07,LN2167,Commercial - Modal Kerja,1142.1,588.03,1,8.41,4.12,ACTIVE
2026-07,LN2169,Commercial - Konstruksi,2091.54,1076.88,2,10.04,9.01,ACTIVE
2026-07,LN2170,Consumer - KPR Non Subsidi,504.72,259.86,1,9.06,1.96,ACTIVE
2026-07,LN2175,Consumer - KPR Non Subsidi,1238.72,637.77,1,8.84,4.7,ACTIVE
2026-07,LN2176,Consumer - KPR Subsidi,1430.23,736.37,1,4.76,2.92,ACTIVE
2026-07,LN2177,Commercial - Investasi,1506.89,775.84,1,8.86,5.73,ACTIVE
2026-07,LN2179,Consumer - KPR Subsidi,959.85,494.19,1,4.65,1.91,ACTIVE
2026-07,LN2182,Consumer - Non KPR,891.27,458.88,1,10.16,3.89,ACTIVE
2026-07,LN2188,Consumer - Non KPR,1166.73,600.71,2,10.39,5.2,ACTIVE
2026-07,LN2190,Consumer - KPR Non Subsidi,1631.84,840.18,1,8.88,6.22,ACTIVE
2026-07,LN2193,Consumer - KPR Subsidi,530.87,273.33,1,4.79,1.09,ACTIVE
2026-07,LN2196,Commercial - Investasi,1179.39,607.23,1,8.36,4.23,ACTIVE
2026-07,LN2203,Commercial - Investasi,1207.8,621.85,1,8.68,4.5,ACTIVE
2026-07,LN2204,Consumer - KPR Subsidi,911.51,469.3,1,4.64,1.81,ACTIVE
2026-07,LN2205,Consumer - KPR Subsidi,1322.99,681.16,1,4.69,2.66,ACTIVE
2026-07,LN2206,Commercial - Konstruksi,1603.4,825.53,1,10.58,7.28,ACTIVE
2026-07,LN2207,Consumer - KPR Subsidi,962.68,495.65,2,4.54,1.88,ACTIVE
2026-07,LN2208,Commercial - Modal Kerja,531.1,273.44,1,9.42,2.15,ACTIVE
2026-07,LN2209,Consumer - Multimanfaat,1515.94,780.5,1,9.72,6.32,ACTIVE
2026-07,LN2210,Commercial - Investasi,520.49,267.98,2,8.28,1.85,ACTIVE
2026-07,LN2211,Consumer - KPR Non Subsidi,513.51,264.39,2,8.68,1.91,ACTIVE
2026-07,LN2212,Consumer - KPR Subsidi,669.11,344.5,1,4.45,1.28,ACTIVE
2026-07,LN2214,Commercial - Konstruksi,910.34,468.7,1,9.97,3.89,ACTIVE
2026-07,LN2215,Consumer - KPR Subsidi,1456.83,750.07,2,4.73,2.96,ACTIVE
2026-07,LN2218,Commercial - Modal Kerja,1497.36,770.94,2,8.71,5.6,ACTIVE
2026-07,LN2219,Consumer - Non KPR,1264.38,650.98,1,11.0,5.97,ACTIVE
2026-07,LN2221,Consumer - KPR Subsidi,1499.4,771.99,1,4.9,3.15,ACTIVE
2026-07,LN2222,Consumer - Multimanfaat,1120.31,576.81,3,9.7,4.66,ACTIVE
2026-07,LN2223,Consumer - KPR Non Subsidi,1264.91,651.26,2,9.07,4.92,ACTIVE
2026-07,LN2225,Commercial - Investasi,1519.78,782.48,2,8.9,5.8,ACTIVE
2026-07,LN2226,Commercial - Modal Kerja,540.02,278.04,1,8.57,1.99,ACTIVE
2026-07,LN2228,Consumer - KPR Subsidi,1612.75,830.35,1,4.79,3.31,ACTIVE
2026-07,LN2229,Consumer - Multimanfaat,1213.37,624.72,1,10.04,5.23,ACTIVE
2026-07,LN2230,Consumer - KPR Non Subsidi,936.97,482.41,1,9.03,3.63,ACTIVE
2026-07,LN2231,Consumer - KPR Subsidi,1020.59,525.47,1,5.18,2.27,ACTIVE
2026-07,LN2233,Consumer - KPR Non Subsidi,1139.76,586.82,1,7.97,3.9,ACTIVE
2026-07,LN2235,Commercial - Modal Kerja,1444.53,743.74,1,8.97,5.56,ACTIVE
2026-07,LN2236,Consumer - Multimanfaat,971.34,500.11,1,9.36,3.9,ACTIVE
2026-07,LN2238,Consumer - KPR Subsidi,1042.03,536.5,1,4.57,2.04,ACTIVE
2026-07,LN2239,Consumer - KPR Subsidi,1615.05,831.53,1,5.55,3.85,ACTIVE
2026-07,LN2240,Commercial - Modal Kerja,1035.35,533.06,1,8.79,3.9,ACTIVE
2026-07,LN2242,Consumer - Non KPR,1145.06,589.55,1,10.13,4.98,ACTIVE
2026-07,LN2243,Consumer - KPR Non Subsidi,1540.56,793.18,1,8.05,5.32,ACTIVE
2026-08,LN2029,Consumer - KPR Non Subsidi,1782.56,1007.25,2,8.63,7.24,ACTIVE
2026-08,LN2030,Commercial - Investasi,722.1,408.03,2,8.46,2.88,ACTIVE
2026-08,LN2032,Commercial - Investasi,1189.7,672.25,1,8.96,5.02,ACTIVE
2026-08,LN2033,Consumer - KPR Subsidi,1443.01,815.39,1,4.68,3.18,ACTIVE
2026-08,LN2035,Consumer - KPR Subsidi,1712.29,967.55,2,4.99,4.02,ACTIVE
2026-08,LN2037,Consumer - Multimanfaat,1543.95,872.42,1,9.04,6.57,ACTIVE
2026-08,LN2041,Consumer - KPR Non Subsidi,1652.31,933.65,1,8.45,6.57,ACTIVE
2026-08,LN2044,Commercial - Modal Kerja,377.2,213.14,1,8.85,1.57,ACTIVE
2026-08,LN2048,Commercial - Modal Kerja,433.25,244.81,2,8.41,1.72,ACTIVE
2026-08,LN2051,Consumer - KPR Subsidi,812.2,458.94,1,4.68,1.79,ACTIVE
2026-08,LN2055,Commercial - Konstruksi,1633.64,923.1,1,9.86,7.58,ACTIVE
2026-08,LN2063,Commercial - Investasi,742.11,419.34,3,8.41,2.94,ACTIVE
2026-08,LN2069,Consumer - KPR Non Subsidi,1731.13,978.19,1,8.46,6.9,ACTIVE
2026-08,LN2070,Consumer - KPR Non Subsidi,1642.02,927.84,1,8.55,6.61,ACTIVE
2026-08,LN2071,Consumer - Multimanfaat,508.27,287.2,1,9.91,2.37,ACTIVE
2026-08,LN2075,Consumer - Non KPR,997.02,563.38,1,10.48,4.92,ACTIVE
2026-08,LN2076,Commercial - Investasi,1077.94,609.1,1,8.76,4.45,ACTIVE
2026-08,LN2082,Consumer - KPR Non Subsidi,512.48,289.58,1,8.97,2.16,ACTIVE
2026-08,LN2084,Consumer - KPR Subsidi,824.51,465.9,5,5.15,2.0,ACTIVE
2026-08,LN2085,Consumer - KPR Non Subsidi,1009.19,570.25,1,8.05,3.83,ACTIVE
2026-08,LN2089,Consumer - Non KPR,970.66,548.48,1,10.5,4.8,ACTIVE
2026-08,LN2092,Consumer - Multimanfaat,1211.81,684.75,2,8.96,5.11,ACTIVE
2026-08,LN2093,Consumer - KPR Non Subsidi,833.35,470.89,1,9.08,3.56,ACTIVE
2026-08,LN2098,Consumer - Non KPR,1100.34,621.76,1,10.66,5.52,ACTIVE
2026-08,LN2099,Consumer - KPR Subsidi,1266.73,715.78,1,5.58,3.33,ACTIVE
2026-08,LN2100,Consumer - KPR Non Subsidi,1107.37,625.73,1,8.64,4.51,ACTIVE
2026-08,LN2105,Commercial - Investasi,1136.57,642.23,1,8.24,4.41,ACTIVE
2026-08,LN2110,Consumer - KPR Subsidi,1774.75,1002.84,1,4.49,3.75,ACTIVE
2026-08,LN2113,Consumer - KPR Non Subsidi,940.0,531.16,2,7.91,3.5,ACTIVE
2026-08,LN2123,Commercial - Investasi,1341.67,758.12,1,8.99,5.68,ACTIVE
2026-08,LN2125,Consumer - KPR Subsidi,1687.25,953.4,3,5.27,4.19,ACTIVE
2026-08,LN2128,Consumer - KPR Non Subsidi,621.43,351.15,1,8.92,2.61,ACTIVE
2026-08,LN2130,Consumer - KPR Non Subsidi,714.99,404.01,1,8.72,2.94,ACTIVE
2026-08,LN2131,Consumer - KPR Subsidi,916.19,517.7,1,5.17,2.23,ACTIVE
2026-08,LN2134,Consumer - KPR Subsidi,567.24,320.52,1,4.93,1.32,ACTIVE
2026-08,LN2135,Commercial - Modal Kerja,1402.25,792.36,1,8.97,5.92,ACTIVE
2026-08,LN2141,Consumer - Non KPR,1646.82,930.55,1,10.21,7.92,ACTIVE
2026-08,LN2142,Consumer - Multimanfaat,454.32,256.72,1,8.93,1.91,ACTIVE
2026-08,LN2144,Commercial - Investasi,1150.9,650.33,2,9.18,4.98,ACTIVE
2026-08,LN2145,Consumer - Multimanfaat,882.18,498.48,1,9.47,3.93,ACTIVE
2026-08,LN2148,Commercial - Modal Kerja,1388.78,784.74,1,9.34,6.11,ACTIVE
2026-08,LN2149,Consumer - Multimanfaat,1439.56,813.44,1,9.41,6.38,ACTIVE
2026-08,LN2152,Consumer - Multimanfaat,1182.67,668.28,1,9.44,5.26,ACTIVE
2026-08,LN2153,Commercial - Modal Kerja,1387.78,784.18,1,8.78,5.74,ACTIVE
2026-08,LN2154,Consumer - KPR Subsidi,1760.23,994.64,1,5.16,4.28,ACTIVE
2026-08,LN2156,Commercial - Modal Kerja,1020.53,576.66,1,9.36,4.5,ACTIVE
2026-08,LN2158,Commercial - Konstruksi,811.45,458.52,1,9.76,3.73,ACTIVE
2026-08,LN2159,Consumer - KPR Non Subsidi,622.87,351.96,1,8.63,2.53,ACTIVE
2026-08,LN2160,Consumer - Non KPR,1072.67,606.12,1,10.45,5.28,ACTIVE
2026-08,LN2161,Consumer - Multimanfaat,1220.17,689.47,1,9.89,5.68,ACTIVE
2026-08,LN2163,Commercial - Modal Kerja,537.53,303.74,1,9.58,2.42,ACTIVE
2026-08,LN2165,Consumer - KPR Subsidi,1396.57,789.15,1,5.03,3.31,ACTIVE
2026-08,LN2166,Commercial - Investasi,912.44,515.58,2,8.29,3.56,ACTIVE
2026-08,LN2167,Commercial - Modal Kerja,1142.1,645.35,1,8.41,4.52,ACTIVE
2026-08,LN2169,Commercial - Konstruksi,2091.54,1181.82,2,10.04,9.89,ACTIVE
2026-08,LN2170,Consumer - KPR Non Subsidi,504.72,285.2,1,9.06,2.15,ACTIVE
2026-08,LN2175,Consumer - KPR Non Subsidi,1238.72,699.95,1,8.84,5.16,ACTIVE
2026-08,LN2176,Consumer - KPR Subsidi,1430.23,808.17,1,4.76,3.21,ACTIVE
2026-08,LN2177,Commercial - Investasi,1506.89,851.48,1,8.86,6.29,ACTIVE
2026-08,LN2179,Consumer - KPR Subsidi,959.85,542.37,1,4.65,2.1,ACTIVE
2026-08,LN2182,Consumer - Non KPR,891.27,503.62,1,10.16,4.26,ACTIVE
2026-08,LN2188,Consumer - Non KPR,1166.73,659.27,2,10.39,5.71,ACTIVE
2026-08,LN2190,Consumer - KPR Non Subsidi,1631.84,922.09,1,8.88,6.82,ACTIVE
2026-08,LN2193,Consumer - KPR Subsidi,530.87,299.97,1,4.79,1.2,ACTIVE
2026-08,LN2196,Commercial - Investasi,1179.39,666.43,1,8.36,4.64,ACTIVE
2026-08,LN2204,Consumer - KPR Subsidi,911.51,515.06,1,4.64,1.99,ACTIVE
2026-08,LN2205,Consumer - KPR Subsidi,1322.99,747.57,1,4.69,2.92,ACTIVE
2026-08,LN2207,Consumer - KPR Subsidi,962.68,543.97,2,4.54,2.06,ACTIVE
2026-08,LN2208,Commercial - Modal Kerja,531.1,300.1,1,9.42,2.36,ACTIVE
2026-08,LN2209,Consumer - Multimanfaat,1515.94,856.6,1,9.72,6.94,ACTIVE
2026-08,LN2210,Commercial - Investasi,520.49,294.11,2,8.28,2.03,ACTIVE
2026-08,LN2211,Consumer - KPR Non Subsidi,513.51,290.16,2,8.68,2.1,ACTIVE
2026-08,LN2212,Consumer - KPR Subsidi,669.11,378.09,1,4.45,1.4,ACTIVE
2026-08,LN2214,Commercial - Konstruksi,910.34,514.4,1,9.97,4.27,ACTIVE
2026-08,LN2215,Consumer - KPR Subsidi,1456.83,823.2,2,4.73,3.24,ACTIVE
2026-08,LN2218,Commercial - Modal Kerja,1497.36,846.1,2,8.71,6.14,ACTIVE
2026-08,LN2219,Consumer - Non KPR,1264.38,714.45,1,11.0,6.55,ACTIVE
2026-08,LN2221,Consumer - KPR Subsidi,1499.4,847.25,1,4.9,3.46,ACTIVE
2026-08,LN2222,Consumer - Multimanfaat,1120.31,633.04,3,9.7,5.12,ACTIVE
2026-08,LN2223,Consumer - KPR Non Subsidi,1264.91,714.75,2,9.07,5.4,ACTIVE
2026-08,LN2225,Commercial - Investasi,1519.78,858.77,2,8.9,6.37,ACTIVE
2026-08,LN2226,Commercial - Modal Kerja,540.02,305.14,1,8.57,2.18,ACTIVE
2026-08,LN2228,Consumer - KPR Subsidi,1612.75,911.3,1,4.79,3.64,ACTIVE
2026-08,LN2229,Consumer - Multimanfaat,1213.37,685.63,1,10.04,5.74,ACTIVE
2026-08,LN2230,Consumer - KPR Non Subsidi,936.97,529.44,1,9.03,3.98,ACTIVE
2026-08,LN2231,Consumer - KPR Subsidi,1020.59,576.69,1,5.18,2.49,ACTIVE
2026-08,LN2233,Consumer - KPR Non Subsidi,1139.76,644.03,1,7.97,4.28,ACTIVE
2026-08,LN2235,Commercial - Modal Kerja,1444.53,816.25,1,8.97,6.1,ACTIVE
2026-08,LN2236,Consumer - Multimanfaat,971.34,548.87,1,9.36,4.28,ACTIVE
2026-08,LN2238,Consumer - KPR Subsidi,1042.03,588.81,1,4.57,2.24,ACTIVE
2026-08,LN2239,Consumer - KPR Subsidi,1615.05,912.6,1,5.55,4.22,ACTIVE
2026-08,LN2242,Consumer - Non KPR,1145.06,647.03,1,10.13,5.46,ACTIVE
2026-08,LN2243,Consumer - KPR Non Subsidi,1540.56,870.51,1,8.05,5.84,ACTIVE
2026-09,LN2029,Consumer - KPR Non Subsidi,1782.56,1116.18,2,8.63,8.03,ACTIVE
2026-09,LN2030,Commercial - Investasi,722.1,452.16,2,8.46,3.19,ACTIVE
2026-09,LN2032,Commercial - Investasi,1189.7,744.95,1,8.96,5.56,ACTIVE
2026-09,LN2033,Consumer - KPR Subsidi,1443.01,903.57,1,4.68,3.52,ACTIVE
2026-09,LN2035,Consumer - KPR Subsidi,1712.29,1072.18,2,4.99,4.46,ACTIVE
2026-09,LN2037,Consumer - Multimanfaat,1543.95,966.77,1,9.04,7.28,ACTIVE
2026-09,LN2044,Commercial - Modal Kerja,377.2,236.19,1,8.85,1.74,ACTIVE
2026-09,LN2048,Commercial - Modal Kerja,433.25,271.29,2,8.41,1.9,ACTIVE
2026-09,LN2051,Consumer - KPR Subsidi,812.2,508.57,1,4.68,1.98,ACTIVE
2026-09,LN2055,Commercial - Konstruksi,1633.64,1022.93,1,9.86,8.41,ACTIVE
2026-09,LN2063,Commercial - Investasi,742.11,464.69,3,8.41,3.26,ACTIVE
2026-09,LN2069,Consumer - KPR Non Subsidi,1731.13,1083.98,1,8.46,7.64,ACTIVE
2026-09,LN2070,Consumer - KPR Non Subsidi,1642.02,1028.18,1,8.55,7.33,ACTIVE
2026-09,LN2075,Consumer - Non KPR,997.02,624.3,1,10.48,5.45,ACTIVE
2026-09,LN2076,Commercial - Investasi,1077.94,674.97,1,8.76,4.93,ACTIVE
2026-09,LN2082,Consumer - KPR Non Subsidi,512.48,320.9,1,8.97,2.4,ACTIVE
2026-09,LN2084,Consumer - KPR Subsidi,824.51,516.28,5,5.15,2.22,ACTIVE
2026-09,LN2085,Consumer - KPR Non Subsidi,1009.19,631.92,1,8.05,4.24,ACTIVE
2026-09,LN2092,Consumer - Multimanfaat,1211.81,758.8,2,8.96,5.67,ACTIVE
2026-09,LN2093,Consumer - KPR Non Subsidi,833.35,521.82,1,9.08,3.95,ACTIVE
2026-09,LN2098,Consumer - Non KPR,1100.34,689.0,1,10.66,6.12,ACTIVE
2026-09,LN2100,Consumer - KPR Non Subsidi,1107.37,693.4,1,8.64,4.99,ACTIVE
2026-09,LN2105,Commercial - Investasi,1136.57,711.69,1,8.24,4.89,ACTIVE
2026-09,LN2110,Consumer - KPR Subsidi,1774.75,1111.29,1,4.49,4.16,ACTIVE
2026-09,LN2113,Consumer - KPR Non Subsidi,940.0,588.6,2,7.91,3.88,ACTIVE
2026-09,LN2123,Commercial - Investasi,1341.67,840.11,1,8.99,6.29,ACTIVE
2026-09,LN2125,Consumer - KPR Subsidi,1687.25,1056.5,3,5.27,4.64,ACTIVE
2026-09,LN2128,Consumer - KPR Non Subsidi,621.43,389.12,1,8.92,2.89,ACTIVE
2026-09,LN2130,Consumer - KPR Non Subsidi,714.99,447.7,1,8.72,3.25,ACTIVE
2026-09,LN2134,Consumer - KPR Subsidi,567.24,355.19,1,4.93,1.46,ACTIVE
2026-09,LN2135,Commercial - Modal Kerja,1402.25,878.05,1,8.97,6.56,ACTIVE
2026-09,LN2142,Consumer - Multimanfaat,454.32,284.48,1,8.93,2.12,ACTIVE
2026-09,LN2144,Commercial - Investasi,1150.9,720.66,2,9.18,5.51,ACTIVE
2026-09,LN2145,Consumer - Multimanfaat,882.18,552.39,1,9.47,4.36,ACTIVE
2026-09,LN2148,Commercial - Modal Kerja,1388.78,869.61,1,9.34,6.77,ACTIVE
2026-09,LN2149,Consumer - Multimanfaat,1439.56,901.41,1,9.41,7.07,ACTIVE
2026-09,LN2152,Consumer - Multimanfaat,1182.67,740.55,1,9.44,5.83,ACTIVE
2026-09,LN2153,Commercial - Modal Kerja,1387.78,868.98,1,8.78,6.36,ACTIVE
2026-09,LN2154,Consumer - KPR Subsidi,1760.23,1102.2,1,5.16,4.74,ACTIVE
2026-09,LN2156,Commercial - Modal Kerja,1020.53,639.02,1,9.36,4.98,ACTIVE
2026-09,LN2158,Commercial - Konstruksi,811.45,508.1,1,9.76,4.13,ACTIVE
2026-09,LN2159,Consumer - KPR Non Subsidi,622.87,390.02,1,8.63,2.8,ACTIVE
2026-09,LN2160,Consumer - Non KPR,1072.67,671.67,1,10.45,5.85,ACTIVE
2026-09,LN2161,Consumer - Multimanfaat,1220.17,764.03,1,9.89,6.3,ACTIVE
2026-09,LN2165,Consumer - KPR Subsidi,1396.57,874.49,1,5.03,3.67,ACTIVE
2026-09,LN2166,Commercial - Investasi,912.44,571.34,2,8.29,3.95,ACTIVE
2026-09,LN2167,Commercial - Modal Kerja,1142.1,715.15,1,8.41,5.01,ACTIVE
2026-09,LN2169,Commercial - Konstruksi,2091.54,1309.72,2,10.04,10.96,ACTIVE
2026-09,LN2170,Consumer - KPR Non Subsidi,504.72,316.04,1,9.06,2.39,ACTIVE
2026-09,LN2175,Consumer - KPR Non Subsidi,1238.72,775.65,1,8.84,5.71,ACTIVE
2026-09,LN2176,Consumer - KPR Subsidi,1430.23,895.57,1,4.76,3.55,ACTIVE
2026-09,LN2177,Commercial - Investasi,1506.89,943.57,1,8.86,6.97,ACTIVE
2026-09,LN2179,Consumer - KPR Subsidi,959.85,601.03,1,4.65,2.33,ACTIVE
2026-09,LN2182,Consumer - Non KPR,891.27,558.09,1,10.16,4.73,ACTIVE
2026-09,LN2188,Consumer - Non KPR,1166.73,730.57,2,10.39,6.33,ACTIVE
2026-09,LN2190,Consumer - KPR Non Subsidi,1631.84,1021.81,1,8.88,7.56,ACTIVE
2026-09,LN2193,Consumer - KPR Subsidi,530.87,332.41,1,4.79,1.33,ACTIVE
2026-09,LN2196,Commercial - Investasi,1179.39,738.5,1,8.36,5.14,ACTIVE
2026-09,LN2204,Consumer - KPR Subsidi,911.51,570.76,1,4.64,2.21,ACTIVE
2026-09,LN2205,Consumer - KPR Subsidi,1322.99,828.42,1,4.69,3.24,ACTIVE
2026-09,LN2207,Consumer - KPR Subsidi,962.68,602.8,2,4.54,2.28,ACTIVE
2026-09,LN2208,Commercial - Modal Kerja,531.1,332.56,1,9.42,2.61,ACTIVE
2026-09,LN2209,Consumer - Multimanfaat,1515.94,949.23,1,9.72,7.69,ACTIVE
2026-09,LN2210,Commercial - Investasi,520.49,325.91,2,8.28,2.25,ACTIVE
2026-09,LN2211,Consumer - KPR Non Subsidi,513.51,321.54,2,8.68,2.33,ACTIVE
2026-09,LN2212,Consumer - KPR Subsidi,669.11,418.98,1,4.45,1.55,ACTIVE
2026-09,LN2214,Commercial - Konstruksi,910.34,570.03,1,9.97,4.74,ACTIVE
2026-09,LN2215,Consumer - KPR Subsidi,1456.83,912.22,2,4.73,3.6,ACTIVE
2026-09,LN2218,Commercial - Modal Kerja,1497.36,937.6,2,8.71,6.81,ACTIVE
2026-09,LN2221,Consumer - KPR Subsidi,1499.4,938.88,1,4.9,3.83,ACTIVE
2026-09,LN2222,Consumer - Multimanfaat,1120.31,701.5,3,9.7,5.67,ACTIVE
2026-09,LN2223,Consumer - KPR Non Subsidi,1264.91,792.05,2,9.07,5.99,ACTIVE
2026-09,LN2225,Commercial - Investasi,1519.78,951.64,2,8.9,7.06,ACTIVE
2026-09,LN2226,Commercial - Modal Kerja,540.02,338.14,1,8.57,2.41,ACTIVE
2026-09,LN2228,Consumer - KPR Subsidi,1612.75,1009.85,1,4.79,4.03,ACTIVE
2026-09,LN2229,Consumer - Multimanfaat,1213.37,759.77,1,10.04,6.36,ACTIVE
2026-09,LN2230,Consumer - KPR Non Subsidi,936.97,586.7,1,9.03,4.41,ACTIVE
2026-09,LN2231,Consumer - KPR Subsidi,1020.59,639.06,1,5.18,2.76,ACTIVE
2026-09,LN2233,Consumer - KPR Non Subsidi,1139.76,713.68,1,7.97,4.74,ACTIVE
2026-09,LN2235,Commercial - Modal Kerja,1444.53,904.52,1,8.97,6.76,ACTIVE
2026-09,LN2236,Consumer - Multimanfaat,971.34,608.22,1,9.36,4.74,ACTIVE
2026-09,LN2238,Consumer - KPR Subsidi,1042.03,652.49,1,4.57,2.48,ACTIVE
2026-09,LN2239,Consumer - KPR Subsidi,1615.05,1011.29,1,5.55,4.68,ACTIVE
2026-09,LN2243,Consumer - KPR Non Subsidi,1540.56,964.65,1,8.05,6.47,ACTIVE
